global_id,timestamp,f1,f2,f3,f4,class_0,class_1
30,1,-0.757794,-0.127913,0.030719,0.038113,1,1
38,1,-0.775540,-0.144427,-0.023332,-0.020304,1,1
36,1,-0.754956,-0.113689,-0.058772,-0.046576,1,1
7,1,-0.787399,-0.069787,-0.242713,-0.198991,1,1
35,1,-0.792596,-0.161878,0.055344,0.018245,1,1
17,1,-0.913538,-0.102742,-0.191585,-0.200673,1,1
21,1,-0.721526,-0.103052,-0.028313,0.015002,1,1
6,1,-0.794084,-0.056291,-0.168254,-0.176115,1,1
16,1,-0.758086,-0.078995,-0.094998,-0.103737,1,1
29,1,-0.792448,-0.108576,0.047512,-0.055957,1,1
12,1,-0.780902,-0.047921,-0.133614,-0.160846,1,1
11,1,-0.843842,-0.047568,-0.195279,-0.097597,1,1
18,1,-0.733262,-0.079997,-0.201639,-0.212640,1,1
32,1,-0.776018,-0.232594,0.039397,-0.062647,0,1
26,1,-0.719840,-0.184010,-0.067953,0.042393,1,1
1,1,-0.758053,-0.076713,-0.056842,-0.147009,1,1
33,1,-0.767783,-0.228393,0.022541,-0.016764,1,1
39,1,-0.713135,-0.157297,0.030695,0.017276,1,1
19,1,-0.833343,-0.031818,-0.245847,-0.019888,1,1
24,1,-0.789286,-0.200230,0.022872,-0.090465,1,1
4,1,-0.816293,-0.132604,-0.115617,-0.182185,1,1
31,1,-0.806402,-0.172824,0.067986,-0.036454,1,1
14,1,-0.705919,-0.133856,-0.147301,-0.176281,1,1
28,1,-0.759757,-0.062722,0.055287,-0.001950,1,1
25,1,-0.733522,-0.083775,-0.022325,0.075799,1,1
37,1,-0.755792,-0.164718,0.084207,-0.077535,1,1
2,1,-0.837999,-0.117849,-0.199468,-0.117611,1,1
0,1,-0.812130,-0.114842,-0.156487,-0.176377,1,1
5,1,-0.831396,-0.051377,-0.144156,-0.108988,1,1
20,1,-0.752733,-0.258503,-0.011441,-0.056460,0,1
34,1,-0.695794,-0.128391,0.042866,-0.041046,1,1
23,1,-0.735325,-0.059652,0.054358,-0.024717,1,1
13,1,-0.790043,-0.129542,-0.136097,-0.091020,1,1
27,1,-0.737503,-0.239122,-0.032635,-0.152764,0,1
15,1,-0.721406,-0.187280,-0.138188,-0.111503,1,1
3,1,-0.735458,-0.035032,-0.087792,-0.236136,1,1
22,1,-0.697069,-0.098959,0.035134,0.003569,1,1
8,1,-0.722847,-0.123511,-0.104799,-0.108947,1,1
9,1,-0.887042,-0.125658,-0.041421,-0.066528,1,1
10,1,-0.720012,-0.105789,-0.130923,-0.122689,1,1
42,2,-0.649415,-0.058549,-0.222717,-0.112734,1,1
54,2,-0.855480,-0.094494,-0.267438,-0.100791,1,1
59,2,-0.763491,-0.094126,-0.163219,-0.117698,1,1
63,2,-0.701889,-0.146508,-0.036458,0.023987,1,1
55,2,-0.779732,-0.110353,-0.057395,-0.222746,1,1
65,2,-0.760033,-0.152179,0.006377,-0.025728,1,1
75,2,-0.725225,-0.023113,0.015304,0.083757,1,1
67,2,-0.824031,-0.170698,0.032861,-0.013357,1,1
71,2,-0.743433,-0.109880,-0.033503,-0.073324,1,1
52,2,-0.738501,-0.040615,-0.156562,-0.102642,1,1
64,2,-0.767016,-0.161613,0.040419,0.039246,1,1
56,2,-0.816686,-0.148669,-0.213191,-0.110393,1,1
78,2,-0.820700,-0.124549,0.049094,-0.119912,1,1
62,2,-0.784807,-0.136186,-0.059104,-0.035426,1,1
43,2,-0.724271,-0.024495,-0.127979,-0.126668,1,1
76,2,-0.857605,-0.154502,0.051426,-0.041066,1,1
46,2,-0.703551,-0.068581,-0.192619,-0.133274,1,1
48,2,-0.865344,0.070489,-0.176739,-0.154726,1,0
47,2,-0.765612,-0.045265,-0.115572,-0.140225,1,1
58,2,-0.723480,0.000839,-0.168713,-0.138402,1,0
40,2,-0.796580,-0.170398,-0.195457,-0.128866,1,1
41,2,-0.784435,-0.081051,-0.156173,-0.100380,1,1
74,2,-0.743420,-0.142679,0.008858,0.023955,1,1
72,2,-0.717352,-0.249408,-0.017086,-0.042482,0,1
73,2,-0.778623,-0.111539,-0.034678,-0.043062,1,1
50,2,-0.775831,-0.111182,-0.074094,-0.216680,1,1
61,2,-0.798910,-0.165400,-0.037319,-0.055346,1,1
79,2,-0.774171,-0.182048,0.027190,-0.017620,1,1
70,2,-0.847222,-0.127611,-0.017926,-0.063525,1,1
44,2,-0.697161,-0.082370,-0.178254,-0.181247,1,1
57,2,-0.795931,0.013900,-0.130803,-0.072305,1,0
77,2,-0.790187,-0.092122,0.108101,-0.069378,1,1
69,2,-0.684521,-0.126741,-0.038093,-0.073365,1,1
60,2,-0.751753,-0.159060,0.013695,-0.042908,1,1
45,2,-0.814626,-0.106829,-0.211250,-0.070394,1,1
66,2,-0.839813,-0.068446,0.032251,-0.100091,1,1
49,2,-0.825851,-0.007943,-0.162778,-0.149382,1,1
53,2,-0.662225,-0.146250,-0.191326,-0.085952,1,1
51,2,-0.750918,0.009315,-0.146759,-0.138562,1,0
68,2,-0.777932,-0.252774,-0.010015,-0.135351,0,1
98,3,-0.764706,-0.056952,-0.127269,-0.157813,1,1
102,3,-0.865555,-0.187641,-0.073336,-0.032099,1,1
106,3,-0.799757,-0.196769,0.008283,-0.039818,1,1
90,3,-0.787725,-0.043074,-0.128628,-0.123936,1,1
84,3,-0.748536,-0.095952,-0.228087,-0.029798,1,1
94,3,-0.779200,-0.143187,-0.182831,-0.142100,1,1
117,3,-0.812739,-0.140384,-0.032366,0.026306,1,1
101,3,-0.829664,-0.113515,0.062160,-0.057799,1,1
103,3,-0.710738,-0.166601,-0.031270,-0.047657,1,1
82,3,-0.719242,-0.071950,-0.112421,-0.187689,1,1
92,3,-0.766566,-0.078735,-0.196411,-0.183500,1,1
99,3,-0.722465,-0.070350,-0.221945,-0.219912,1,1
97,3,-0.732713,-0.032202,-0.155958,-0.069211,1,1
105,3,-0.759711,-0.222859,-0.060337,-0.060320,1,1
83,3,-0.739696,-0.165393,-0.176901,-0.199399,1,1
114,3,-0.665218,-0.179503,-0.025159,-0.033696,0,1
116,3,-0.761664,-0.223350,0.012609,-0.002248,1,1
111,3,-0.798375,-0.076195,-0.011320,-0.006865,1,1
80,3,-0.744797,-0.109340,-0.147004,-0.131830,1,1
85,3,-0.791457,0.007301,-0.112696,-0.192327,1,0
118,3,-0.866767,-0.068351,-0.023346,-0.053996,1,1
87,3,-0.756254,-0.191053,-0.150943,-0.125667,1,1
108,3,-0.816419,-0.084885,-0.039215,-0.091035,1,1
109,3,-0.790100,-0.178634,0.100465,0.014327,1,1
113,3,-0.858669,-0.136633,0.035842,-0.039015,1,1
86,3,-0.761955,-0.139549,-0.195078,-0.071834,1,1
115,3,-0.776154,-0.105431,0.018158,-0.010161,1,1
91,3,-0.752909,-0.064554,-0.122733,-0.167090,1,1
96,3,-0.765355,-0.062822,-0.168768,-0.199339,1,1
81,3,-0.794376,-0.052169,-0.166373,-0.180183,1,1
89,3,-0.702899,-0.095842,-0.100442,-0.109254,1,1
112,3,-0.840077,-0.173779,-0.071637,0.022820,1,1
100,3,-0.770431,-0.095854,-0.046266,-0.132189,1,1
119,3,-0.776076,-0.150235,0.084217,-0.046258,1,1
88,3,-0.682155,-0.036682,-0.127795,-0.118133,1,1
107,3,-0.719263,-0.191076,0.090314,-0.119641,1,1
95,3,-0.719476,-0.074586,-0.197979,-0.199639,1,1
104,3,-0.734823,-0.120540,-0.038666,-0.048701,1,1
93,3,-0.786584,-0.040947,-0.230353,-0.153230,1,1
110,3,-0.717827,-0.163635,0.070137,-0.056125,1,1
145,4,-0.775675,-0.037406,0.025371,-0.088220,1,1
129,4,-0.828377,-0.082041,-0.270237,-0.158329,1,1
150,4,-0.810537,-0.173460,0.013017,-0.034637,1,1
158,4,-0.811099,-0.139353,0.051047,-0.015132,1,1
126,4,-0.794551,-0.088000,-0.164803,-0.128606,1,1
124,4,-0.785693,-0.140587,-0.096967,-0.174507,1,1
157,4,-0.790923,-0.076397,0.072114,-0.140705,1,1
122,4,-0.808216,-0.053993,-0.162810,-0.165526,1,1
144,4,-0.786657,-0.209668,0.038756,0.083059,1,1
143,4,-0.662644,-0.127293,-0.003933,-0.138177,1,1
156,4,-0.834128,-0.149189,-0.028316,-0.071424,1,1
127,4,-0.698400,-0.112874,-0.103978,-0.145921,1,1
155,4,-0.751588,-0.215534,-0.050670,-0.037524,1,1
121,4,-0.800267,-0.094343,-0.117069,-0.191214,1,1
146,4,-0.759924,-0.192627,0.042879,0.050512,1,1
152,4,-0.764090,-0.127832,-0.024214,-0.025997,1,1
133,4,-0.749548,-0.067945,-0.149376,-0.159604,1,1
141,4,-0.825094,-0.156207,0.053253,-0.042983,1,1
132,4,-0.736987,-0.147934,-0.050843,-0.092037,1,1
125,4,-0.867842,-0.034393,-0.229805,-0.131836,1,0
137,4,-0.859338,-0.151305,-0.151106,-0.218600,1,1
123,4,-0.758192,-0.090239,-0.152691,-0.176821,1,1
134,4,-0.876725,-0.024213,-0.193258,-0.083151,1,0
149,4,-0.699316,-0.148633,0.052275,-0.098195,1,1
142,4,-0.729234,-0.157834,0.019425,-0.069413,1,1
131,4,-0.728294,0.017381,-0.106845,-0.148319,1,0
120,4,-0.782408,-0.086519,-0.155702,-0.087998,1,1
130,4,-0.664586,-0.006372,-0.281361,-0.149965,1,0
128,4,-0.793076,-0.111177,-0.283975,-0.134706,1,1
135,4,-0.786359,0.015275,-0.171462,-0.147381,1,0
154,4,-0.833476,-0.220425,0.077187,-0.116155,0,1
153,4,-0.693590,-0.199384,-0.089509,-0.078061,0,1
140,4,-0.784953,-0.138284,0.029790,-0.114343,1,1
147,4,-0.694432,-0.158810,-0.088803,-0.055218,1,1
151,4,-0.753271,-0.195278,0.002607,-0.071696,1,1
148,4,-0.731059,-0.202458,-0.031846,0.040461,1,1
136,4,-0.858785,-0.073763,-0.137045,-0.150636,1,1
139,4,-0.800704,-0.082062,-0.153070,-0.222099,1,1
138,4,-0.847462,-0.030982,-0.212871,-0.162362,1,1
159,4,-0.741416,-0.089876,0.028427,-0.049150,1,1
197,5,-0.716606,-0.126372,-0.035042,-0.106228,1,1
169,5,-0.907035,-0.023534,-0.189188,-0.154665,1,0
183,5,-0.744155,-0.102090,0.042522,-0.076881,1,1
199,5,-0.664449,-0.137885,0.070153,0.047907,1,1
161,5,-0.781048,-0.142589,-0.163406,-0.166513,1,1
191,5,-0.768321,-0.238159,0.014582,0.002078,0,1
162,5,-0.914432,-0.189657,-0.236886,-0.218927,1,1
176,5,-0.819890,-0.187003,-0.187068,-0.080662,1,1
171,5,-0.785904,-0.085799,-0.067019,-0.127466,1,1
181,5,-0.684424,-0.151986,0.053354,-0.169572,1,1
195,5,-0.720918,-0.166415,0.031880,-0.020035,1,1
173,5,-0.729943,-0.012743,-0.234324,-0.200408,1,0
180,5,-0.799369,-0.243692,0.012579,-0.075884,0,1
166,5,-0.772920,-0.022648,-0.208313,-0.144748,1,1
186,5,-0.794671,-0.172340,0.008890,-0.043924,1,1
194,5,-0.798453,-0.169265,-0.022765,0.008418,1,1
165,5,-0.762508,-0.172940,-0.159194,-0.249041,1,1
164,5,-0.853115,-0.104561,-0.235301,-0.125765,1,1
188,5,-0.795266,-0.194334,0.005842,-0.070675,1,1
192,5,-0.720580,-0.215295,0.062613,-0.041637,0,1
182,5,-0.846527,-0.171562,0.033304,-0.179034,1,1
160,5,-0.735905,-0.116253,-0.163393,-0.101504,1,1
168,5,-0.825200,-0.097263,-0.120515,-0.172772,1,1
177,5,-0.817391,0.006210,-0.176854,-0.109283,1,0
185,5,-0.921682,-0.153434,-0.005267,-0.126834,0,1
172,5,-0.816387,-0.038501,-0.117845,-0.159081,1,1
179,5,-0.824444,-0.016352,-0.163549,-0.171723,1,0
178,5,-0.805181,-0.116793,-0.151694,-0.203215,1,1
190,5,-0.722169,-0.097629,-0.006465,-0.038174,1,1
184,5,-0.780865,-0.126101,-0.001181,-0.084554,1,1
198,5,-0.735859,-0.118893,-0.088759,-0.104039,1,1
196,5,-0.804105,-0.165299,0.059610,-0.058024,1,1
163,5,-0.711911,-0.093149,-0.188733,-0.124455,1,1
170,5,-0.793811,-0.000130,-0.221152,-0.116104,1,0
174,5,-0.856434,-0.011791,-0.169389,-0.165286,1,0
187,5,-0.784786,-0.209909,0.100382,-0.091339,1,1
167,5,-0.878402,0.027049,-0.140199,-0.231105,1,0
193,5,-0.690121,-0.255048,-0.003772,-0.051493,0,1
189,5,-0.829375,-0.166588,-0.004295,-0.090761,1,1
175,5,-0.850870,-0.086968,-0.134226,-0.227382,1,1
217,6,-0.775611,-0.090214,-0.159940,-0.124868,1,1
207,6,-0.770535,-0.094422,-0.117913,-0.141914,1,1
236,6,-0.758402,-0.203533,0.075716,-0.052247,1,1
219,6,-0.887787,-0.172348,-0.200566,-0.109866,1,1
221,6,-0.767918,-0.160334,-0.004195,-0.149743,1,1
232,6,-0.762356,-0.206337,-0.056144,-0.017068,1,1
239,6,-0.768109,-0.213584,0.125882,-0.053944,1,1
225,6,-0.746755,-0.115272,0.062194,-0.030321,1,1
214,6,-0.749882,-0.156273,-0.180841,-0.128448,1,1
238,6,-0.716764,-0.155193,0.054846,-0.086373,1,1
220,6,-0.792296,-0.177854,-0.070517,-0.019982,1,1
212,6,-0.714817,-0.098254,-0.114828,-0.117459,1,1
233,6,-0.677526,-0.189177,-0.007265,0.032438,0,1
230,6,-0.806065,-0.154261,-0.036971,-0.089854,1,1
208,6,-0.720508,-0.058722,-0.218064,-0.145700,1,1
229,6,-0.698432,-0.144238,0.018173,-0.028985,1,1
213,6,-0.896221,-0.101677,-0.126670,-0.165231,1,1
222,6,-0.700082,-0.202606,0.118370,-0.155543,0,1
231,6,-0.746741,-0.178879,0.089395,-0.067377,1,1
202,6,-0.702648,-0.051872,-0.230224,-0.128680,1,1
223,6,-0.750000,-0.176854,0.081662,-0.032174,1,1
215,6,-0.814659,-0.050445,-0.152226,-0.220471,1,1
209,6,-0.768873,-0.115065,-0.132386,-0.198283,1,1
205,6,-0.794882,-0.053103,-0.235991,-0.151208,1,1
235,6,-0.821772,-0.184743,0.007514,-0.036557,1,1
206,6,-0.712635,-0.021420,-0.130104,-0.187908,1,0
211,6,-0.845679,-0.060796,-0.025116,-0.055194,1,1
227,6,-0.761838,-0.094081,0.084876,0.000907,1,1
201,6,-0.710960,-0.005851,-0.134748,-0.134082,1,0
234,6,-0.699513,-0.189047,0.028892,-0.019002,1,1
203,6,-0.748907,0.006296,-0.134543,-0.186361,1,0
218,6,-0.796784,-0.108204,-0.109384,-0.192564,1,1
216,6,-0.806874,-0.040422,-0.070830,-0.121768,1,1
210,6,-0.817584,-0.070280,-0.191368,-0.168321,1,1
226,6,-0.718835,-0.122761,-0.059904,-0.027042,1,1
228,6,-0.740235,-0.194181,-0.046979,-0.100119,1,1
204,6,-0.800065,-0.065614,-0.154896,-0.108524,1,1
237,6,-0.738430,-0.241378,0.062399,-0.067699,0,1
224,6,-0.766697,-0.107532,0.105388,-0.076088,1,1
200,6,-0.864196,-0.022999,-0.144682,-0.055521,1,0
261,7,-0.759744,-0.104392,-0.041449,-0.010998,1,1
278,7,-0.734169,-0.138885,0.005272,-0.007943,1,1
244,7,-0.794926,-0.107456,-0.265605,-0.200518,1,1
262,7,-0.732485,-0.205244,0.001624,-0.016280,1,1
249,7,-0.798554,-0.080105,-0.169788,-0.166188,1,1
241,7,-0.754523,0.018422,-0.262102,-0.131878,1,0
243,7,-0.786941,-0.022812,-0.140447,-0.133603,1,0
263,7,-0.756212,-0.225313,0.008359,-0.049980,0,1
279,7,-0.782192,-0.126934,-0.009359,-0.051716,1,1
277,7,-0.810740,-0.141443,0.014537,-0.072093,1,1
240,7,-0.868836,-0.113586,-0.161458,-0.201029,1,1
269,7,-0.804970,-0.136946,0.022635,-0.018477,1,1
251,7,-0.739223,-0.106038,-0.163285,-0.107332,1,1
250,7,-0.775444,-0.021948,-0.201441,-0.219156,1,0
252,7,-0.793762,-0.032439,-0.198574,-0.129607,1,1
242,7,-0.779519,-0.166090,-0.154011,-0.200092,1,1
247,7,-0.816326,-0.134208,-0.177903,-0.121700,1,1
257,7,-0.773204,0.029080,-0.222059,-0.124345,1,0
256,7,-0.818337,-0.104074,-0.141694,-0.028249,1,1
258,7,-0.861062,-0.064588,-0.128968,-0.170593,1,1
268,7,-0.790899,-0.289007,0.031422,-0.023840,0,1
273,7,-0.752449,-0.132651,0.104050,-0.048097,1,1
255,7,-0.758326,-0.009604,-0.182814,-0.173363,1,0
270,7,-0.765098,-0.104680,-0.040492,-0.064980,1,1
272,7,-0.705081,-0.179050,-0.025983,-0.102954,1,1
253,7,-0.728977,-0.180501,-0.157748,-0.212055,1,1
275,7,-0.792782,-0.122170,0.068499,-0.124118,1,1
246,7,-0.857131,-0.037635,-0.063394,-0.105940,1,0
276,7,-0.735149,-0.160054,0.039802,-0.047864,1,1
274,7,-0.815149,-0.165674,0.045786,-0.101325,1,1
248,7,-0.822744,0.001648,-0.171173,-0.138677,1,0
266,7,-0.742496,-0.216287,0.102109,-0.027787,0,1
265,7,-0.731757,-0.107731,0.007242,-0.143445,1,1
259,7,-0.805632,-0.088325,-0.101481,-0.118745,1,1
271,7,-0.774648,-0.202034,0.061417,-0.105352,1,1
267,7,-0.738335,-0.255409,-0.048516,-0.050869,0,1
260,7,-0.869288,-0.166562,0.036413,0.021212,1,1
245,7,-0.758828,-0.072445,-0.147553,-0.178165,1,1
254,7,-0.805599,0.063381,-0.273977,-0.176613,1,0
264,7,-0.805988,-0.110615,-0.002198,-0.078353,1,1
317,8,-0.716401,-0.176244,0.133999,0.000674,1,1
283,8,-0.767029,-0.161551,-0.196251,-0.180816,1,1
297,8,-0.756327,-0.005509,-0.102151,-0.185578,1,0
309,8,-0.783938,-0.219370,0.058118,-0.094672,0,1
298,8,-0.775933,-0.049694,-0.109384,-0.216331,1,1
319,8,-0.722272,-0.155347,0.040060,-0.082357,1,1
294,8,-0.836063,-0.049992,-0.118610,-0.147293,1,0
306,8,-0.757990,-0.163045,0.100245,-0.016601,1,1
295,8,-0.837505,-0.066757,-0.200608,-0.221086,1,1
284,8,-0.743055,-0.114320,-0.192385,-0.140443,1,1
292,8,-0.822294,-0.061447,-0.228133,-0.119376,1,1
310,8,-0.713661,-0.195485,0.022580,-0.007397,1,1
318,8,-0.831855,-0.184618,-0.053862,-0.047334,1,1
285,8,-0.809832,-0.021593,-0.160395,-0.190235,1,0
291,8,-0.798543,-0.151757,-0.149767,-0.093124,1,1
302,8,-0.821298,-0.236867,0.051988,-0.008759,0,1
296,8,-0.859203,-0.077032,-0.143799,-0.181581,1,1
301,8,-0.804554,-0.204271,0.025897,-0.061232,1,1
316,8,-0.770887,-0.274445,0.087950,-0.122398,0,1
308,8,-0.720238,-0.229718,0.092515,-0.062424,0,1
290,8,-0.822240,-0.098270,-0.169167,-0.160167,1,1
289,8,-0.785344,-0.023757,-0.159790,-0.256820,1,0
281,8,-0.801269,-0.058076,-0.126070,-0.142269,1,1
299,8,-0.701772,-0.067597,-0.129384,-0.123430,1,1
307,8,-0.724981,-0.160392,-0.011507,-0.066774,1,1
314,8,-0.842742,-0.130892,0.030159,-0.071780,1,1
315,8,-0.744997,-0.169841,0.029135,-0.030049,1,1
304,8,-0.697201,-0.162285,-0.019719,-0.028008,1,1
288,8,-0.784749,-0.170464,-0.243277,-0.209533,1,1
282,8,-0.763159,-0.132984,-0.185256,-0.110560,1,1
300,8,-0.713960,-0.267464,-0.040338,-0.030792,0,1
311,8,-0.682840,-0.244983,0.057316,-0.059685,0,1
280,8,-0.813152,-0.084616,-0.162883,-0.248509,1,1
312,8,-0.764519,-0.151499,-0.025758,-0.005989,1,1
313,8,-0.783244,-0.151123,0.024915,-0.031407,1,1
303,8,-0.836722,-0.160803,0.026016,-0.038373,1,1
293,8,-0.852528,-0.093617,-0.124579,-0.202327,1,1
305,8,-0.729813,-0.233513,-0.027997,-0.128397,0,1
287,8,-0.882072,-0.040522,-0.127143,-0.265505,1,0
286,8,-0.720854,-0.166296,-0.202337,-0.188978,1,1
352,9,-0.767673,-0.145518,0.037358,-0.050844,1,1
331,9,-0.780847,-0.052526,-0.157492,-0.117254,1,1
345,9,-0.794839,-0.158558,0.065822,-0.061061,1,1
342,9,-0.770083,-0.113472,0.024152,-0.051464,1,1
332,9,-0.692298,-0.053509,-0.125752,-0.203015,1,0
325,9,-0.833108,-0.158349,-0.232920,-0.206779,1,1
348,9,-0.761492,-0.146443,0.102304,-0.069848,1,1
336,9,-0.785952,-0.110325,-0.256529,-0.166180,1,1
341,9,-0.690255,-0.212368,0.001188,-0.063253,0,1
329,9,-0.832550,-0.120230,-0.131444,-0.030193,1,1
351,9,-0.779788,-0.217776,-0.034930,-0.051334,1,1
350,9,-0.768564,-0.237248,-0.033789,-0.007894,0,1
357,9,-0.843336,-0.151508,0.049537,-0.045465,1,1
330,9,-0.731261,-0.053433,-0.205816,-0.186544,1,1
346,9,-0.678729,-0.183647,0.149292,0.020851,0,1
320,9,-0.687186,-0.042739,-0.181132,-0.062585,1,0
321,9,-0.736081,-0.185061,-0.094379,-0.097726,1,1
322,9,-0.783772,-0.041900,-0.176163,-0.127424,1,1
338,9,-0.805061,-0.079693,-0.180017,-0.208902,1,1
344,9,-0.791535,-0.138235,0.051840,-0.164802,1,1
355,9,-0.670192,-0.232453,0.044358,-0.028603,0,1
333,9,-0.752453,-0.051172,-0.212184,-0.129939,1,1
326,9,-0.729638,-0.013041,-0.182581,-0.099236,1,0
347,9,-0.767983,-0.278813,0.003270,0.002130,0,1
343,9,-0.771536,-0.222447,0.051859,-0.025857,0,1
340,9,-0.728220,-0.118850,-0.049693,-0.133686,1,1
349,9,-0.757350,-0.165413,0.065174,-0.052925,1,1
353,9,-0.723725,-0.136206,0.067146,-0.087760,1,1
327,9,-0.769596,-0.139593,-0.165419,-0.168525,1,1
328,9,-0.898932,-0.085965,-0.145849,-0.216712,1,0
334,9,-0.744059,-0.022000,-0.189480,-0.143366,1,0
335,9,-0.756460,0.021987,-0.096691,-0.133087,1,0
337,9,-0.779521,-0.111520,-0.182548,-0.131137,1,1
323,9,-0.728201,-0.151649,-0.161860,-0.124372,1,1
359,9,-0.793451,-0.210091,0.038999,-0.066547,1,1
339,9,-0.794720,-0.033211,-0.245475,-0.199637,1,0
356,9,-0.751503,-0.183262,0.092205,-0.021283,1,1
324,9,-0.783826,-0.040509,-0.120688,-0.200915,1,0
354,9,-0.788521,-0.276036,0.034128,-0.094129,0,1
358,9,-0.784144,-0.164383,0.052548,-0.134927,1,1
371,10,-0.903363,-0.064905,-0.103423,-0.173968,1,0
387,10,-0.768911,-0.197289,0.045336,-0.045390,1,1
396,10,-0.749905,-0.272276,0.075151,-0.043143,0,1
399,10,-0.767319,-0.153984,-0.056838,-0.047099,1,1
389,10,-0.811143,-0.160147,0.039261,-0.077892,1,1
374,10,-0.801976,-0.129734,-0.258005,-0.185588,1,1
392,10,-0.808689,-0.181235,-0.079622,0.043672,1,1
368,10,-0.687857,-0.079268,-0.268134,-0.121328,1,1
363,10,-0.816111,-0.018703,-0.168607,-0.198365,1,0
370,10,-0.816274,-0.040419,-0.079407,-0.003966,1,0
382,10,-0.798581,-0.239752,-0.030879,-0.041249,0,1
386,10,-0.717997,-0.165048,0.102934,0.073851,1,1
384,10,-0.814496,-0.154748,-0.015929,-0.175987,1,1
383,10,-0.813158,-0.209248,0.129991,-0.063209,1,1
379,10,-0.805277,-0.045057,-0.276827,-0.192151,1,0
361,10,-0.888348,-0.036059,-0.120367,-0.230837,1,0
380,10,-0.736726,-0.211597,-0.051463,0.018075,0,1
373,10,-0.759553,-0.036723,-0.141364,-0.128992,1,0
391,10,-0.846150,-0.151450,-0.022953,-0.058191,1,1
394,10,-0.776572,-0.194528,-0.007052,-0.023352,1,1
362,10,-0.859755,0.041112,-0.200630,-0.174399,1,0
366,10,-0.851283,0.043078,-0.183388,-0.136566,1,0
381,10,-0.760583,-0.164086,0.039430,-0.048179,1,1
385,10,-0.745850,-0.140627,0.116022,-0.049091,1,1
372,10,-0.756153,-0.009671,-0.142457,-0.128070,1,0
388,10,-0.804938,-0.128323,0.061135,-0.074613,1,1
377,10,-0.770833,-0.181148,-0.148813,-0.150745,1,1
390,10,-0.693622,-0.155641,0.054890,-0.092238,1,1
397,10,-0.798039,-0.265067,0.027470,-0.027240,0,1
378,10,-0.709435,-0.014555,-0.172474,-0.129216,1,0
367,10,-0.783715,-0.152702,-0.142683,-0.092451,1,1
376,10,-0.844593,-0.062056,-0.150444,-0.080445,1,0
369,10,-0.759646,-0.097697,-0.142980,-0.161424,1,1
360,10,-0.778513,-0.062123,-0.146620,-0.059736,1,1
375,10,-0.761967,-0.009230,-0.138435,-0.171551,1,0
364,10,-0.672056,-0.040455,-0.158290,-0.122145,1,0
398,10,-0.799892,-0.205494,0.119003,-0.198870,1,1
395,10,-0.814096,-0.212241,-0.038245,-0.136235,1,1
365,10,-0.748091,-0.000480,-0.118002,-0.139683,1,0
393,10,-0.781202,-0.227731,0.036607,-0.040293,0,1
403,11,-0.804789,-0.095359,-0.226450,-0.233572,1,1
435,11,-0.702909,-0.167115,0.001321,-0.005097,1,1
416,11,-0.883174,-0.063012,-0.090594,-0.095703,1,0
421,11,-0.884198,-0.150056,-0.079997,-0.005805,1,1
429,11,-0.709410,-0.182468,-0.011477,-0.001278,1,1
411,11,-0.721908,-0.069146,-0.150273,-0.146461,1,1
407,11,-0.773472,-0.087021,-0.156180,-0.106149,1,1
428,11,-0.864470,-0.229925,0.062530,-0.062686,0,1
439,11,-0.798521,-0.222516,-0.032978,-0.000882,0,1
423,11,-0.775688,-0.205414,0.051713,-0.014203,1,1
438,11,-0.750204,-0.226960,-0.046437,-0.096403,0,1
419,11,-0.840122,-0.004171,-0.128188,-0.182412,1,0
420,11,-0.794500,-0.196042,-0.085599,-0.018267,1,1
413,11,-0.832684,0.018563,-0.223669,-0.098119,1,0
408,11,-0.811244,-0.028810,-0.173813,-0.167969,1,0
400,11,-0.820134,-0.058842,-0.114916,-0.158389,1,0
414,11,-0.776112,-0.169643,-0.206326,-0.193040,1,1
415,11,-0.764385,-0.055084,-0.158769,-0.191625,1,0
434,11,-0.866314,-0.252630,0.026295,-0.004338,0,1
431,11,-0.781283,-0.220208,-0.055313,-0.031505,0,1
406,11,-0.822121,-0.045785,-0.092923,-0.181977,1,0
402,11,-0.799241,-0.085013,-0.144272,-0.222426,1,1
418,11,-0.652798,-0.114920,-0.143993,-0.084364,1,1
401,11,-0.739625,-0.006416,-0.142935,-0.141027,1,0
404,11,-0.771732,-0.012619,-0.124405,-0.128250,1,0
437,11,-0.874084,-0.206873,-0.024303,-0.092506,0,1
436,11,-0.743120,-0.157071,-0.021487,0.048693,1,1
425,11,-0.725223,-0.146558,0.007416,-0.064898,1,1
426,11,-0.755501,-0.195513,0.008428,-0.018786,1,1
433,11,-0.817981,-0.232134,-0.038976,-0.019230,0,1
432,11,-0.725725,-0.264896,-0.070976,0.108032,0,1
422,11,-0.781528,-0.107189,0.011389,0.094677,1,1
417,11,-0.763080,-0.042465,-0.173755,-0.063755,1,0
424,11,-0.779837,-0.148112,0.033228,-0.004066,1,1
410,11,-0.738673,-0.026166,-0.153976,-0.098796,1,0
412,11,-0.796384,-0.068237,-0.138970,-0.175239,1,1
427,11,-0.735006,-0.221315,0.031816,-0.018613,0,1
405,11,-0.871764,-0.101223,-0.184643,-0.144645,1,0
430,11,-0.784635,-0.211161,-0.039589,0.062185,1,1
409,11,-0.716314,-0.064419,-0.184444,-0.203325,1,0
461,12,-0.694585,-0.173181,-0.023741,0.046269,1,1
460,12,-0.800712,-0.170277,-0.044829,0.044871,1,1
442,12,-0.681022,-0.093076,-0.166791,-0.144529,1,1
478,12,-0.682346,-0.127390,-0.030007,0.018694,1,1
473,12,-0.786924,-0.286915,0.009105,-0.042594,0,1
450,12,-0.844290,-0.123375,-0.187434,-0.197013,1,1
449,12,-0.790149,-0.044351,-0.179987,-0.132055,1,0
452,12,-0.696525,-0.128424,-0.081234,-0.166004,1,1
454,12,-0.718612,-0.090113,-0.207902,-0.119564,1,1
468,12,-0.807359,-0.157863,-0.016916,-0.053073,1,1
459,12,-0.763926,-0.042844,-0.221203,-0.205649,1,0
446,12,-0.795859,-0.051738,-0.174071,-0.084074,1,0
467,12,-0.699571,-0.234560,-0.032635,-0.083700,0,1
463,12,-0.772528,-0.237850,-0.042494,-0.016235,0,1
477,12,-0.710257,-0.116417,0.035382,0.052608,1,1
479,12,-0.711928,-0.189640,-0.011843,-0.065992,1,1
451,12,-0.715159,-0.090316,-0.256632,-0.186383,1,1
469,12,-0.757768,-0.256411,-0.006465,-0.032104,0,1
462,12,-0.738801,-0.235961,0.003088,-0.062423,0,1
476,12,-0.827505,-0.158958,-0.083658,0.033550,1,1
464,12,-0.789572,-0.168854,0.049551,-0.057569,1,1
471,12,-0.832584,-0.224114,-0.014973,0.054212,0,1
475,12,-0.736123,-0.229770,-0.092416,-0.027661,0,1
456,12,-0.739538,-0.045825,-0.165486,-0.228592,1,0
440,12,-0.777387,-0.065334,-0.187832,-0.057782,1,0
445,12,-0.754660,-0.105351,-0.188811,-0.183472,1,1
444,12,-0.795611,-0.033918,-0.165071,-0.097154,1,0
457,12,-0.742220,-0.063329,-0.110246,-0.171027,1,0
443,12,-0.760688,-0.093313,-0.245789,-0.161120,1,1
448,12,-0.733932,-0.028275,-0.182790,-0.203656,1,0
466,12,-0.732703,-0.214278,-0.039644,-0.016635,0,1
470,12,-0.720665,-0.229608,-0.123504,0.059080,0,1
455,12,-0.749632,-0.059916,-0.152254,-0.102159,1,0
474,12,-0.768381,-0.151341,-0.047832,0.036355,1,1
458,12,-0.786980,-0.030510,-0.132516,-0.090585,1,0
441,12,-0.738549,-0.052776,-0.266832,-0.149034,1,0
472,12,-0.835329,-0.226562,-0.008306,0.037557,0,1
447,12,-0.750126,-0.023384,-0.211063,-0.182253,1,0
453,12,-0.758080,-0.071149,-0.126481,-0.191392,1,1
465,12,-0.811306,-0.258013,-0.017426,0.015657,0,1
494,13,-0.829646,0.043981,-0.220183,-0.200027,1,0
514,13,-0.853879,-0.128819,-0.023934,0.086066,1,1
502,13,-0.745902,-0.272798,0.040204,0.131103,0,1
507,13,-0.731184,-0.197167,-0.014181,0.057426,1,1
499,13,-0.776968,-0.035113,-0.086280,-0.040901,1,0
490,13,-0.835515,-0.092229,-0.146280,-0.155918,1,1
506,13,-0.789132,-0.229607,0.009291,0.099751,0,1
482,13,-0.790842,-0.050885,-0.137375,-0.067629,1,0
509,13,-0.765769,-0.203078,0.013614,0.077309,1,1
491,13,-0.739374,0.019399,-0.203814,-0.091842,1,0
501,13,-0.822745,-0.222777,-0.033091,0.092620,0,1
504,13,-0.850040,-0.209679,-0.002615,0.142886,0,1
487,13,-0.781781,-0.066363,-0.156327,-0.201006,1,0
516,13,-0.780003,-0.173004,0.029581,0.020604,1,1
519,13,-0.746205,-0.215119,0.047530,0.050241,0,1
510,13,-0.848398,-0.199567,0.000438,0.010580,0,1
497,13,-0.844965,-0.041229,-0.131642,-0.190627,1,0
508,13,-0.680452,-0.192615,0.016037,0.177142,0,1
500,13,-0.742448,-0.224527,0.059125,0.150348,0,1
480,13,-0.662011,-0.132872,-0.178225,-0.057615,1,1
484,13,-0.717556,-0.009086,-0.172973,-0.178102,1,0
518,13,-0.778373,-0.277805,0.065931,0.069698,0,1
489,13,-0.808559,-0.087344,-0.124515,-0.108644,1,1
515,13,-0.843059,-0.252484,-0.038878,0.077051,0,1
493,13,-0.839605,-0.063699,-0.208546,-0.102880,1,0
498,13,-0.744386,-0.113121,-0.101259,-0.232655,1,1
505,13,-0.772993,-0.281686,0.013328,0.080685,0,1
503,13,-0.797407,-0.273198,0.038523,0.077422,0,1
496,13,-0.766589,-0.034846,-0.071785,-0.177803,1,0
511,13,-0.802610,-0.285659,0.064215,0.041051,0,1
481,13,-0.691992,-0.171860,-0.156533,-0.234598,1,1
492,13,-0.802635,-0.160582,-0.222919,-0.097945,1,1
488,13,-0.705175,-0.003634,-0.112518,-0.167668,1,0
495,13,-0.761258,-0.044584,-0.127408,-0.140009,1,0
486,13,-0.731966,0.006102,-0.170469,-0.162450,1,0
485,13,-0.875981,-0.062425,-0.232778,-0.044146,1,0
512,13,-0.887774,-0.250976,0.039288,0.097511,0,1
517,13,-0.685445,-0.202564,0.026652,-0.050206,0,1
513,13,-0.836512,-0.261196,0.050444,0.088190,0,1
483,13,-0.790311,-0.075985,-0.173234,-0.192578,1,1
557,14,-0.770006,-0.225800,0.092612,-0.000732,0,1
523,14,-0.795238,-0.002835,-0.004687,-0.019014,1,0
544,14,-0.786638,-0.239779,0.114146,-0.069611,0,1
532,14,-0.688462,-0.106696,-0.024835,-0.128433,1,1
553,14,-0.810882,-0.205307,0.152875,-0.117927,1,1
554,14,-0.690062,-0.238719,0.032074,-0.167643,0,1
533,14,-0.792750,-0.064424,0.066881,-0.079345,1,0
540,14,-0.664484,-0.256956,0.170164,-0.114106,0,1
537,14,-0.758374,-0.153234,0.109290,-0.077883,1,1
530,14,-0.689906,0.049611,0.165589,-0.050273,1,0
546,14,-0.907258,-0.196120,0.156347,-0.164379,0,1
542,14,-0.856082,-0.227385,0.117574,-0.184573,0,1
524,14,-0.790344,-0.111846,0.069640,0.009923,1,1
521,14,-0.718329,-0.129426,0.061130,0.050905,1,1
535,14,-0.707925,-0.098181,0.132067,-0.016149,1,1
559,14,-0.736341,-0.232286,0.234636,-0.242796,0,1
548,14,-0.810361,-0.250437,0.126624,-0.121506,0,1
543,14,-0.729492,-0.195730,0.118449,-0.169774,1,1
536,14,-0.819690,-0.042822,0.119245,-0.089328,1,0
529,14,-0.847922,-0.115658,0.026416,-0.133486,1,1
547,14,-0.803564,-0.280675,0.208550,-0.057369,0,1
526,14,-0.774091,-0.074243,0.093383,-0.104394,1,0
545,14,-0.703541,-0.309047,0.113215,-0.103227,0,1
534,14,-0.771799,-0.011051,0.039986,-0.099945,1,0
522,14,-0.783476,0.009120,0.075127,-0.099639,1,0
555,14,-0.761895,-0.220890,0.087446,-0.222346,0,1
525,14,-0.699969,-0.046070,0.049640,-0.091106,1,0
551,14,-0.773976,-0.168767,0.163060,-0.197500,1,1
538,14,-0.823626,-0.013742,0.104716,-0.025158,1,0
552,14,-0.754736,-0.246001,0.177178,-0.099351,0,1
527,14,-0.768679,-0.041068,0.073625,-0.044288,1,0
558,14,-0.757339,-0.153145,0.126660,-0.074148,1,1
541,14,-0.840190,-0.223617,0.159507,-0.054243,0,1
520,14,-0.788934,-0.038477,0.068805,0.072472,1,0
531,14,-0.845589,-0.079890,0.024888,-0.170419,1,0
528,14,-0.791377,-0.034536,0.060030,-0.143063,1,0
539,14,-0.745465,-0.086442,0.118581,-0.081886,1,1
549,14,-0.722623,-0.241502,0.080211,-0.125162,0,1
550,14,-0.774489,-0.211773,0.123892,-0.090581,0,1
556,14,-0.778593,-0.185600,0.136144,-0.061343,1,1
578,15,-0.699407,-0.077653,0.124862,-0.097961,1,0
598,15,-0.720731,-0.302056,0.165908,-0.042812,0,1
565,15,-0.872906,-0.090512,0.109485,0.038867,1,0
570,15,-0.721892,-0.003526,0.146078,-0.036962,1,0
577,15,-0.787509,-0.004506,0.008358,-0.090103,1,0
590,15,-0.675766,-0.172016,0.120793,-0.062589,0,1
572,15,-0.806662,-0.109680,0.015333,-0.046950,1,1
560,15,-0.753024,-0.009471,0.133003,-0.054440,1,0
593,15,-0.755701,-0.271809,0.188345,-0.093083,0,1
591,15,-0.805425,-0.312100,0.257752,-0.167624,0,1
561,15,-0.776859,-0.105040,0.048049,-0.027476,1,1
585,15,-0.777493,-0.196754,0.245212,-0.047230,1,1
574,15,-0.758250,-0.074941,0.117058,0.004171,1,0
596,15,-0.647504,-0.203941,0.069956,-0.132560,0,1
592,15,-0.672463,-0.264387,0.193540,-0.108649,0,1
595,15,-0.728174,-0.250331,0.097494,-0.138570,0,1
575,15,-0.848090,-0.107465,0.044984,-0.066152,1,0
597,15,-0.745028,-0.279305,0.175291,-0.082426,0,1
589,15,-0.767979,-0.216860,0.148688,-0.171542,0,1
582,15,-0.772538,-0.238704,0.117901,-0.037160,0,1
567,15,-0.794458,-0.042779,0.078834,0.022831,1,0
563,15,-0.692658,-0.076096,0.103000,-0.010352,1,0
569,15,-0.854762,-0.112209,-0.031485,-0.091793,1,0
599,15,-0.795607,-0.188050,0.112529,-0.082636,1,1
576,15,-0.728527,-0.027658,0.107875,0.003031,1,0
588,15,-0.762628,-0.169080,0.143774,-0.163191,1,1
564,15,-0.784662,-0.056194,0.061206,-0.114251,1,0
581,15,-0.864941,-0.206273,0.133190,-0.123242,0,1
594,15,-0.705806,-0.186636,0.041633,-0.098573,0,1
583,15,-0.718695,-0.281753,0.107354,-0.015663,0,1
584,15,-0.736512,-0.156092,0.072068,-0.120813,1,1
571,15,-0.746814,-0.130833,0.044975,-0.052458,1,1
580,15,-0.725617,-0.265377,0.195890,-0.083790,0,1
586,15,-0.752125,-0.301409,0.142575,-0.070354,0,1
587,15,-0.694219,-0.245614,0.269202,-0.129885,0,1
562,15,-0.816231,-0.041548,0.111081,-0.097419,1,0
566,15,-0.765804,-0.057880,0.075193,-0.042820,1,0
568,15,-0.766587,-0.043279,0.106590,0.015486,1,0
579,15,-0.855719,-0.010461,-0.020776,-0.052393,1,0
573,15,-0.866153,-0.055046,0.016637,-0.075480,1,0
607,16,-0.825409,-0.049184,0.034987,0.021796,1,0
620,16,-0.717687,-0.224854,0.232479,-0.253842,0,1
638,16,-0.800935,-0.243029,0.150856,-0.211349,0,1
633,16,-0.662188,-0.284358,0.037667,-0.167022,0,1
616,16,-0.742024,-0.131241,0.106891,0.033166,1,1
621,16,-0.729857,-0.195528,0.107363,-0.212527,0,1
613,16,-0.755474,-0.042742,0.080020,-0.063416,1,0
601,16,-0.792154,-0.033626,0.078273,-0.056596,1,0
618,16,-0.792880,-0.040762,0.030787,-0.050412,1,0
623,16,-0.759876,-0.182670,0.102564,-0.191260,1,1
611,16,-0.822629,-0.041771,0.060009,0.010895,1,0
606,16,-0.794428,0.045182,-0.010201,-0.095326,1,0
637,16,-0.797597,-0.180739,0.122581,-0.124541,1,1
624,16,-0.781065,-0.224601,0.222418,-0.217495,0,1
617,16,-0.752451,-0.108581,0.037350,-0.010863,1,1
602,16,-0.801693,-0.080871,0.079660,-0.103973,1,0
634,16,-0.824706,-0.216540,0.132548,-0.202307,0,1
639,16,-0.740947,-0.222068,0.159457,-0.165652,0,1
622,16,-0.777770,-0.205772,0.121812,-0.246047,0,1
628,16,-0.738471,-0.226844,0.155741,-0.219362,0,1
603,16,-0.813719,-0.072694,0.099351,-0.024896,1,0
614,16,-0.738896,-0.088777,0.128672,-0.021052,1,0
631,16,-0.784777,-0.257169,0.154551,-0.302481,0,1
619,16,-0.692973,-0.096214,0.003931,-0.054455,1,0
604,16,-0.779529,-0.121567,0.062638,-0.027458,1,1
610,16,-0.750070,-0.070555,0.078905,-0.030444,1,0
626,16,-0.814385,-0.260372,0.079464,-0.187694,0,1
609,16,-0.717551,-0.041992,0.112997,0.005651,1,0
625,16,-0.719441,-0.222682,0.132806,-0.224265,0,1
615,16,-0.754967,-0.135946,0.151267,-0.024309,1,1
636,16,-0.788982,-0.240447,0.139527,-0.169536,0,1
630,16,-0.713463,-0.319881,0.132865,-0.180873,0,1
608,16,-0.793209,-0.055420,0.058650,-0.008417,1,0
605,16,-0.807598,-0.086768,0.162470,-0.129622,1,0
627,16,-0.653538,-0.318567,0.132265,-0.277726,0,1
635,16,-0.710160,-0.207452,0.152079,-0.212384,0,1
600,16,-0.820743,-0.089475,0.009035,-0.117278,1,0
629,16,-0.846154,-0.316444,0.010003,-0.246761,0,1
612,16,-0.703321,-0.081198,0.070001,-0.015171,1,0
632,16,-0.729461,-0.291666,0.182966,-0.248459,0,1
667,17,-0.770304,-0.219837,0.100362,-0.260586,0,1
660,17,-0.739155,-0.273398,0.056958,-0.157246,0,1
671,17,-0.822801,-0.319463,0.136096,-0.166777,0,1
643,17,-0.734436,-0.034656,0.056735,0.002152,1,0
656,17,-0.813522,-0.100340,0.035352,-0.061679,1,0
676,17,-0.774525,-0.270390,0.125343,-0.185414,0,1
673,17,-0.746745,-0.269424,0.123258,-0.223510,0,1
651,17,-0.838105,-0.110190,0.189256,-0.076643,1,0
659,17,-0.781160,-0.132726,0.085145,-0.069628,1,1
672,17,-0.769764,-0.203125,0.090804,-0.197370,0,1
640,17,-0.751733,-0.100429,0.069209,-0.083809,1,0
663,17,-0.696717,-0.218820,0.165042,-0.236531,0,1
677,17,-0.728787,-0.266069,0.121215,-0.291848,0,1
674,17,-0.719609,-0.230417,0.057860,-0.141255,0,1
642,17,-0.789200,-0.053862,0.069505,-0.044421,1,0
669,17,-0.780530,-0.208940,0.156257,-0.266114,0,1
657,17,-0.798194,-0.113129,0.078248,-0.082731,1,1
666,17,-0.761254,-0.242198,0.143784,-0.211111,0,1
647,17,-0.801163,-0.044649,0.091649,-0.090768,1,0
670,17,-0.801405,-0.253323,0.139064,-0.282989,0,1
662,17,-0.798599,-0.242095,0.126440,-0.132252,0,1
646,17,-0.808407,-0.084547,0.073372,-0.079942,1,0
654,17,-0.782090,-0.082292,0.040278,-0.032702,1,0
675,17,-0.733990,-0.226536,0.126219,-0.194749,0,1
649,17,-0.854057,0.015141,0.042013,-0.041888,1,0
661,17,-0.762310,-0.235883,0.122132,-0.204171,0,1
679,17,-0.702760,-0.182802,0.135843,-0.273769,0,1
645,17,-0.756606,-0.090636,0.034089,-0.082625,1,0
644,17,-0.711927,-0.110061,0.019675,-0.032233,1,1
678,17,-0.818751,-0.250589,0.084911,-0.260530,0,1
655,17,-0.827846,-0.003298,0.011718,-0.023943,1,0
664,17,-0.805290,-0.129379,0.127217,-0.241901,1,1
648,17,-0.714901,-0.125805,0.028602,-0.116719,1,1
658,17,-0.831377,-0.045617,0.069846,-0.108478,1,0
668,17,-0.794832,-0.214699,0.186480,-0.259325,0,1
641,17,-0.876466,-0.079387,0.019675,-0.028258,1,0
652,17,-0.735055,-0.062802,-0.001862,-0.019699,1,0
653,17,-0.776440,0.068987,0.139529,-0.109920,1,0
665,17,-0.773817,-0.186490,0.110327,-0.281776,1,1
650,17,-0.861509,-0.018162,0.060562,-0.083026,1,0
712,18,-0.765045,-0.283820,0.068274,-0.248319,0,1
707,18,-0.769389,-0.205894,0.114396,-0.324300,0,1
680,18,-0.788118,-0.074039,0.069342,0.000078,1,0
695,18,-0.834621,-0.012237,0.071664,0.058424,1,0
687,18,-0.856199,-0.127907,0.049174,-0.017184,1,0
703,18,-0.728348,-0.379577,0.184688,-0.235276,0,1
719,18,-0.841608,-0.270843,0.168347,-0.238629,0,1
692,18,-0.764705,-0.034669,0.042667,-0.016389,1,0
714,18,-0.651581,-0.217105,0.128887,-0.260745,0,1
684,18,-0.797655,-0.124275,0.061728,-0.017998,1,1
697,18,-0.785375,-0.015261,0.046819,-0.040615,1,0
689,18,-0.862953,-0.042824,0.068020,-0.035999,1,0
716,18,-0.804550,-0.253939,0.089279,-0.202465,0,1
682,18,-0.879201,-0.014434,0.119917,-0.069005,1,0
690,18,-0.752176,-0.051120,0.041305,-0.042260,1,0
698,18,-0.691816,-0.086101,0.169891,-0.116278,1,0
704,18,-0.653996,-0.362896,0.077204,-0.229346,0,1
706,18,-0.717100,-0.213984,0.228700,-0.157153,0,1
702,18,-0.770011,-0.324091,0.106780,-0.275941,0,1
700,18,-0.651221,-0.254131,0.213947,-0.310845,0,1
709,18,-0.684453,-0.236251,0.158023,-0.200988,0,1
683,18,-0.786089,-0.126698,0.037942,-0.099152,1,1
694,18,-0.827644,-0.144069,0.078362,-0.047990,1,1
686,18,-0.769645,-0.125821,0.064812,-0.014600,1,1
717,18,-0.796221,-0.178140,0.101153,-0.224114,1,1
710,18,-0.691544,-0.326116,0.146240,-0.206834,0,1
711,18,-0.680476,-0.250844,0.102034,-0.290682,0,1
701,18,-0.778391,-0.225376,0.168983,-0.273806,0,1
713,18,-0.740390,-0.307764,0.128228,-0.192436,0,1
705,18,-0.767673,-0.205489,0.141117,-0.219971,0,1
715,18,-0.735538,-0.176808,0.279928,-0.297173,1,1
696,18,-0.769906,-0.053892,0.077828,-0.048200,1,0
718,18,-0.837807,-0.314566,0.179297,-0.136539,0,1
688,18,-0.741066,-0.131181,0.147374,-0.096112,1,1
708,18,-0.740859,-0.286416,0.112460,-0.226943,0,1
691,18,-0.750964,-0.071814,0.071655,0.015153,1,0
693,18,-0.883825,-0.054001,0.086863,-0.051153,1,0
699,18,-0.758604,-0.042602,0.196055,-0.058050,1,0
685,18,-0.786826,-0.080013,0.011354,-0.061661,1,0
681,18,-0.862289,0.013910,0.086396,-0.083779,1,0
728,19,-0.804208,-0.009411,0.023024,-0.011414,1,0
726,19,-0.792800,-0.096383,0.009344,-0.055494,1,0
743,19,-0.804926,-0.271848,0.068208,0.031573,0,1
737,19,-0.823574,-0.021799,0.085275,-0.057512,1,0
759,19,-0.747072,-0.323560,0.037209,-0.129490,0,1
757,19,-0.792295,-0.283208,0.165199,0.044242,0,1
758,19,-0.730222,-0.220677,0.059952,-0.005422,0,1
741,19,-0.700484,-0.295293,0.127984,0.033451,0,1
746,19,-0.755474,-0.330560,0.142096,0.121421,0,1
732,19,-0.818860,-0.021056,0.030671,-0.006525,1,0
723,19,-0.703018,0.024827,0.081110,-0.013164,1,0
725,19,-0.883303,-0.083135,-0.057515,-0.072036,1,0
755,19,-0.771918,-0.323374,0.078318,0.030175,0,1
730,19,-0.844916,-0.054985,0.062941,-0.049219,1,0
733,19,-0.809271,-0.074995,0.049576,-0.094735,1,0
739,19,-0.838069,-0.107822,0.095532,-0.056738,1,0
750,19,-0.734239,-0.318753,0.063447,-0.028126,0,1
742,19,-0.707161,-0.236741,0.188511,0.066156,0,1
735,19,-0.790652,0.001780,0.060272,-0.082121,1,0
738,19,-0.811943,-0.100021,0.012652,-0.030431,1,0
745,19,-0.718617,-0.286330,0.092631,0.001521,0,1
754,19,-0.771911,-0.366884,0.107964,0.033481,0,1
756,19,-0.696230,-0.371099,0.158870,-0.017246,0,1
724,19,-0.737319,-0.059039,0.101973,-0.042120,1,0
753,19,-0.713081,-0.197437,0.101743,-0.012016,0,1
744,19,-0.667239,-0.176361,0.038097,0.028710,0,1
748,19,-0.784064,-0.340308,0.095119,-0.026997,0,1
734,19,-0.791101,0.057744,0.130074,-0.049033,1,0
749,19,-0.772773,-0.335027,0.096045,0.010279,0,1
736,19,-0.716482,-0.094335,0.057911,-0.083476,1,0
722,19,-0.847160,-0.055838,0.124890,-0.019659,1,0
720,19,-0.788392,-0.049223,0.123045,-0.039085,1,0
729,19,-0.829632,-0.031762,0.129186,0.045242,1,0
721,19,-0.776286,-0.002774,0.105169,-0.024446,1,0
752,19,-0.721544,-0.268999,0.036952,0.012010,0,1
731,19,-0.744180,-0.006373,0.106095,-0.074565,1,0
740,19,-0.762881,-0.194987,0.115421,-0.021458,0,1
751,19,-0.741386,-0.231394,0.066223,-0.005562,0,1
747,19,-0.769052,-0.308982,0.114092,-0.020308,0,1
727,19,-0.862061,-0.088833,0.088102,0.022164,1,0
783,20,-0.726989,-0.280339,0.124803,-0.027008,0,1
768,20,-0.803368,0.067089,0.067339,-0.096440,1,0
789,20,-0.706323,-0.238239,0.062207,0.065381,0,1
760,20,-0.813401,0.016990,0.161501,-0.070349,1,0
785,20,-0.754616,-0.317160,0.093402,-0.085902,0,1
784,20,-0.774769,-0.188787,0.063948,0.022776,1,1
778,20,-0.846698,0.024139,0.058838,-0.101879,1,0
799,20,-0.761093,-0.255543,0.030080,0.043246,0,1
779,20,-0.783324,-0.064152,0.072359,-0.015745,1,0
792,20,-0.685881,-0.311573,0.126290,0.060646,0,1
790,20,-0.743365,-0.202184,0.042875,-0.064412,0,1
798,20,-0.763531,-0.197458,0.061573,-0.015823,0,1
795,20,-0.775975,-0.304581,0.142515,0.036021,0,1
776,20,-0.780260,-0.029855,0.041183,0.010138,1,0
773,20,-0.726184,0.054581,0.135992,0.016244,1,0
780,20,-0.780294,-0.352793,0.072577,-0.067060,0,1
767,20,-0.834205,-0.014223,0.037810,-0.078571,1,0
775,20,-0.785310,-0.098173,0.060494,-0.138741,1,0
774,20,-0.782378,-0.076326,0.101465,-0.053475,1,0
787,20,-0.761092,-0.189916,0.022015,0.035749,0,1
769,20,-0.805864,-0.063884,0.144599,-0.041571,1,0
765,20,-0.777610,0.102681,0.048274,-0.015523,1,0
791,20,-0.723687,-0.236488,0.137997,0.098166,0,1
761,20,-0.718836,-0.039758,0.012419,-0.119466,1,0
763,20,-0.771839,-0.001231,0.021766,-0.001524,1,0
788,20,-0.717505,-0.243067,0.157792,-0.046768,0,1
781,20,-0.771171,-0.275306,0.058624,-0.040974,0,1
762,20,-0.781100,-0.031413,0.061403,-0.059232,1,0
797,20,-0.765327,-0.281662,0.156666,0.017500,0,1
793,20,-0.768123,-0.198616,0.101959,-0.009728,0,1
796,20,-0.778119,-0.193460,0.159166,0.012567,0,1
794,20,-0.685088,-0.290639,0.135968,-0.057413,0,1
786,20,-0.786889,-0.205732,0.095507,-0.033270,0,1
764,20,-0.770329,-0.002939,0.127000,-0.083403,1,0
766,20,-0.789269,-0.064792,0.125996,0.012353,1,0
770,20,-0.707988,-0.061889,0.064473,-0.034759,1,0
777,20,-0.755127,-0.050249,0.091212,-0.067451,1,0
771,20,-0.796115,-0.006477,0.026028,-0.092446,1,0
782,20,-0.645416,-0.279229,0.066509,-0.105774,0,1
772,20,-0.682086,-0.027633,0.050114,-0.039673,1,0
834,21,-0.791316,-0.273450,0.128183,0.000539,0,1
812,21,-0.850752,-0.169673,0.009069,-0.009387,1,1
800,21,-0.783919,-0.004892,-0.092107,-0.121287,1,0
835,21,-0.711369,-0.423972,0.026294,-0.034142,0,1
804,21,-0.769309,-0.082079,-0.118043,-0.076200,1,0
802,21,-0.778797,-0.071546,-0.093941,0.023432,1,0
803,21,-0.765153,0.061507,-0.072655,-0.011794,1,0
808,21,-0.789687,-0.109345,-0.042872,-0.143859,1,0
806,21,-0.768343,-0.057786,-0.000719,-0.074788,1,0
832,21,-0.715006,-0.247375,0.151730,-0.003218,0,1
807,21,-0.862952,0.011677,-0.003225,-0.076276,1,0
821,21,-0.686505,-0.220384,0.097108,-0.006867,0,1
816,21,-0.773335,-0.040293,-0.080881,-0.066733,1,0
826,21,-0.704511,-0.262849,0.051958,0.006354,0,1
823,21,-0.626498,-0.269307,0.124466,-0.067879,0,1
838,21,-0.800585,-0.288722,0.081869,-0.005567,0,1
822,21,-0.733538,-0.280103,0.108437,-0.039607,0,1
814,21,-0.786277,-0.065603,-0.024382,-0.086670,1,0
828,21,-0.765035,-0.234150,0.199291,0.044491,0,1
831,21,-0.827992,-0.247505,0.188670,0.027847,0,1
805,21,-0.802986,-0.035553,-0.037458,-0.081428,1,0
830,21,-0.767423,-0.226759,0.103426,0.055124,0,1
824,21,-0.726746,-0.206716,0.142295,-0.018235,0,1
813,21,-0.719991,-0.063476,-0.155269,-0.085434,1,0
837,21,-0.808214,-0.311223,0.136687,0.064103,0,1
815,21,-0.796080,0.022178,0.018973,-0.104313,1,0
817,21,-0.849519,-0.016363,-0.097367,-0.185829,1,0
820,21,-0.746366,-0.202916,0.173888,-0.016730,0,1
809,21,-0.827765,-0.056808,-0.066921,-0.148590,1,0
829,21,-0.721067,-0.261190,0.063220,-0.057835,0,1
825,21,-0.650814,-0.320731,0.157801,-0.018075,0,1
819,21,-0.883842,-0.089568,-0.098410,-0.060656,1,0
810,21,-0.762859,-0.017815,-0.015335,-0.131280,1,0
839,21,-0.831980,-0.364034,0.085909,0.091166,0,1
811,21,-0.840199,0.012317,-0.099150,-0.092572,1,0
827,21,-0.766302,-0.195879,0.076186,-0.091119,0,1
801,21,-0.766171,-0.007936,-0.160709,-0.005486,1,0
836,21,-0.746575,-0.252275,0.099122,-0.026101,0,1
833,21,-0.741638,-0.252210,0.113493,-0.054856,0,1
818,21,-0.844092,-0.046773,-0.120620,-0.183306,1,0
875,22,-0.790090,-0.197250,0.065558,-0.034530,0,1
861,22,-0.803477,-0.266672,0.154545,0.027562,0,1
845,22,-0.718067,0.117922,-0.078410,-0.056450,1,0
876,22,-0.767679,-0.236247,0.093647,-0.036371,0,1
860,22,-0.728667,-0.236786,0.135535,-0.032964,0,1
864,22,-0.732624,-0.153744,0.090475,0.004796,1,1
844,22,-0.698191,0.016854,-0.144724,-0.024816,1,0
857,22,-0.805228,-0.009052,-0.121238,-0.082569,1,0
868,22,-0.715070,-0.328690,0.188983,-0.001461,0,1
865,22,-0.772905,-0.246440,0.131093,0.082091,0,1
842,22,-0.774269,-0.058163,-0.144796,-0.051129,1,0
866,22,-0.780779,-0.283930,0.054315,0.052659,0,1
851,22,-0.722117,0.044136,-0.139766,-0.094303,1,0
863,22,-0.798817,-0.333068,0.098864,-0.063848,0,1
848,22,-0.820231,-0.114324,-0.082534,-0.128959,1,0
877,22,-0.761503,-0.175939,0.098412,0.103618,1,1
870,22,-0.714012,-0.221489,0.066184,0.039470,0,1
862,22,-0.692328,-0.253563,0.117769,-0.004472,0,1
873,22,-0.788885,-0.142023,0.107543,0.045721,1,1
847,22,-0.873481,-0.048766,-0.082998,-0.088868,1,0
840,22,-0.905469,-0.052881,-0.064431,-0.103438,1,0
869,22,-0.828416,-0.217698,0.164209,-0.061187,0,1
841,22,-0.819671,0.000984,-0.025035,-0.094156,1,0
843,22,-0.770919,-0.025566,-0.128606,-0.082066,1,0
859,22,-0.830664,-0.079969,-0.066417,-0.131952,1,0
867,22,-0.773957,-0.277058,0.051100,-0.008557,0,1
874,22,-0.737741,-0.270091,0.141914,-0.013032,0,1
871,22,-0.726520,-0.339764,0.021282,-0.126597,0,1
849,22,-0.736446,-0.098805,-0.115281,-0.114894,1,0
852,22,-0.827811,-0.009786,-0.080811,-0.156727,1,0
854,22,-0.789266,-0.008244,-0.025305,-0.019483,1,0
878,22,-0.787676,-0.170956,0.120863,0.070576,1,1
846,22,-0.801296,-0.102697,-0.067221,-0.110973,1,0
858,22,-0.775885,-0.059414,-0.040370,-0.041938,1,0
879,22,-0.812290,-0.312044,0.128674,0.046793,0,1
856,22,-0.771647,-0.011303,0.005343,-0.121976,1,0
855,22,-0.731629,-0.012173,-0.059134,-0.119080,1,0
853,22,-0.900798,0.067697,-0.114684,-0.113839,1,0
872,22,-0.650723,-0.321453,0.097976,-0.108205,0,1
850,22,-0.807082,0.014605,-0.033787,-0.054158,1,0
886,23,-0.786762,-0.089787,-0.094883,-0.072296,1,0
884,23,-0.874366,-0.002340,-0.026329,-0.101557,1,0
890,23,-0.814351,-0.071762,-0.003458,-0.052397,1,0
910,23,-0.685497,-0.330521,0.121042,-0.044414,0,1
899,23,-0.842555,-0.022372,-0.080129,-0.132209,1,0
883,23,-0.834164,0.008836,-0.049998,-0.135778,1,0
895,23,-0.768184,-0.056981,0.018721,-0.097468,1,0
903,23,-0.684750,-0.298496,0.078847,-0.056536,0,1
893,23,-0.728128,-0.013042,-0.135346,0.015101,1,0
914,23,-0.731072,-0.343361,0.219153,-0.089245,0,1
881,23,-0.852662,-0.024065,-0.093282,-0.131238,1,0
907,23,-0.727745,-0.314280,0.006062,0.047744,0,1
913,23,-0.714618,-0.220699,0.127264,-0.026896,0,1
911,23,-0.738788,-0.299163,0.047682,0.042108,0,1
880,23,-0.782180,-0.032004,-0.037095,-0.124298,1,0
909,23,-0.674269,-0.281670,0.052905,0.014678,0,1
885,23,-0.848320,-0.107640,-0.119444,-0.131652,1,0
882,23,-0.817576,0.008839,-0.090180,-0.051260,1,0
912,23,-0.741350,-0.229028,0.201682,-0.067539,0,1
900,23,-0.812620,-0.270671,0.155448,-0.101987,0,1
916,23,-0.721094,-0.278148,0.174673,0.038910,0,1
891,23,-0.751818,-0.053376,-0.120186,-0.035060,1,0
919,23,-0.772727,-0.312858,0.123849,-0.002222,0,1
894,23,-0.707109,0.003288,-0.131406,-0.094079,1,0
896,23,-0.849608,-0.056693,-0.056226,-0.011179,1,0
901,23,-0.765312,-0.299000,0.123904,0.018383,0,1
908,23,-0.744630,-0.163814,0.196217,0.051916,1,1
905,23,-0.728569,-0.231341,0.081256,0.025833,0,1
904,23,-0.705901,-0.275429,0.014580,0.073259,0,1
902,23,-0.755759,-0.355762,0.102090,0.058345,0,1
889,23,-0.786776,-0.027853,-0.163735,-0.119539,1,0
915,23,-0.786287,-0.189754,0.092594,-0.008692,0,1
888,23,-0.726043,-0.050379,0.027254,-0.043743,1,0
906,23,-0.721641,-0.276338,0.056269,0.088620,0,1
918,23,-0.815734,-0.311149,0.148276,0.081094,0,1
897,23,-0.856698,0.067895,-0.133612,-0.124993,1,0
898,23,-0.767833,-0.083051,0.022044,-0.054283,1,0
892,23,-0.794411,-0.005998,-0.107854,-0.148479,1,0
917,23,-0.667598,-0.245786,0.110149,-0.022115,0,1
887,23,-0.789245,0.020267,-0.090651,-0.105707,1,0
945,24,-0.641920,-0.272976,0.230320,0.014357,0,1
944,24,-0.825098,-0.285013,0.230530,0.141160,0,1
946,24,-0.763524,-0.273533,0.088880,0.077640,0,1
954,24,-0.727682,-0.284028,0.134423,0.000436,0,1
931,24,-0.723755,-0.080618,0.052367,-0.129960,1,0
956,24,-0.790375,-0.249646,0.128063,0.001889,0,1
930,24,-0.852519,-0.007487,-0.158827,-0.021242,1,0
937,24,-0.782732,-0.055401,-0.042211,-0.039752,1,0
941,24,-0.821087,-0.288665,0.147398,-0.092868,0,1
929,24,-0.796014,-0.051443,-0.042011,-0.051109,1,0
959,24,-0.741300,-0.293753,0.140181,0.080895,0,1
925,24,-0.789551,-0.135577,-0.085934,-0.045471,1,1
927,24,-0.871874,-0.043707,-0.059358,0.017167,1,0
922,24,-0.724176,-0.007881,-0.096955,-0.127399,1,0
936,24,-0.836142,-0.041433,-0.108327,-0.173013,1,0
947,24,-0.689633,-0.169589,0.086884,-0.060715,0,1
939,24,-0.853792,-0.044643,-0.057066,-0.085835,1,0
923,24,-0.782369,-0.110963,-0.090914,-0.086054,1,0
940,24,-0.700100,-0.316156,0.059568,0.004273,0,1
953,24,-0.726740,-0.273982,0.136235,-0.038205,0,1
942,24,-0.734836,-0.308057,0.137364,-0.044955,0,1
934,24,-0.778071,-0.059885,-0.073489,-0.168976,1,0
932,24,-0.795181,-0.023787,-0.045119,-0.028412,1,0
924,24,-0.751933,0.001169,-0.046838,-0.068795,1,0
933,24,-0.799436,0.040730,-0.060419,-0.091043,1,0
957,24,-0.793735,-0.240873,0.077562,0.091919,0,1
928,24,-0.771266,-0.012476,-0.123917,-0.130839,1,0
951,24,-0.651179,-0.194809,0.146136,0.049144,0,1
955,24,-0.714658,-0.259101,0.155179,0.017311,0,1
950,24,-0.680205,-0.289283,0.123013,-0.043301,0,1
935,24,-0.793814,-0.040338,-0.127541,-0.049349,1,0
926,24,-0.777207,0.048777,-0.052593,-0.121304,1,0
952,24,-0.767020,-0.214030,0.165836,0.099121,0,1
938,24,-0.815737,-0.036099,-0.036277,-0.077129,1,0
943,24,-0.742754,-0.326501,0.146091,0.051436,0,1
921,24,-0.807447,-0.065306,0.050451,-0.071616,1,0
948,24,-0.785855,-0.229866,0.079109,0.058087,0,1
958,24,-0.840041,-0.344884,0.067203,0.060479,0,1
920,24,-0.728986,-0.057256,-0.087859,-0.110007,1,0
949,24,-0.807979,-0.288506,0.223722,0.084822,0,1
975,25,-0.810974,-0.042173,-0.042390,-0.102162,1,0
960,25,-0.788121,0.007617,0.071813,-0.153998,1,0
988,25,-0.745643,-0.299737,0.098981,0.037265,0,1
970,25,-0.809602,0.083287,0.076942,-0.013433,1,0
989,25,-0.829117,-0.232995,0.158399,0.020096,0,1
993,25,-0.753051,-0.291927,0.104778,0.029574,0,1
985,25,-0.702308,-0.190438,0.133690,-0.014846,0,1
966,25,-0.829585,-0.036936,-0.026729,-0.001991,1,0
994,25,-0.710472,-0.250711,0.064889,-0.061166,0,1
974,25,-0.744985,0.032270,0.048875,-0.085774,1,0
967,25,-0.793856,0.030628,0.075257,-0.019518,1,0
962,25,-0.747059,-0.044025,0.050414,-0.009317,1,0
961,25,-0.754174,-0.004559,0.036105,-0.116187,1,0
965,25,-0.770879,0.017304,-0.005538,0.022478,1,0
997,25,-0.736909,-0.252137,0.156068,0.059665,0,1
980,25,-0.663374,-0.288348,0.093239,0.054314,0,1
998,25,-0.794572,-0.286102,0.068876,-0.006915,0,1
992,25,-0.732644,-0.282686,0.143724,-0.052143,0,1
964,25,-0.814997,-0.069671,0.052804,0.041738,1,0
968,25,-0.830959,-0.044158,0.084953,-0.073011,1,0
963,25,-0.848934,-0.101322,0.096774,-0.055650,1,0
977,25,-0.723783,-0.064900,0.063177,0.056803,1,0
982,25,-0.665694,-0.265264,0.157846,0.051247,0,1
979,25,-0.740241,0.090192,0.055873,-0.009961,1,0
995,25,-0.804721,-0.208405,0.127678,0.041931,0,1
987,25,-0.706841,-0.286405,0.118203,-0.089954,0,1
976,25,-0.779192,-0.069904,0.096563,-0.078385,1,0
996,25,-0.698581,-0.226612,0.079904,0.015980,0,1
981,25,-0.819031,-0.219726,0.041412,-0.069115,0,1
969,25,-0.747619,0.121767,0.058359,-0.133957,1,0
983,25,-0.755100,-0.230412,0.126257,-0.020609,0,1
984,25,-0.746462,-0.287150,0.111078,0.007721,0,1
991,25,-0.769447,-0.287425,0.086666,-0.009715,0,1
978,25,-0.808044,-0.014890,0.012786,-0.128086,1,0
990,25,-0.694850,-0.292716,0.143396,0.070492,0,1
971,25,-0.784568,-0.000111,0.063569,0.051771,1,0
972,25,-0.794438,0.000910,0.020737,-0.086046,1,0
986,25,-0.734272,-0.328864,0.031940,0.013805,0,1
999,25,-0.734635,-0.411759,0.199133,0.023050,0,1
973,25,-0.815958,0.020974,0.074520,0.004401,1,0
1019,26,-0.782890,-0.042064,0.093036,-0.009642,1,0
1031,26,-0.774061,-0.336387,-0.124135,-0.053860,0,1
1038,26,-0.757889,-0.249452,-0.107866,-0.191869,0,1
1015,26,-0.782700,-0.033739,0.103807,0.000104,1,0
1001,26,-0.823153,-0.012603,0.074516,-0.012984,1,0
1039,26,-0.643732,-0.295877,-0.101556,-0.068682,0,1
1006,26,-0.763164,0.000330,0.059996,0.038152,1,0
1027,26,-0.784675,-0.310971,-0.186328,-0.155256,0,1
1000,26,-0.699473,0.020026,0.014239,0.002182,1,0
1030,26,-0.815395,-0.338435,-0.158004,-0.176207,0,1
1037,26,-0.775297,-0.261053,-0.128061,-0.056411,0,1
1033,26,-0.646010,-0.254324,-0.120207,-0.149963,0,1
1014,26,-0.824492,-0.030734,0.051442,-0.055662,1,0
1018,26,-0.782966,0.001264,0.046152,-0.065586,1,0
1024,26,-0.722051,-0.269271,-0.159057,-0.159784,0,1
1012,26,-0.843840,-0.016665,0.131016,0.015306,1,0
1025,26,-0.743001,-0.289785,-0.050167,-0.137918,0,1
1034,26,-0.743132,-0.302744,-0.197746,-0.146303,0,1
1028,26,-0.657048,-0.326492,-0.155287,-0.091802,0,1
1023,26,-0.676423,-0.363571,-0.089556,-0.105079,0,1
1020,26,-0.835695,-0.347190,-0.012370,-0.117669,0,1
1022,26,-0.781703,-0.301464,-0.130146,-0.087610,0,1
1005,26,-0.721647,0.027199,0.117265,0.009042,1,0
1029,26,-0.785303,-0.195253,-0.172059,-0.003585,0,1
1004,26,-0.658269,-0.052345,0.031589,-0.086767,1,0
1010,26,-0.803897,-0.006842,-0.049872,-0.038358,1,0
1036,26,-0.767750,-0.315371,-0.149087,-0.122928,0,1
1009,26,-0.835739,-0.041171,0.025663,-0.029196,1,0
1007,26,-0.801066,-0.068890,0.030459,-0.075304,1,0
1008,26,-0.763877,0.003369,0.094215,-0.036016,1,0
1035,26,-0.683849,-0.223556,-0.155388,-0.096977,0,1
1016,26,-0.803183,0.030834,0.074680,-0.056824,1,0
1026,26,-0.678104,-0.298701,-0.106139,-0.145129,0,1
1013,26,-0.755108,-0.005950,0.000499,-0.012574,1,0
1021,26,-0.809896,-0.258299,-0.160135,-0.110018,0,1
1002,26,-0.775519,-0.018632,0.141749,-0.099771,1,0
1032,26,-0.747815,-0.191547,-0.184956,-0.132770,0,1
1011,26,-0.835831,-0.029389,-0.001640,-0.057163,1,0
1003,26,-0.808173,-0.020406,-0.015682,-0.039141,1,0
1017,26,-0.751829,-0.057499,0.120098,-0.074852,1,0
1066,27,-0.811581,-0.275005,-0.084174,-0.020041,0,1
1072,27,-0.635180,-0.201114,-0.192743,-0.117895,0,1
1078,27,-0.777354,-0.282462,-0.226812,-0.230543,0,1
1076,27,-0.702819,-0.327332,-0.223763,-0.166195,0,1
1040,27,-0.803943,-0.039250,-0.027266,-0.120536,1,0
1041,27,-0.843636,0.012010,0.027021,-0.100284,1,0
1045,27,-0.808870,0.027948,0.076715,-0.013276,1,0
1056,27,-0.807368,0.013347,0.074632,-0.059361,1,0
1054,27,-0.747794,-0.027722,0.080574,-0.093919,1,0
1077,27,-0.738911,-0.244726,-0.039838,-0.151098,0,1
1069,27,-0.796595,-0.252343,-0.128993,-0.122599,0,1
1058,27,-0.804209,-0.017669,0.122131,-0.132221,1,0
1052,27,-0.755224,0.041050,-0.019918,-0.018222,1,0
1060,27,-0.781013,-0.354367,-0.214405,-0.047912,0,1
1071,27,-0.795165,-0.236326,-0.182040,-0.097379,0,1
1065,27,-0.689876,-0.292616,-0.165530,-0.152022,0,1
1046,27,-0.883945,-0.087121,0.120824,-0.015224,1,0
1074,27,-0.706135,-0.245000,-0.193584,-0.091489,0,1
1075,27,-0.794811,-0.363440,-0.115979,-0.075793,0,1
1061,27,-0.801378,-0.189722,-0.123318,-0.083218,0,1
1044,27,-0.718741,-0.047872,0.029403,-0.094939,1,0
1043,27,-0.769361,-0.021134,-0.007240,0.026394,1,0
1047,27,-0.806331,0.054324,0.024269,-0.105346,1,0
1059,27,-0.829052,0.060174,0.028193,-0.087933,1,0
1067,27,-0.722649,-0.281568,-0.138421,0.005092,0,1
1057,27,-0.841813,-0.141035,-0.003206,-0.017864,1,0
1051,27,-0.825126,0.018625,-0.003759,-0.028191,1,0
1049,27,-0.877434,0.044437,0.145900,-0.068074,1,0
1064,27,-0.774690,-0.303749,-0.155193,-0.161605,0,1
1048,27,-0.769875,-0.019896,0.052706,-0.027986,1,0
1053,27,-0.761123,-0.052640,0.015192,-0.119768,1,0
1062,27,-0.789152,-0.319698,-0.112106,-0.100709,0,1
1063,27,-0.762740,-0.294883,-0.227787,-0.097514,0,1
1055,27,-0.722351,0.066400,0.060196,0.117123,1,0
1042,27,-0.762003,-0.048559,0.037915,-0.093260,1,0
1068,27,-0.704364,-0.323409,-0.137273,0.016474,0,1
1079,27,-0.581223,-0.261667,-0.103980,-0.217661,0,1
1050,27,-0.800568,0.003777,0.116850,-0.110182,1,0
1073,27,-0.647177,-0.269842,-0.031095,-0.147881,0,1
1070,27,-0.795760,-0.343721,-0.190073,-0.084620,0,1
1083,28,-0.860405,0.055137,0.078746,0.028654,1,0
1108,28,-0.767920,-0.302587,-0.171809,-0.106692,0,1
1081,28,-0.797599,0.100102,0.090256,0.053688,1,0
1096,28,-0.700761,0.091619,0.058012,-0.108429,1,0
1110,28,-0.678929,-0.211131,-0.041915,-0.143915,0,1
1113,28,-0.786898,-0.301288,-0.164347,-0.116319,0,1
1082,28,-0.777064,-0.017456,0.125487,-0.095381,1,0
1099,28,-0.773115,0.019500,0.066041,-0.086076,1,0
1111,28,-0.748437,-0.360549,-0.136209,-0.044233,0,1
1117,28,-0.596378,-0.178852,-0.126988,-0.084729,0,1
1091,28,-0.789014,0.049569,0.083241,-0.039895,1,0
1114,28,-0.705825,-0.312866,-0.095870,-0.161145,0,1
1115,28,-0.730325,-0.291450,-0.078398,-0.146235,0,1
1087,28,-0.770086,-0.031636,0.089696,-0.027923,1,0
1092,28,-0.808490,0.033815,-0.002447,-0.079559,1,0
1112,28,-0.757437,-0.287649,-0.104610,-0.029109,0,1
1103,28,-0.770633,-0.329155,-0.146370,-0.183515,0,1
1100,28,-0.756415,-0.160422,-0.134669,-0.146626,0,1
1101,28,-0.707216,-0.241092,-0.081149,-0.071183,0,1
1084,28,-0.813011,-0.019837,0.123353,-0.081398,1,0
1090,28,-0.762374,-0.101322,0.157730,-0.057276,1,0
1109,28,-0.785363,-0.353212,-0.123535,-0.136165,0,1
1098,28,-0.793701,-0.038298,0.056848,-0.060018,1,0
1095,28,-0.752211,0.039353,0.103568,-0.045682,1,0
1089,28,-0.862134,-0.022028,0.041372,-0.069187,1,0
1080,28,-0.769410,-0.071631,0.128899,-0.121105,1,0
1107,28,-0.702599,-0.181683,-0.126784,-0.123081,0,1
1116,28,-0.732116,-0.225105,-0.153486,-0.173366,0,1
1119,28,-0.661370,-0.313769,-0.136434,-0.153052,0,1
1094,28,-0.796323,0.013057,0.112496,-0.053161,1,0
1088,28,-0.795740,0.002481,0.055871,-0.022795,1,0
1097,28,-0.782774,0.028070,-0.045667,-0.040149,1,0
1102,28,-0.749922,-0.372733,-0.163118,-0.198172,0,1
1106,28,-0.715456,-0.361646,-0.059420,-0.105409,0,1
1104,28,-0.762634,-0.264063,-0.128269,-0.149285,0,1
1118,28,-0.689593,-0.216874,-0.137484,-0.127540,0,1
1086,28,-0.796674,-0.022136,0.027726,-0.062884,1,0
1093,28,-0.728392,0.063248,0.110853,-0.115904,1,0
1085,28,-0.857466,0.015943,0.044167,-0.013284,1,0
1105,28,-0.698850,-0.369192,-0.072881,-0.123523,0,1
1135,29,-0.823793,0.119341,0.017498,0.025464,1,0
1133,29,-0.803007,-0.042297,-0.054684,-0.030334,1,0
1121,29,-0.829245,-0.029810,-0.104069,-0.108810,1,0
1145,29,-0.702456,-0.346891,-0.118982,0.056034,0,1
1154,29,-0.786575,-0.284347,0.022674,0.091332,0,1
1130,29,-0.760610,-0.025290,-0.036446,-0.026868,1,0
1137,29,-0.746730,-0.066436,-0.033634,-0.010461,1,0
1152,29,-0.693883,-0.319565,-0.095158,0.079103,0,1
1120,29,-0.787053,-0.012997,-0.095009,0.054086,1,0
1146,29,-0.757155,-0.288755,-0.030697,-0.063943,0,1
1131,29,-0.851892,0.060102,-0.123283,0.045318,1,0
1127,29,-0.706429,0.037682,-0.022751,0.087676,1,0
1143,29,-0.818810,-0.312446,-0.002144,-0.019899,0,1
1136,29,-0.816860,0.044693,-0.110698,0.001802,1,0
1139,29,-0.825378,0.031864,-0.084090,-0.027648,1,0
1149,29,-0.771605,-0.360522,-0.033643,0.093666,0,1
1155,29,-0.751716,-0.378386,-0.051544,0.051242,0,1
1157,29,-0.729513,-0.245817,-0.092761,0.035856,0,1
1126,29,-0.886620,-0.025339,-0.005673,0.046750,1,0
1150,29,-0.657630,-0.356023,-0.013576,0.044372,0,1
1132,29,-0.878188,-0.045156,0.041787,0.025413,1,0
1147,29,-0.744949,-0.310675,0.021052,0.031407,0,1
1138,29,-0.884030,0.004936,-0.041002,-0.028852,1,0
1140,29,-0.722262,-0.375422,-0.087811,-0.002359,0,1
1151,29,-0.725096,-0.305350,-0.051434,-0.004334,0,1
1123,29,-0.806326,0.005902,-0.089142,0.024571,1,0
1122,29,-0.759307,0.025279,-0.117198,0.026812,1,0
1156,29,-0.764467,-0.222109,-0.043175,0.015838,0,1
1128,29,-0.722393,-0.016785,-0.090071,-0.027992,1,0
1134,29,-0.790639,0.021271,-0.127629,0.033336,1,0
1141,29,-0.831855,-0.302584,-0.092604,0.065250,0,1
1129,29,-0.790174,0.019951,-0.082861,-0.037625,1,0
1142,29,-0.799720,-0.328361,-0.091380,0.050173,0,1
1124,29,-0.737497,-0.008699,-0.091660,-0.043116,1,0
1159,29,-0.695189,-0.261661,-0.127233,0.061553,0,1
1144,29,-0.776798,-0.334931,-0.037544,-0.009070,0,1
1125,29,-0.792580,0.026978,-0.034302,-0.012201,1,0
1158,29,-0.776428,-0.288424,-0.040287,0.110199,0,1
1148,29,-0.733252,-0.279545,-0.071726,0.014515,0,1
1153,29,-0.806645,-0.270903,-0.038735,0.061328,0,1
1189,30,-0.684930,-0.309380,-0.138586,0.168676,0,1
1171,30,-0.738471,0.116243,-0.102976,-0.014637,1,0
1163,30,-0.846280,-0.046537,-0.014151,0.018682,1,0
1183,30,-0.854454,-0.346457,-0.125964,0.187754,0,1
1196,30,-0.704469,-0.282989,-0.136632,0.241587,0,1
1174,30,-0.829844,0.067503,-0.047869,-0.055119,1,0
1167,30,-0.844781,0.012258,-0.127935,0.121404,1,0
1199,30,-0.902604,-0.274814,-0.112478,0.199882,0,1
1195,30,-0.757087,-0.196700,-0.218987,0.135427,0,1
1181,30,-0.715390,-0.304196,0.028462,0.079889,0,1
1169,30,-0.788924,-0.085426,-0.078579,-0.067762,1,0
1193,30,-0.792956,-0.258986,-0.040590,0.144737,0,1
1177,30,-0.835293,-0.061537,0.120150,0.025829,1,0
1191,30,-0.763832,-0.275042,-0.121228,0.183402,0,1
1187,30,-0.725567,-0.205244,-0.077402,0.199058,0,1
1182,30,-0.761334,-0.289219,-0.173390,0.191109,0,1
1194,30,-0.642598,-0.336588,-0.060968,0.226287,0,1
1192,30,-0.775772,-0.309798,-0.238652,0.165759,0,1
1176,30,-0.782745,-0.047557,-0.058054,0.055403,1,0
1197,30,-0.831037,-0.248245,-0.069336,0.259984,0,1
1190,30,-0.679730,-0.223356,0.033646,0.161699,0,1
1164,30,-0.794372,0.017615,-0.034324,-0.082632,1,0
1173,30,-0.764329,0.062976,0.000724,0.073584,1,0
1180,30,-0.723846,-0.341455,-0.142512,0.200842,0,1
1160,30,-0.711744,0.032474,0.054088,-0.009464,1,0
1179,30,-0.817683,0.026929,-0.056836,0.066519,1,0
1186,30,-0.708049,-0.222175,-0.104173,0.226175,0,1
1166,30,-0.811394,0.085693,-0.112517,-0.046217,1,0
1185,30,-0.817064,-0.338796,-0.120883,0.233486,0,1
1172,30,-0.878690,0.061464,-0.074387,0.018552,1,0
1161,30,-0.780054,-0.093502,-0.079757,0.070754,1,0
1198,30,-0.689637,-0.279158,-0.254103,0.174785,0,1
1168,30,-0.844191,0.036015,-0.144713,-0.095160,1,0
1162,30,-0.831566,-0.038065,-0.105360,-0.045654,1,0
1170,30,-0.811148,-0.042972,-0.065369,0.059323,1,0
1165,30,-0.768603,0.003881,-0.011750,0.060272,1,0
1184,30,-0.789367,-0.291137,-0.099637,0.209811,0,1
1188,30,-0.756324,-0.326338,-0.121103,0.205911,0,1
1178,30,-0.760236,0.051219,-0.034139,0.037014,1,0
1175,30,-0.800164,-0.019794,-0.008420,0.068701,1,0
1227,31,-0.683519,-0.357209,-0.179503,0.116321,0,1
1224,31,-0.750819,-0.313309,-0.036741,0.171970,0,1
1230,31,-0.758276,-0.334494,-0.089884,0.171901,0,1
1205,31,-0.809688,-0.135155,-0.107350,-0.030723,1,0
1209,31,-0.802662,-0.036049,-0.026115,-0.041075,1,0
1201,31,-0.687322,-0.045730,-0.037751,0.003460,1,0
1215,31,-0.803119,0.019225,-0.008982,-0.013348,1,0
1204,31,-0.772075,0.048233,-0.028558,-0.083840,1,0
1239,31,-0.678883,-0.306622,-0.203689,0.188302,0,1
1221,31,-0.770819,-0.267706,-0.018766,0.268711,0,1
1212,31,-0.724166,0.058039,-0.080661,0.057147,1,0
1213,31,-0.781526,-0.093711,0.004458,-0.114307,1,0
1210,31,-0.831969,0.063997,-0.082751,-0.078666,1,0
1234,31,-0.697666,-0.281120,-0.090153,0.208609,0,1
1233,31,-0.741293,-0.481879,-0.224226,0.036338,0,1
1218,31,-0.867789,0.024005,-0.056350,-0.009875,1,0
1238,31,-0.740766,-0.274756,-0.116355,0.159048,0,1
1211,31,-0.857242,-0.122067,-0.116319,0.016267,1,0
1219,31,-0.817573,0.029425,-0.017975,0.027409,1,0
1237,31,-0.748848,-0.330876,-0.118481,0.216617,0,1
1206,31,-0.805183,0.096803,-0.060572,-0.055023,1,0
1236,31,-0.722519,-0.312540,-0.109265,0.006433,0,1
1216,31,-0.736043,0.080801,-0.028846,-0.001284,1,0
1225,31,-0.740010,-0.341649,-0.090950,0.191743,0,1
1226,31,-0.715194,-0.281651,-0.036588,0.155141,0,1
1228,31,-0.720721,-0.176259,-0.061080,0.124463,0,1
1231,31,-0.755373,-0.281118,-0.130375,0.093376,0,1
1200,31,-0.740002,-0.030083,-0.032463,-0.016600,1,0
1207,31,-0.826987,0.031244,-0.048734,-0.065107,1,0
1202,31,-0.711482,0.056231,-0.029677,0.025184,1,0
1217,31,-0.813378,-0.080822,-0.054714,0.079086,1,0
1208,31,-0.815594,-0.014249,-0.077581,0.055500,1,0
1232,31,-0.671334,-0.272605,-0.084167,0.101318,0,1
1229,31,-0.732572,-0.271430,-0.189235,0.245229,0,1
1235,31,-0.766244,-0.440220,-0.112859,0.181174,0,1
1214,31,-0.879827,0.013040,-0.092105,-0.027371,1,0
1203,31,-0.715926,-0.000006,-0.073865,-0.004064,1,0
1220,31,-0.745587,-0.382124,-0.114835,0.226133,0,1
1222,31,-0.713198,-0.252101,-0.114027,0.244952,0,1
1223,31,-0.797860,-0.316690,-0.097317,0.197908,0,1
1251,32,-0.789365,-0.037439,-0.042646,0.010538,1,0
1248,32,-0.793159,0.005384,-0.045677,0.032560,1,0
1243,32,-0.812788,0.073694,-0.092757,0.115619,1,0
1240,32,-0.763594,-0.004470,0.016563,0.023615,1,0
1271,32,-0.729073,-0.311993,-0.066074,0.134668,0,1
1241,32,-0.786868,-0.009263,-0.100343,0.030299,1,0
1260,32,-0.757426,-0.245730,-0.191471,0.170555,0,1
1258,32,-0.789781,0.007601,-0.053117,-0.036176,1,0
1274,32,-0.835547,-0.289382,-0.084227,0.242662,0,1
1275,32,-0.817103,-0.320237,-0.102352,0.194377,0,1
1250,32,-0.818216,0.000795,-0.030303,-0.018969,1,0
1246,32,-0.795794,0.093712,-0.099929,-0.023160,1,0
1255,32,-0.830276,0.094563,-0.030223,-0.058905,1,0
1244,32,-0.772362,0.033898,-0.066519,-0.006948,1,0
1262,32,-0.771985,-0.312126,-0.089229,0.159417,0,1
1266,32,-0.750985,-0.388759,-0.079745,0.130298,0,1
1249,32,-0.767354,0.056195,-0.057561,-0.069557,1,0
1269,32,-0.735471,-0.280325,-0.151218,0.236294,0,1
1256,32,-0.812058,0.038687,-0.015551,0.010755,1,0
1278,32,-0.590961,-0.389383,-0.103243,0.244561,0,1
1277,32,-0.814481,-0.315740,-0.106127,0.239373,0,1
1264,32,-0.761780,-0.329548,-0.053599,0.171781,0,1
1276,32,-0.698770,-0.246060,-0.188350,0.206876,0,1
1272,32,-0.704003,-0.370370,-0.118344,0.304448,0,1
1279,32,-0.665517,-0.293979,-0.006383,0.200707,0,1
1265,32,-0.779294,-0.375649,-0.112750,0.167863,0,1
1253,32,-0.869065,0.049192,-0.019795,0.036103,1,0
1268,32,-0.787684,-0.368468,-0.137124,0.156252,0,1
1247,32,-0.776059,-0.067417,-0.050995,0.100572,1,0
1242,32,-0.804225,0.118034,-0.081117,-0.027335,1,0
1252,32,-0.837047,-0.006869,-0.065012,-0.040742,1,0
1263,32,-0.766425,-0.305865,-0.074565,0.134554,0,1
1257,32,-0.827338,0.099867,-0.022019,-0.008089,1,0
1273,32,-0.716002,-0.289605,-0.166167,0.262459,0,1
1267,32,-0.741540,-0.329819,-0.094556,0.144348,0,1
1270,32,-0.714439,-0.275430,-0.110075,0.126787,0,1
1261,32,-0.827125,-0.316775,-0.043244,0.148976,0,1
1245,32,-0.778714,-0.033745,-0.094007,-0.038426,1,0
1259,32,-0.772085,-0.010166,-0.084977,-0.049289,1,0
1254,32,-0.780945,0.097163,-0.078387,-0.052880,1,0
1296,33,-0.790655,0.061387,-0.009580,0.088076,1,0
1285,33,-0.877102,-0.089678,-0.048141,-0.014336,1,0
1292,33,-0.833740,0.022786,-0.058794,0.014449,1,0
1302,33,-0.717590,-0.248671,-0.114803,0.215122,0,1
1318,33,-0.755974,-0.329564,-0.133483,0.186645,0,1
1289,33,-0.811559,-0.038908,-0.125075,-0.044554,1,0
1298,33,-0.807019,0.026489,0.016058,-0.038892,1,0
1307,33,-0.735965,-0.282706,-0.082251,0.118384,0,1
1311,33,-0.698207,-0.287668,-0.131255,0.147885,0,1
1286,33,-0.770356,0.081048,-0.118850,-0.027150,1,0
1297,33,-0.794040,0.114010,0.038190,0.085446,1,0
1288,33,-0.856046,0.026683,0.003261,0.014102,1,0
1291,33,-0.875915,0.035568,-0.085151,0.004806,1,0
1319,33,-0.764659,-0.370961,-0.031270,0.205120,0,1
1304,33,-0.752468,-0.385959,0.000943,0.106324,0,1
1310,33,-0.640811,-0.373370,-0.120025,0.095679,0,1
1300,33,-0.658205,-0.390043,-0.123987,0.172062,0,1
1293,33,-0.758196,0.006554,-0.057536,-0.082673,1,0
1283,33,-0.799642,0.080730,-0.065025,-0.004886,1,0
1295,33,-0.757852,-0.026555,-0.023092,0.032296,1,0
1284,33,-0.697626,0.052708,-0.094166,0.063907,1,0
1303,33,-0.777542,-0.262459,-0.172649,0.192900,0,1
1287,33,-0.781042,0.062033,0.013691,-0.021618,1,0
1305,33,-0.750273,-0.356535,-0.130042,0.197342,0,1
1282,33,-0.851253,0.065007,-0.083739,0.038045,1,0
1306,33,-0.738847,-0.316828,-0.204904,0.212595,0,1
1294,33,-0.707393,0.104954,-0.014387,-0.045050,1,0
1308,33,-0.755037,-0.321164,-0.093826,0.200105,0,1
1313,33,-0.813504,-0.368356,-0.061611,0.102179,0,1
1312,33,-0.742307,-0.254024,-0.164521,0.215919,0,1
1309,33,-0.822482,-0.359116,-0.073967,0.188680,0,1
1314,33,-0.712998,-0.309070,-0.086241,0.235723,0,1
1280,33,-0.804416,0.060817,-0.046594,-0.005849,1,0
1317,33,-0.647084,-0.362085,-0.135332,0.205368,0,1
1299,33,-0.790547,0.085968,-0.074835,-0.006874,1,0
1301,33,-0.783961,-0.356815,-0.060325,0.134135,0,1
1316,33,-0.728603,-0.412509,-0.168883,0.227291,0,1
1290,33,-0.832528,0.076195,-0.096380,0.061684,1,0
1281,33,-0.872991,0.020461,-0.031934,-0.047144,1,0
1315,33,-0.689025,-0.315732,-0.086261,0.162784,0,1
1349,34,-0.673938,-0.272631,-0.064420,0.114680,0,1
1327,34,-0.805035,0.090497,-0.105895,-0.100290,1,0
1331,34,-0.777117,0.028429,-0.035389,-0.066070,1,0
1347,34,-0.705684,-0.372850,-0.125781,0.163365,0,1
1341,34,-0.654632,-0.337448,-0.185966,0.120254,0,1
1346,34,-0.702194,-0.281407,-0.167219,0.247816,0,1
1337,34,-0.700932,0.033754,-0.090634,-0.147203,1,0
1344,34,-0.786528,-0.394415,-0.084968,0.189334,0,1
1339,34,-0.850925,-0.078772,-0.120786,-0.159222,1,0
1351,34,-0.750587,-0.225875,-0.108502,0.167744,0,1
1342,34,-0.710413,-0.377965,-0.099873,0.212365,0,1
1354,34,-0.756559,-0.382034,-0.151065,0.130483,0,1
1355,34,-0.663832,-0.300395,-0.214953,0.146866,0,1
1335,34,-0.822365,0.043894,-0.135040,-0.193796,1,0
1334,34,-0.840177,-0.019175,-0.173320,-0.249424,1,0
1325,34,-0.822939,0.110330,-0.081417,-0.148808,1,0
1322,34,-0.880070,-0.002067,-0.034640,-0.123776,1,0
1352,34,-0.811588,-0.397467,-0.154071,0.191557,0,1
1326,34,-0.767162,0.043578,-0.070612,-0.209578,1,0
1332,34,-0.791137,0.003368,-0.058070,-0.104957,1,0
1338,34,-0.766525,0.028055,-0.185141,-0.104804,1,0
1333,34,-0.783424,0.069920,-0.141223,-0.116812,1,0
1343,34,-0.738900,-0.427241,-0.081987,0.180628,0,1
1328,34,-0.791305,-0.037874,-0.077704,-0.083089,1,0
1336,34,-0.859149,0.016481,-0.112179,-0.184795,1,0
1330,34,-0.859803,0.084793,-0.187685,-0.059484,1,0
1323,34,-0.857040,0.032910,-0.130733,-0.145695,1,0
1329,34,-0.754961,-0.082531,-0.071509,-0.215953,1,0
1350,34,-0.689070,-0.351449,-0.078418,0.133229,0,1
1359,34,-0.783368,-0.272037,-0.213447,0.216558,0,1
1320,34,-0.850883,0.037855,-0.150745,-0.105700,1,0
1324,34,-0.806472,0.031854,-0.117013,-0.245235,1,0
1348,34,-0.816194,-0.387647,-0.064088,0.131449,0,1
1356,34,-0.719810,-0.231436,-0.168523,0.199305,0,1
1345,34,-0.674965,-0.259041,-0.129403,0.135439,0,1
1358,34,-0.717322,-0.396165,-0.111376,0.160796,0,1
1321,34,-0.799413,-0.010274,-0.030146,-0.152541,1,0
1340,34,-0.733689,-0.329614,-0.154312,0.143988,0,1
1357,34,-0.703620,-0.304131,-0.150906,0.115954,0,1
1353,34,-0.675585,-0.427941,-0.128051,0.181997,0,1
1377,35,-0.790950,0.060303,-0.118516,-0.143344,1,0
1382,35,-0.636889,-0.253445,0.041945,0.208816,0,1
1398,35,-0.635996,-0.198764,-0.070310,0.113810,0,1
1394,35,-0.669799,-0.311354,-0.110420,0.066335,0,1
1362,35,-0.782688,0.080714,-0.097139,-0.104982,1,0
1391,35,-0.634185,-0.324808,-0.097758,0.076302,0,1
1399,35,-0.696603,-0.399289,-0.002674,0.173169,0,1
1388,35,-0.808110,-0.366279,0.018866,0.112659,0,1
1381,35,-0.703305,-0.299694,0.072487,0.173799,0,1
1389,35,-0.608390,-0.401377,-0.074108,0.175763,0,1
1380,35,-0.751905,-0.366922,0.017062,0.074497,0,1
1385,35,-0.771964,-0.330088,0.070379,0.046109,0,1
1370,35,-0.741715,0.008546,-0.180411,-0.250830,1,0
1379,35,-0.859558,0.019343,-0.094073,-0.132830,1,0
1383,35,-0.743909,-0.344637,0.009959,0.085494,0,1
1392,35,-0.644951,-0.309855,0.014112,0.024082,0,1
1363,35,-0.842374,-0.085837,-0.092460,-0.094952,1,0
1366,35,-0.728595,0.055977,-0.068414,-0.098518,1,0
1372,35,-0.772268,0.075468,-0.058853,-0.147185,1,0
1376,35,-0.770352,0.061821,-0.053431,-0.102191,1,0
1396,35,-0.678887,-0.315402,0.039643,0.049266,0,1
1387,35,-0.800785,-0.387630,-0.058961,0.081595,0,1
1378,35,-0.657423,0.079715,-0.140428,-0.123186,1,0
1375,35,-0.791204,0.017255,-0.072360,-0.232892,1,0
1393,35,-0.736062,-0.363938,0.021667,0.131013,0,1
1365,35,-0.787129,0.015258,-0.085425,-0.071808,1,0
1397,35,-0.751256,-0.327361,-0.102323,0.102302,0,1
1374,35,-0.755557,0.064841,-0.111120,-0.009848,1,0
1360,35,-0.755875,0.005577,-0.125727,-0.045664,1,0
1386,35,-0.718034,-0.336682,-0.036056,0.108256,0,1
1371,35,-0.808603,-0.038274,0.046024,-0.064480,1,0
1364,35,-0.856150,0.018571,-0.057127,-0.219609,1,0
1373,35,-0.835207,0.012516,-0.106968,-0.125917,1,0
1395,35,-0.665471,-0.329445,-0.117294,0.073677,0,1
1368,35,-0.791897,0.054534,-0.072104,-0.102765,1,0
1384,35,-0.762266,-0.349286,0.037545,0.187314,0,1
1367,35,-0.857850,-0.042439,-0.120338,-0.140540,1,0
1369,35,-0.775279,0.083747,-0.102271,-0.124569,1,0
1390,35,-0.700246,-0.354704,-0.065469,0.075932,0,1
1361,35,-0.871042,0.153778,-0.100608,-0.092502,1,0
1429,36,-0.744693,-0.375569,-0.020101,-0.039931,0,1
1401,36,-0.727806,-0.000014,-0.182369,-0.146786,1,0
1415,36,-0.781004,0.017417,-0.110452,-0.113232,1,0
1408,36,-0.730029,0.062185,-0.113020,-0.182531,1,0
1427,36,-0.724024,-0.391840,-0.047532,-0.104193,0,1
1409,36,-0.804739,0.009531,-0.153688,-0.142838,1,0
1419,36,-0.775975,0.058607,-0.057914,-0.085958,1,0
1416,36,-0.801603,0.049692,-0.064426,-0.061939,1,0
1426,36,-0.682457,-0.359999,-0.047644,-0.007124,0,1
1439,36,-0.687891,-0.339399,0.036544,-0.012807,0,1
1437,36,-0.642653,-0.381496,-0.068295,-0.073477,0,1
1421,36,-0.721505,-0.345222,-0.023443,-0.111605,0,1
1417,36,-0.903816,0.077074,-0.005508,-0.125050,1,0
1400,36,-0.814923,0.152275,-0.071259,-0.081293,1,0
1425,36,-0.711975,-0.352172,-0.094733,-0.046077,0,1
1434,36,-0.715841,-0.339639,-0.012951,-0.009285,0,1
1422,36,-0.719166,-0.367549,-0.013840,-0.124438,0,1
1407,36,-0.878839,0.087117,-0.159972,-0.145574,1,0
1404,36,-0.782821,0.002582,-0.176152,-0.064825,1,0
1405,36,-0.929058,0.078879,-0.126082,-0.143497,1,0
1436,36,-0.828007,-0.431337,-0.064983,-0.059296,0,1
1420,36,-0.671228,-0.279905,-0.050433,-0.001529,0,1
1431,36,-0.653847,-0.343824,-0.064741,-0.001578,0,1
1410,36,-0.795464,-0.046570,-0.130056,-0.120805,1,0
1403,36,-0.821579,-0.008076,0.004660,-0.115993,1,0
1413,36,-0.796120,-0.019330,-0.185168,-0.072327,1,0
1435,36,-0.791568,-0.357570,-0.033562,-0.034691,0,1
1423,36,-0.775734,-0.273151,-0.063087,-0.059292,0,1
1438,36,-0.779666,-0.276636,-0.031978,-0.087215,0,1
1418,36,-0.736999,0.019809,-0.075111,-0.125478,1,0
1414,36,-0.804787,-0.006303,-0.035165,-0.270232,1,0
1432,36,-0.740030,-0.317141,0.038804,0.011941,0,1
1411,36,-0.672549,0.004021,-0.114339,-0.052116,1,0
1412,36,-0.825548,-0.051882,-0.129824,-0.098384,1,0
1424,36,-0.699864,-0.292869,0.011638,-0.046593,0,1
1406,36,-0.788315,0.061896,-0.134549,-0.155984,1,0
1433,36,-0.675348,-0.369774,-0.047404,-0.003938,0,1
1428,36,-0.845829,-0.433397,-0.035182,-0.120637,0,1
1402,36,-0.733377,0.069849,-0.048812,-0.187551,1,0
1430,36,-0.707478,-0.342482,-0.091523,-0.120303,0,1
1444,37,-0.855646,-0.014286,-0.066216,-0.156192,1,0
1449,37,-0.761862,0.042078,-0.059253,-0.053655,1,0
1478,37,-0.676333,-0.402243,0.019241,0.104812,0,1
1456,37,-0.793465,0.049948,-0.116921,-0.066435,1,0
1468,37,-0.718500,-0.327424,0.092587,-0.022276,0,1
1445,37,-0.857932,0.015379,-0.136610,-0.241783,1,0
1446,37,-0.885948,0.053171,-0.142890,-0.161505,1,0
1466,37,-0.763530,-0.308652,0.089738,0.046346,0,1
1464,37,-0.676457,-0.475291,0.012014,0.079472,0,1
1452,37,-0.758249,0.001849,-0.103162,-0.103150,1,0
1467,37,-0.618844,-0.396138,-0.008592,0.059277,0,1
1479,37,-0.713328,-0.423246,0.001068,0.091344,0,1
1474,37,-0.716706,-0.341876,0.046365,0.084495,0,1
1476,37,-0.680891,-0.358593,-0.017606,-0.001325,0,1
1442,37,-0.864117,0.009976,-0.122395,-0.192380,1,0
1472,37,-0.709695,-0.297063,0.029209,0.004230,0,1
1453,37,-0.779678,0.141517,-0.085930,-0.089091,1,0
1461,37,-0.677260,-0.292487,-0.050773,0.014809,0,1
1471,37,-0.609906,-0.464499,-0.039305,0.008656,0,1
1443,37,-0.820203,0.003754,-0.103641,-0.121876,1,0
1450,37,-0.797471,-0.013105,-0.114879,-0.111282,1,0
1460,37,-0.760868,-0.282271,0.109386,0.136931,0,1
1469,37,-0.727031,-0.319399,0.005451,0.022353,0,1
1470,37,-0.685139,-0.404973,0.066345,0.018413,0,1
1455,37,-0.707859,0.021385,-0.135709,-0.178706,1,0
1451,37,-0.793545,-0.006185,-0.124479,-0.076986,1,0
1441,37,-0.759749,0.030601,-0.120280,-0.126180,1,0
1459,37,-0.772883,0.051709,-0.039050,-0.137423,1,0
1458,37,-0.845586,-0.020561,-0.179956,-0.125278,1,0
1475,37,-0.711416,-0.383721,0.032398,-0.043651,0,1
1448,37,-0.774627,-0.009353,-0.117637,-0.097102,1,0
1463,37,-0.770953,-0.386136,-0.021943,0.057414,0,1
1454,37,-0.786952,0.018895,-0.175540,-0.118925,1,0
1473,37,-0.641561,-0.335414,0.087917,0.103704,0,1
1462,37,-0.666834,-0.380306,-0.004352,0.096076,0,1
1465,37,-0.737306,-0.324235,0.070623,-0.063738,0,1
1477,37,-0.769757,-0.288405,-0.011950,0.093393,0,1
1440,37,-0.732509,0.076373,-0.078446,-0.152847,1,0
1447,37,-0.737492,0.015742,-0.174732,-0.188894,1,0
1457,37,-0.840630,0.016057,-0.092189,-0.167515,1,0
1485,38,-0.817636,0.050022,-0.036826,-0.163299,1,0
1518,38,-0.756307,-0.419690,-0.001081,0.038783,0,1
1502,38,-0.643908,-0.304924,0.082235,-0.000837,0,1
1498,38,-0.732538,-0.010828,-0.004453,-0.077570,1,0
1514,38,-0.718073,-0.335906,0.042319,0.098863,0,1
1481,38,-0.861994,0.069767,0.092459,-0.165495,1,0
1508,38,-0.675267,-0.393853,0.096921,0.042391,0,1
1497,38,-0.816793,0.020912,-0.066592,-0.126209,1,0
1513,38,-0.689445,-0.431649,0.024888,0.013771,0,1
1509,38,-0.717406,-0.387096,0.035997,0.067131,0,1
1493,38,-0.862861,0.055623,-0.009902,-0.135995,1,0
1492,38,-0.776419,0.034918,0.030392,-0.086148,1,0
1503,38,-0.800768,-0.392943,-0.050840,0.082571,0,1
1504,38,-0.742885,-0.304801,-0.035549,0.047666,0,1
1480,38,-0.769556,0.060235,0.006946,-0.111862,1,0
1488,38,-0.781041,0.026406,-0.039597,-0.158998,1,0
1490,38,-0.755055,-0.076186,0.064516,-0.007698,1,0
1501,38,-0.758850,-0.394800,-0.021158,0.144641,0,1
1495,38,-0.817271,0.003885,-0.020663,-0.063804,1,0
1510,38,-0.756893,-0.359221,0.030618,0.055294,0,1
1505,38,-0.669615,-0.410414,0.016548,-0.100197,0,1
1487,38,-0.775983,0.108028,0.019170,-0.179032,1,0
1507,38,-0.657750,-0.325735,0.065754,0.114151,0,1
1482,38,-0.762648,0.020342,0.085316,-0.128624,1,0
1506,38,-0.750735,-0.461169,-0.012110,0.004671,0,1
1484,38,-0.834881,-0.005770,0.016951,-0.153610,1,0
1516,38,-0.721153,-0.327286,-0.004272,-0.039164,0,1
1500,38,-0.741530,-0.400461,0.101505,0.192987,0,1
1496,38,-0.807629,0.059754,-0.034052,-0.178805,1,0
1511,38,-0.685674,-0.334716,-0.062291,0.011663,0,1
1491,38,-0.750017,0.040536,0.025092,-0.162129,1,0
1512,38,-0.651962,-0.437888,0.151101,-0.019352,0,1
1486,38,-0.832648,-0.000739,-0.004840,-0.093732,1,0
1515,38,-0.695585,-0.419138,0.027749,0.005862,0,1
1494,38,-0.717365,-0.013135,-0.023684,-0.021563,1,0
1489,38,-0.711989,0.039414,-0.028441,-0.113659,1,0
1519,38,-0.697969,-0.473751,0.016255,0.094833,0,1
1499,38,-0.816397,0.001563,-0.012787,-0.118687,1,0
1517,38,-0.762648,-0.423994,0.024595,0.068522,0,1
1483,38,-0.763460,0.092399,0.012870,-0.101313,1,0
1541,39,-0.698515,-0.360272,-0.064988,0.063658,0,1
1537,39,-0.672242,0.089658,0.016671,-0.063978,1,0
1552,39,-0.691468,-0.375721,-0.070842,0.092775,0,1
1546,39,-0.754074,-0.379941,0.006072,0.032166,0,1
1543,39,-0.614435,-0.370205,0.086247,-0.005075,0,1
1520,39,-0.865936,0.089684,-0.087787,-0.179768,1,0
1525,39,-0.812145,0.090370,0.023579,-0.147103,1,0
1559,39,-0.725710,-0.363605,0.138374,0.101933,0,1
1533,39,-0.787298,0.015074,0.021707,-0.161437,1,0
1532,39,-0.818481,0.027693,-0.003447,-0.153095,1,0
1555,39,-0.783140,-0.313833,0.125154,0.062088,0,1
1544,39,-0.630279,-0.369537,0.007540,0.096318,0,1
1554,39,-0.755371,-0.430140,-0.019289,0.066610,0,1
1521,39,-0.841693,-0.038781,0.013500,-0.107203,1,0
1553,39,-0.729582,-0.399555,0.004947,0.048927,0,1
1528,39,-0.831774,0.154872,-0.010836,-0.204218,1,0
1522,39,-0.807301,-0.015213,0.139324,-0.122195,1,0
1539,39,-0.820511,0.055747,-0.062095,-0.164699,1,0
1551,39,-0.668406,-0.392416,-0.051242,0.060492,0,1
1531,39,-0.774396,0.027063,-0.001062,-0.043076,1,0
1527,39,-0.771208,0.043714,-0.010241,-0.132171,1,0
1540,39,-0.811651,-0.269002,0.050344,0.015718,0,1
1526,39,-0.720213,0.135588,-0.059471,-0.128990,1,0
1524,39,-0.740191,0.064986,-0.077140,-0.211748,1,0
1523,39,-0.784457,0.067358,-0.102190,-0.163127,1,0
1547,39,-0.772895,-0.444807,0.114950,0.063126,0,1
1549,39,-0.713659,-0.323646,0.064712,0.037314,0,1
1542,39,-0.693187,-0.324675,-0.118783,-0.054748,0,1
1550,39,-0.758002,-0.370637,0.018423,0.102074,0,1
1534,39,-0.820079,0.071486,0.032720,-0.091526,1,0
1530,39,-0.784038,0.037488,0.082860,-0.120147,1,0
1557,39,-0.728399,-0.324179,0.035316,0.078843,0,1
1556,39,-0.659686,-0.344483,-0.004471,0.086596,0,1
1535,39,-0.693851,0.038688,-0.034992,-0.119258,1,0
1558,39,-0.727117,-0.343863,0.024105,0.051924,0,1
1529,39,-0.868723,0.033872,-0.025610,-0.119331,1,0
1548,39,-0.801667,-0.405918,-0.020918,0.034689,0,1
1536,39,-0.791025,0.097984,0.004391,-0.087987,1,0
1545,39,-0.758463,-0.260859,0.038921,-0.012705,0,1
1538,39,-0.757192,-0.001378,-0.012660,-0.084835,1,0
1568,40,-0.799720,0.068194,-0.023719,-0.155143,1,0
1560,40,-0.872786,0.063537,0.048483,-0.173584,1,0
1598,40,-0.790878,-0.343927,-0.026807,0.007766,0,1
1566,40,-0.704126,0.071427,-0.005725,-0.207503,1,0
1561,40,-0.862535,0.112734,-0.082396,-0.099286,1,0
1594,40,-0.685153,-0.387572,0.014892,-0.009424,0,1
1564,40,-0.767596,0.073403,-0.059361,-0.092000,1,0
1585,40,-0.721198,-0.329398,0.041972,0.027065,0,1
1577,40,-0.689850,0.041987,0.094596,-0.111123,1,0
1572,40,-0.828707,0.106062,0.029784,-0.147981,1,0
1593,40,-0.662233,-0.342646,0.059769,0.153986,0,1
1583,40,-0.663794,-0.367493,0.056253,0.012508,0,1
1580,40,-0.690952,-0.376117,-0.064391,0.070896,0,1
1574,40,-0.825609,0.110571,-0.055392,-0.063160,1,0
1565,40,-0.816259,0.163666,0.016374,-0.156474,1,0
1567,40,-0.772429,0.072386,0.118833,-0.145013,1,0
1584,40,-0.735833,-0.331189,0.048280,0.052293,0,1
1591,40,-0.734164,-0.386889,-0.020258,0.045927,0,1
1569,40,-0.744919,0.091004,0.060271,-0.226237,1,0
1562,40,-0.734537,0.067110,-0.077330,-0.156474,1,0
1597,40,-0.647406,-0.311041,-0.040489,-0.039879,0,1
1586,40,-0.742178,-0.366334,-0.015922,-0.022075,0,1
1563,40,-0.852434,0.088882,-0.085487,-0.204463,1,0
1595,40,-0.694011,-0.356860,0.042572,0.056148,0,1
1573,40,-0.815425,0.102823,-0.044483,-0.140682,1,0
1589,40,-0.659673,-0.376230,-0.044927,-0.071037,0,1
1592,40,-0.736489,-0.442812,-0.047260,0.232594,0,1
1588,40,-0.697740,-0.388868,-0.047980,0.019516,0,1
1576,40,-0.802003,0.051567,-0.039086,-0.128335,1,0
1579,40,-0.765911,0.091572,-0.028048,-0.133796,1,0
1575,40,-0.838521,0.068703,-0.063980,-0.144965,1,0
1596,40,-0.736927,-0.385527,0.082264,0.034768,0,1
1582,40,-0.707542,-0.387667,-0.043744,-0.007035,0,1
1590,40,-0.704719,-0.450409,-0.011803,0.003737,0,1
1578,40,-0.763118,0.083694,0.096587,-0.097181,1,0
1571,40,-0.827518,0.102391,0.051953,-0.068270,1,0
1587,40,-0.797865,-0.368983,0.057101,-0.007280,0,1
1570,40,-0.776690,0.063519,-0.073466,-0.078901,1,0
1581,40,-0.648340,-0.333272,0.055139,0.037920,0,1
1599,40,-0.712687,-0.354147,0.010455,-0.026758,0,1
1634,41,-0.648501,-0.339623,0.024586,-0.074321,0,1
1602,41,-0.741869,0.012619,-0.059905,-0.191937,1,0
1603,41,-0.761385,0.118081,-0.096521,-0.115564,1,0
1622,41,-0.709562,-0.342949,0.013565,-0.077696,0,1
1605,41,-0.817088,0.126499,-0.059678,-0.101256,1,0
1615,41,-0.664789,-0.010022,-0.021380,-0.105682,1,0
1633,41,-0.668065,-0.419665,-0.024107,0.008101,0,1
1623,41,-0.650604,-0.374595,-0.001054,0.032579,0,1
1616,41,-0.785085,0.077643,0.075858,-0.005198,1,0
1627,41,-0.746295,-0.416216,-0.043888,-0.006858,0,1
1636,41,-0.666795,-0.403756,-0.040887,-0.034794,0,1
1611,41,-0.807809,0.071139,-0.065655,-0.151107,1,0
1637,41,-0.686001,-0.333523,0.000605,0.035796,0,1
1619,41,-0.737946,0.040206,-0.012172,-0.062866,1,0
1632,41,-0.699191,-0.320440,0.067762,-0.039298,0,1
1601,41,-0.839731,0.042343,0.068964,-0.124063,1,0
1613,41,-0.737674,0.068233,-0.035911,-0.174502,1,0
1630,41,-0.647192,-0.385572,0.038930,-0.040819,0,1
1626,41,-0.675822,-0.298924,-0.001760,-0.008108,0,1
1639,41,-0.677791,-0.364169,-0.065206,-0.024940,0,1
1607,41,-0.786773,0.055099,-0.064069,-0.077498,1,0
1614,41,-0.805060,0.068900,0.068538,-0.141075,1,0
1609,41,-0.891518,0.183256,-0.005535,-0.155945,1,0
1600,41,-0.790864,0.039136,0.074612,-0.086832,1,0
1608,41,-0.841376,-0.029440,-0.042594,-0.140300,1,0
1624,41,-0.730898,-0.317430,0.068486,0.022512,0,1
1620,41,-0.724787,-0.403848,-0.013192,0.042549,0,1
1638,41,-0.737652,-0.360464,0.054723,0.002569,0,1
1606,41,-0.714903,-0.055881,-0.004176,-0.084116,1,0
1617,41,-0.778816,0.102787,-0.024535,-0.030677,1,0
1610,41,-0.857095,0.083932,0.064374,-0.155720,1,0
1604,41,-0.741833,0.032247,-0.073772,-0.092357,1,0
1631,41,-0.599987,-0.372515,-0.010551,-0.058355,0,1
1635,41,-0.772552,-0.402608,0.006254,-0.080379,0,1
1625,41,-0.693510,-0.497615,0.059984,-0.022924,0,1
1612,41,-0.771060,0.120685,0.012108,-0.100494,1,0
1629,41,-0.727078,-0.340692,0.087377,0.136261,0,1
1628,41,-0.664503,-0.389678,0.154307,-0.045305,0,1
1621,41,-0.703991,-0.302156,0.051553,0.089411,0,1
1618,41,-0.853083,0.089762,0.037237,-0.156097,1,0
1651,42,-0.782417,0.053218,-0.074717,-0.111994,1,0
1652,42,-0.848542,0.037776,-0.032309,-0.123437,1,0
1673,42,-0.707661,-0.413494,-0.033999,0.090886,0,1
1654,42,-0.883533,0.124144,-0.046277,-0.045860,1,0
1660,42,-0.751857,-0.433517,0.011726,-0.024706,0,1
1659,42,-0.798595,-0.042455,0.020979,-0.078964,1,0
1676,42,-0.696857,-0.304210,0.132180,0.066783,0,1
1641,42,-0.770782,0.004743,-0.023069,-0.100864,1,0
1670,42,-0.805111,-0.384366,0.040738,-0.075373,0,1
1666,42,-0.805260,-0.323391,0.010069,-0.090779,0,1
1644,42,-0.908059,-0.012820,0.003219,-0.037055,1,0
1664,42,-0.691251,-0.441852,0.013681,-0.036410,0,1
1656,42,-0.809754,0.110799,0.016996,-0.109171,1,0
1655,42,-0.852407,0.017334,-0.026498,-0.164663,1,0
1647,42,-0.661882,0.136944,0.005400,-0.071175,1,0
1671,42,-0.726197,-0.403916,0.012328,0.006820,0,1
1663,42,-0.699817,-0.321609,0.025188,0.064498,0,1
1675,42,-0.713618,-0.371290,-0.020228,-0.025056,0,1
1669,42,-0.672708,-0.433087,0.054205,0.093803,0,1
1677,42,-0.675781,-0.347440,-0.029790,0.048713,0,1
1648,42,-0.775386,-0.020537,-0.017720,-0.147813,1,0
1640,42,-0.756274,0.112290,0.061538,-0.139978,1,0
1661,42,-0.670029,-0.505757,-0.030648,-0.008775,0,1
1672,42,-0.736268,-0.352708,-0.113631,-0.013316,0,1
1653,42,-0.844201,0.069091,-0.044625,-0.181457,1,0
1649,42,-0.727093,0.078047,0.029220,-0.171123,1,0
1665,42,-0.707659,-0.350013,0.075993,-0.035745,0,1
1667,42,-0.751811,-0.377680,0.033582,-0.047124,0,1
1646,42,-0.804793,0.121013,-0.003679,-0.213638,1,0
1662,42,-0.632600,-0.354736,0.024602,-0.052204,0,1
1657,42,-0.780949,0.073896,-0.019977,-0.097011,1,0
1668,42,-0.799040,-0.286951,0.026923,0.085701,0,1
1650,42,-0.793176,0.118699,-0.004524,-0.160937,1,0
1679,42,-0.768286,-0.392035,0.008295,0.004073,0,1
1643,42,-0.693944,-0.009439,-0.033986,-0.103405,1,0
1674,42,-0.661881,-0.414934,0.047611,-0.007950,0,1
1645,42,-0.842590,0.017020,-0.006863,-0.077356,1,0
1658,42,-0.769590,0.060402,-0.025289,-0.150439,1,0
1642,42,-0.751966,0.031615,-0.014573,-0.185291,1,0
1678,42,-0.634804,-0.317103,0.061843,-0.003747,0,1
1718,43,-0.688473,-0.358723,0.006668,0.041809,0,1
1694,43,-0.728682,0.049406,-0.142368,-0.074641,1,0
1719,43,-0.812880,-0.459278,-0.072010,0.036013,0,1
1706,43,-0.682161,-0.391083,0.069789,-0.051598,0,1
1705,43,-0.712430,-0.275927,0.021621,0.039605,0,1
1681,43,-0.814055,0.029999,-0.025170,-0.102340,1,0
1703,43,-0.695492,-0.439015,-0.010503,-0.086856,0,1
1708,43,-0.763585,-0.344395,-0.025373,-0.031376,0,1
1700,43,-0.723916,-0.423017,-0.004773,-0.052132,0,1
1685,43,-0.687487,0.055370,-0.119957,-0.058610,1,0
1688,43,-0.794120,0.054326,-0.152895,-0.077944,1,0
1709,43,-0.656307,-0.395185,-0.035455,0.016724,0,1
1695,43,-0.758349,0.004590,-0.043359,-0.104401,1,0
1716,43,-0.785252,-0.318338,0.045739,-0.095737,0,1
1698,43,-0.839061,0.050195,-0.098749,-0.086081,1,0
1699,43,-0.760673,0.078261,-0.044484,-0.073022,1,0
1689,43,-0.870322,0.009647,-0.065969,-0.045372,1,0
1686,43,-0.712455,0.143133,-0.076025,-0.061880,1,0
1693,43,-0.842764,0.070379,0.038189,-0.022816,1,0
1707,43,-0.667036,-0.375776,-0.004950,0.079218,0,1
1690,43,-0.769756,0.142250,-0.075515,-0.034549,1,0
1680,43,-0.772387,0.022963,0.001118,-0.086636,1,0
1687,43,-0.754041,0.077636,-0.090886,0.033108,1,0
1704,43,-0.735607,-0.323567,-0.050452,-0.013552,0,1
1711,43,-0.648953,-0.423601,0.056924,-0.006397,0,1
1715,43,-0.648900,-0.342242,-0.065027,-0.011747,0,1
1710,43,-0.727852,-0.341210,0.047420,0.019378,0,1
1713,43,-0.700816,-0.351200,-0.029513,0.050841,0,1
1702,43,-0.708942,-0.395102,-0.060657,0.045326,0,1
1712,43,-0.796823,-0.324385,0.007697,-0.025889,0,1
1692,43,-0.703507,-0.005565,-0.120556,-0.042969,1,0
1697,43,-0.856300,0.094958,-0.021655,-0.001799,1,0
1684,43,-0.767261,0.039513,-0.076569,-0.020025,1,0
1701,43,-0.695534,-0.467287,-0.039076,-0.016899,0,1
1717,43,-0.641942,-0.455863,-0.029330,-0.019404,0,1
1714,43,-0.616569,-0.418682,0.078049,-0.024317,0,1
1696,43,-0.779979,0.040657,-0.008930,-0.042891,1,0
1682,43,-0.827387,0.076195,-0.073503,-0.071158,1,0
1691,43,-0.792738,0.053863,-0.102130,0.034407,1,0
1683,43,-0.755875,-0.036244,-0.115042,-0.001185,1,0
1748,44,-0.797474,-0.424205,-0.067087,0.315287,0,1
1743,44,-0.571682,-0.380143,-0.035515,0.207342,0,1
1736,44,-0.791906,0.086590,-0.031584,-0.104158,1,0
1746,44,-0.779679,-0.364921,-0.008928,0.408404,0,1
1754,44,-0.750547,-0.282073,-0.075734,0.363097,0,1
1728,44,-0.712510,0.131544,-0.160948,-0.079207,1,0
1759,44,-0.669646,-0.383194,0.018322,0.368443,0,1
1753,44,-0.671908,-0.422278,-0.057658,0.262206,0,1
1730,44,-0.711193,0.090075,-0.017878,-0.104009,1,0
1752,44,-0.752891,-0.430193,-0.068476,0.297636,0,1
1724,44,-0.809914,0.103538,-0.092314,-0.125150,1,0
1757,44,-0.702999,-0.400777,-0.039271,0.299259,0,1
1756,44,-0.680563,-0.380935,-0.051009,0.247470,0,1
1747,44,-0.690753,-0.390052,-0.098209,0.315236,0,1
1726,44,-0.841930,0.126522,-0.067370,-0.035251,1,0
1734,44,-0.792461,0.058223,-0.122508,-0.071515,1,0
1738,44,-0.799915,0.034267,-0.099006,-0.011216,1,0
1729,44,-0.860403,0.026558,-0.105565,-0.099069,1,0
1733,44,-0.841402,-0.051613,-0.179340,-0.005838,1,0
1742,44,-0.678254,-0.409979,0.054188,0.367520,0,1
1739,44,-0.813682,0.026679,-0.097749,-0.076751,1,0
1732,44,-0.810575,0.032955,0.025065,-0.077929,1,0
1740,44,-0.640134,-0.440548,0.031846,0.292806,0,1
1751,44,-0.774378,-0.350426,0.003443,0.294227,0,1
1744,44,-0.789858,-0.414522,-0.064757,0.296723,0,1
1721,44,-0.866414,0.053601,-0.147132,-0.010077,1,0
1731,44,-0.862380,0.028992,-0.141764,-0.024806,1,0
1737,44,-0.750673,0.043948,-0.118062,-0.106555,1,0
1722,44,-0.695629,0.114282,-0.178911,0.010569,1,0
1750,44,-0.718605,-0.398144,-0.112895,0.299611,0,1
1720,44,-0.807384,0.143589,-0.038235,-0.018857,1,0
1723,44,-0.833907,0.024601,-0.056717,-0.008661,1,0
1735,44,-0.840368,0.014611,-0.034778,-0.016084,1,0
1758,44,-0.691304,-0.371840,0.027732,0.419341,0,1
1741,44,-0.784321,-0.369536,0.007542,0.296396,0,1
1745,44,-0.734915,-0.295354,-0.054557,0.290926,0,1
1727,44,-0.782418,0.106453,-0.019000,-0.004388,1,0
1725,44,-0.773762,0.141402,-0.148673,-0.016605,1,0
1749,44,-0.736561,-0.418853,-0.028244,0.283286,0,1
1755,44,-0.651729,-0.381208,-0.018026,0.294623,0,1
1776,45,-0.875574,0.077533,-0.065519,-0.047730,1,0
1765,45,-0.845731,0.025064,-0.083167,0.001535,1,0
1784,45,-0.639546,-0.444526,-0.073313,0.393602,0,1
1778,45,-0.811099,-0.003502,-0.073067,-0.015017,1,0
1799,45,-0.676236,-0.325978,-0.058364,0.288774,0,1
1763,45,-0.798089,0.080132,-0.114219,-0.039245,1,0
1788,45,-0.705393,-0.326558,-0.082920,0.355736,0,1
1792,45,-0.626805,-0.368230,-0.081599,0.356961,0,1
1771,45,-0.828616,0.050553,-0.052773,-0.114493,1,0
1770,45,-0.810764,0.114663,-0.021354,0.055017,1,0
1768,45,-0.849021,0.050052,-0.149942,-0.036992,1,0
1773,45,-0.744211,-0.063708,-0.165450,-0.068333,1,0
1764,45,-0.768246,0.039490,-0.101875,0.046392,1,0
1772,45,-0.796732,0.099263,-0.064489,-0.051432,1,0
1780,45,-0.675732,-0.400232,-0.155084,0.271070,0,1
1769,45,-0.800080,0.118277,-0.119612,0.010342,1,0
1767,45,-0.750496,0.116062,-0.149819,-0.073339,1,0
1793,45,-0.693646,-0.428548,-0.081371,0.292870,0,1
1781,45,-0.623355,-0.337426,-0.071055,0.344222,0,1
1790,45,-0.655035,-0.458913,-0.099796,0.345286,0,1
1782,45,-0.773697,-0.390718,-0.047680,0.305822,0,1
1794,45,-0.744047,-0.460188,0.016911,0.358634,0,1
1786,45,-0.736831,-0.466121,-0.074880,0.327723,0,1
1791,45,-0.761579,-0.417651,-0.126762,0.314771,0,1
1766,45,-0.685023,0.076997,-0.072641,-0.052892,1,0
1787,45,-0.707153,-0.333619,-0.047498,0.293489,0,1
1798,45,-0.621390,-0.415083,-0.046983,0.236449,0,1
1779,45,-0.728244,0.053254,-0.073000,-0.033385,1,0
1797,45,-0.676300,-0.399893,-0.077208,0.308274,0,1
1775,45,-0.821604,0.056537,-0.067440,-0.056843,1,0
1785,45,-0.664434,-0.475678,-0.067804,0.374973,0,1
1762,45,-0.729034,0.087704,-0.030504,-0.093691,1,0
1783,45,-0.774361,-0.399188,-0.130726,0.385857,0,1
1796,45,-0.717434,-0.401912,-0.037805,0.411879,0,1
1761,45,-0.781051,0.138276,-0.180967,0.003453,1,0
1789,45,-0.688868,-0.415668,-0.086983,0.333414,0,1
1774,45,-0.755635,0.081094,-0.031788,-0.042630,1,0
1795,45,-0.723046,-0.264439,-0.105403,0.287506,0,1
1760,45,-0.799391,-0.029088,-0.110240,-0.109270,1,0
1777,45,-0.808448,0.029139,-0.035132,-0.005711,1,0
1830,46,-0.659988,-0.304998,-0.001687,0.371747,0,1
1827,46,-0.707526,-0.471743,0.034859,0.340618,0,1
1816,46,-0.708145,0.141162,-0.011127,0.059487,1,0
1834,46,-0.649386,-0.480947,0.010991,0.391603,0,1
1835,46,-0.779574,-0.392118,-0.016500,0.288434,0,1
1800,46,-0.704851,0.056757,-0.091323,-0.000936,1,0
1821,46,-0.702453,-0.427140,-0.070491,0.338781,0,1
1815,46,-0.786721,0.063611,-0.102645,-0.006010,1,0
1804,46,-0.751612,0.024713,-0.002379,-0.027550,1,0
1819,46,-0.844155,0.063561,-0.135681,-0.017204,1,0
1808,46,-0.734563,0.040432,-0.097330,-0.049206,1,0
1801,46,-0.858838,0.103085,-0.105946,0.060056,1,0
1822,46,-0.648914,-0.480933,-0.097494,0.381317,0,1
1832,46,-0.666365,-0.375002,-0.086794,0.322168,0,1
1803,46,-0.820627,0.094816,-0.021061,-0.051628,1,0
1814,46,-0.751328,0.090774,-0.165934,-0.138900,1,0
1805,46,-0.777030,0.086598,-0.117830,-0.046430,1,0
1811,46,-0.763174,0.176931,-0.082515,0.056009,1,0
1812,46,-0.806029,0.058341,-0.074985,-0.075897,1,0
1831,46,-0.692413,-0.389633,0.025462,0.328367,0,1
1839,46,-0.793430,-0.441854,-0.048870,0.259530,0,1
1813,46,-0.845646,0.043662,-0.093448,-0.095155,1,0
1806,46,-0.829448,-0.007320,0.001683,-0.112102,1,0
1818,46,-0.815711,0.079896,-0.041156,0.038375,1,0
1836,46,-0.685337,-0.431549,-0.065538,0.335568,0,1
1809,46,-0.827687,0.131553,-0.061170,-0.084421,1,0
1807,46,-0.708795,0.105042,-0.076003,-0.047417,1,0
1826,46,-0.601393,-0.440996,-0.071180,0.307891,0,1
1833,46,-0.624135,-0.464984,0.026600,0.366642,0,1
1820,46,-0.779717,-0.374541,-0.170796,0.370670,0,1
1825,46,-0.779039,-0.357681,0.016925,0.360369,0,1
1828,46,-0.776874,-0.429796,-0.082413,0.316213,0,1
1810,46,-0.789028,0.036849,-0.060639,0.026683,1,0
1823,46,-0.675158,-0.419955,0.013369,0.338353,0,1
1829,46,-0.698740,-0.402288,-0.035557,0.330855,0,1
1802,46,-0.836854,0.079343,-0.047785,-0.054928,1,0
1837,46,-0.707218,-0.400190,0.038014,0.299863,0,1
1817,46,-0.789094,0.056545,-0.073385,-0.052672,1,0
1838,46,-0.693075,-0.417114,-0.091848,0.326813,0,1
1824,46,-0.736301,-0.424949,-0.087879,0.370337,0,1
1876,47,-0.753274,-0.457569,-0.138722,0.236033,0,1
1848,47,-0.798087,0.132171,-0.059003,0.052884,1,0
1849,47,-0.820192,0.142752,-0.022990,0.025039,1,0
1869,47,-0.648824,-0.372796,-0.069484,0.323150,0,1
1861,47,-0.682600,-0.469047,-0.172377,0.342383,0,1
1871,47,-0.647079,-0.429993,-0.054646,0.315753,0,1
1878,47,-0.690160,-0.412546,-0.099274,0.404926,0,1
1847,47,-0.817515,0.102479,-0.024416,0.101866,1,0
1867,47,-0.715314,-0.331037,-0.133536,0.299771,0,1
1860,47,-0.701644,-0.418837,-0.063872,0.398429,0,1
1875,47,-0.741553,-0.429490,0.037058,0.374397,0,1
1841,47,-0.703328,-0.013865,-0.065898,0.022524,1,0
1843,47,-0.817676,0.092844,-0.056940,0.074982,1,0
1862,47,-0.691913,-0.438889,-0.096593,0.391837,0,1
1845,47,-0.797683,0.152065,-0.006254,0.043470,1,0
1857,47,-0.789735,0.120414,-0.060374,0.030907,1,0
1852,47,-0.828126,0.076117,0.025823,0.079240,1,0
1859,47,-0.785282,0.061320,-0.011615,0.027160,1,0
1865,47,-0.677319,-0.487788,-0.032680,0.370317,0,1
1853,47,-0.834389,0.054992,-0.033386,0.038017,1,0
1873,47,-0.671782,-0.388550,-0.094899,0.292818,0,1
1842,47,-0.744303,0.084198,-0.135704,0.003930,1,0
1858,47,-0.761526,0.129525,-0.127482,0.176897,1,0
1854,47,-0.742224,0.047001,-0.018092,0.015711,1,0
1868,47,-0.613985,-0.306952,-0.035237,0.293757,0,1
1846,47,-0.774042,0.078842,-0.146260,0.118268,1,0
1877,47,-0.747610,-0.408338,0.058339,0.448222,0,1
1866,47,-0.715572,-0.430393,-0.114260,0.367358,0,1
1850,47,-0.843701,0.009716,-0.024152,0.061306,1,0
1864,47,-0.745560,-0.415527,-0.082918,0.448328,0,1
1872,47,-0.669189,-0.376034,-0.066756,0.317144,0,1
1870,47,-0.730114,-0.367137,-0.111364,0.363100,0,1
1851,47,-0.788795,0.063485,-0.058109,0.005721,1,0
1874,47,-0.786486,-0.431770,-0.112967,0.377071,0,1
1879,47,-0.665144,-0.402663,-0.126219,0.261986,0,1
1856,47,-0.796347,0.052592,-0.026341,0.053038,1,0
1863,47,-0.710467,-0.409729,-0.068497,0.302880,0,1
1840,47,-0.783459,0.008648,0.043198,0.064830,1,0
1844,47,-0.838875,0.059220,-0.153580,0.056008,1,0
1855,47,-0.736560,0.118124,0.028504,-0.052481,1,0
1888,48,-0.710572,-0.007925,-0.009827,0.065467,1,0
1896,48,-0.769675,0.101815,-0.101520,0.046463,1,0
1909,48,-0.805531,-0.463915,-0.143915,0.273015,0,1
1918,48,-0.742529,-0.401555,0.035244,0.289483,0,1
1912,48,-0.648284,-0.445852,-0.080734,0.289996,0,1
1905,48,-0.719328,-0.433074,-0.057821,0.343692,0,1
1902,48,-0.572924,-0.449925,-0.029366,0.442643,0,1
1891,48,-0.856290,0.098618,-0.044215,0.081393,1,0
1914,48,-0.792925,-0.415630,-0.139178,0.332877,0,1
1892,48,-0.835263,0.107795,-0.141534,0.015331,1,0
1884,48,-0.853095,0.089479,-0.157163,0.089304,1,0
1889,48,-0.867979,0.117247,-0.115039,0.028592,1,0
1882,48,-0.792790,0.084064,-0.102399,0.017896,1,0
1906,48,-0.763009,-0.439407,-0.085295,0.405181,0,1
1880,48,-0.879906,0.207936,-0.090883,0.120925,1,0
1881,48,-0.863995,0.140471,-0.026340,0.032386,1,0
1913,48,-0.696847,-0.409166,-0.055765,0.374593,0,1
1915,48,-0.696095,-0.470413,0.036371,0.334010,0,1
1895,48,-0.784694,0.122049,-0.130273,0.101648,1,0
1894,48,-0.867361,0.142362,-0.072573,0.117635,1,0
1893,48,-0.816254,0.048022,0.006372,0.009339,1,0
1887,48,-0.808797,0.156279,-0.032856,0.058150,1,0
1897,48,-0.794883,0.027250,-0.050998,0.087621,1,0
1904,48,-0.742112,-0.413988,-0.060522,0.361913,0,1
1907,48,-0.676684,-0.365458,-0.051175,0.412815,0,1
1890,48,-0.827321,0.139620,-0.028721,0.117167,1,0
1908,48,-0.734563,-0.429412,-0.022036,0.332187,0,1
1898,48,-0.823237,0.101487,-0.016374,0.013369,1,0
1883,48,-0.790259,0.093922,-0.084921,0.064941,1,0
1916,48,-0.710434,-0.421635,-0.115649,0.301249,0,1
1911,48,-0.723237,-0.499145,-0.089312,0.320252,0,1
1886,48,-0.699643,0.057113,-0.125306,0.081524,1,0
1917,48,-0.656616,-0.432618,-0.027124,0.363734,0,1
1900,48,-0.734702,-0.439752,-0.070500,0.338473,0,1
1919,48,-0.705831,-0.431283,-0.092195,0.337933,0,1
1901,48,-0.667413,-0.357599,-0.094571,0.286843,0,1
1885,48,-0.776736,0.088220,-0.097375,0.050613,1,0
1899,48,-0.839559,0.058606,-0.082503,0.025348,1,0
1910,48,-0.689458,-0.418036,-0.143792,0.356230,0,1
1903,48,-0.675048,-0.438057,-0.101286,0.413059,0,1
1944,49,-0.690702,-0.439005,-0.060822,0.369353,0,1
1948,49,-0.692133,-0.417550,-0.066365,0.396609,0,1
1937,49,-0.825103,-0.018268,-0.023433,0.079823,1,0
1954,49,-0.717879,-0.424284,-0.011376,0.312906,0,1
1943,49,-0.757177,-0.439949,0.020116,0.427271,0,1
1941,49,-0.739952,-0.413526,0.000916,0.415609,0,1
1952,49,-0.730003,-0.393154,-0.113812,0.321902,0,1
1921,49,-0.726627,0.145659,-0.114899,0.041128,1,0
1934,49,-0.741962,0.000267,-0.085200,0.004390,1,0
1933,49,-0.743765,0.091562,-0.086957,-0.006342,1,0
1942,49,-0.786830,-0.369821,-0.049605,0.407687,0,1
1939,49,-0.792170,0.142231,-0.003399,0.028925,1,0
1959,49,-0.675579,-0.277686,-0.070709,0.360461,0,1
1946,49,-0.639409,-0.417768,-0.015489,0.367960,0,1
1949,49,-0.763685,-0.410047,-0.077497,0.400953,0,1
1955,49,-0.694749,-0.431903,-0.047756,0.375750,0,1
1922,49,-0.742216,0.139240,-0.147935,0.134724,1,0
1926,49,-0.823011,0.140231,-0.021785,-0.026577,1,0
1957,49,-0.603009,-0.420683,-0.145281,0.291437,0,1
1923,49,-0.784873,0.032489,-0.042969,0.056872,1,0
1950,49,-0.691668,-0.400569,-0.024791,0.343478,0,1
1935,49,-0.801507,0.152211,-0.028341,0.056058,1,0
1927,49,-0.795935,0.113299,-0.071687,-0.000730,1,0
1958,49,-0.718750,-0.459667,-0.130618,0.318026,0,1
1920,49,-0.842725,0.106467,-0.003288,0.039155,1,0
1936,49,-0.801563,0.069354,-0.102716,0.046272,1,0
1938,49,-0.813165,0.035414,-0.026268,0.078335,1,0
1932,49,-0.730011,0.029168,-0.041055,0.005967,1,0
1940,49,-0.766531,-0.322100,-0.088408,0.448069,0,1
1947,49,-0.653682,-0.391048,-0.034336,0.303904,0,1
1925,49,-0.831113,0.020250,-0.146147,0.028090,1,0
1945,49,-0.705177,-0.411494,-0.099393,0.340159,0,1
1928,49,-0.804907,0.029477,-0.153637,0.068447,1,0
1924,49,-0.806654,0.127213,-0.004191,0.110553,1,0
1953,49,-0.684487,-0.496079,-0.076051,0.412962,0,1
1931,49,-0.719295,0.089505,-0.116135,0.040957,1,0
1951,49,-0.684746,-0.394643,-0.033965,0.330643,0,1
1930,49,-0.806499,0.160721,-0.020968,0.107391,1,0
1956,49,-0.726425,-0.457207,-0.088175,0.309320,0,1
1929,49,-0.777373,0.095255,-0.033080,0.059721,1,0
1962,50,-0.752513,0.091476,-0.079591,0.136983,1,0
1964,50,-0.796527,0.135714,-0.038308,0.091691,1,0
1997,50,-0.684357,-0.357813,-0.074027,0.386406,0,1
1987,50,-0.666657,-0.467674,0.026094,0.308749,0,1
1991,50,-0.709817,-0.411013,-0.128678,0.332698,0,1
1961,50,-0.839814,0.089318,-0.086223,0.056903,1,0
1992,50,-0.574749,-0.433864,-0.080168,0.313763,0,1
1996,50,-0.630943,-0.490783,0.049486,0.313463,0,1
1975,50,-0.796828,0.155668,-0.145778,0.116927,1,0
1960,50,-0.715625,0.065930,-0.117846,0.100123,1,0
1980,50,-0.646324,-0.408162,-0.016983,0.327561,0,1
1995,50,-0.593673,-0.366250,-0.142036,0.275851,0,1
1969,50,-0.872105,0.139148,-0.152587,0.030628,1,0
1994,50,-0.678098,-0.406079,-0.047499,0.374126,0,1
1989,50,-0.593972,-0.401558,-0.060380,0.406521,0,1
1993,50,-0.650965,-0.400214,-0.009022,0.404824,0,1
1972,50,-0.794335,0.042517,-0.102557,0.180081,1,0
1978,50,-0.684752,0.119972,-0.058369,0.148313,1,0
1988,50,-0.754668,-0.332805,-0.063469,0.306603,0,1
1966,50,-0.780622,0.056790,-0.084299,0.167073,1,0
1971,50,-0.860979,0.138955,-0.117879,0.103646,1,0
1998,50,-0.693750,-0.386999,-0.059575,0.357590,0,1
1983,50,-0.767323,-0.437054,-0.048515,0.346229,0,1
1990,50,-0.599211,-0.392884,-0.133264,0.331122,0,1
1982,50,-0.732066,-0.343926,-0.036104,0.297421,0,1
1976,50,-0.770543,0.092344,-0.090795,0.110403,1,0
1968,50,-0.804815,0.010938,-0.029086,0.055067,1,0
1999,50,-0.702347,-0.393017,-0.044008,0.334558,0,1
1970,50,-0.734518,0.137373,0.010708,0.103470,1,0
1973,50,-0.867141,0.128836,-0.183920,0.049377,1,0
1979,50,-0.827517,0.047417,-0.100972,0.091800,1,0
1965,50,-0.752066,0.161869,-0.070467,0.107263,1,0
1974,50,-0.843686,0.042328,-0.116037,0.139324,1,0
1963,50,-0.731067,0.088215,-0.052922,0.086088,1,0
1981,50,-0.656867,-0.366847,0.024798,0.300326,0,1
1984,50,-0.679599,-0.348383,-0.064775,0.348791,0,1
1967,50,-0.814486,0.085397,-0.113203,0.018133,1,0
1985,50,-0.696305,-0.443519,-0.081635,0.281414,0,1
1986,50,-0.680684,-0.406930,-0.075429,0.211162,0,1
1977,50,-0.737407,0.031350,-0.109828,0.063391,1,0
2006,51,-0.832601,0.056075,-0.058662,0.095317,1,0
2029,51,-0.624980,-0.458460,-0.087197,0.381431,0,1
2007,51,-0.792763,0.108686,-0.040040,0.089463,1,0
2019,51,-0.860110,0.148714,0.009661,0.133927,1,0
2004,51,-0.783969,0.121888,-0.171683,0.100680,1,0
2003,51,-0.782191,0.153852,-0.070081,0.097871,1,0
2011,51,-0.769537,0.041247,-0.051171,0.116548,1,0
2016,51,-0.775290,0.033622,-0.138005,0.161736,1,0
2009,51,-0.784320,0.154274,-0.132412,0.070344,1,0
2035,51,-0.685964,-0.431610,-0.094433,0.352186,0,1
2025,51,-0.650732,-0.369017,-0.041447,0.380968,0,1
2022,51,-0.738929,-0.363912,-0.137020,0.398344,0,1
2001,51,-0.837271,0.125255,-0.055612,0.116485,1,0
2033,51,-0.655492,-0.434480,-0.058373,0.417994,0,1
2021,51,-0.690079,-0.411591,-0.084442,0.378240,0,1
2015,51,-0.817188,0.135904,0.003557,0.109530,1,0
2008,51,-0.829998,0.121314,-0.050429,0.031495,1,0
2010,51,-0.797968,0.055387,-0.142013,0.127011,1,0
2031,51,-0.646359,-0.360635,-0.095502,0.301447,0,1
2039,51,-0.775267,-0.385878,-0.055676,0.375311,0,1
2017,51,-0.756670,0.164984,-0.084572,0.147351,1,0
2024,51,-0.683413,-0.289227,-0.032099,0.364175,0,1
2020,51,-0.653443,-0.429564,-0.034117,0.320994,0,1
2037,51,-0.721736,-0.451000,-0.048611,0.309279,0,1
2038,51,-0.674971,-0.434497,0.011630,0.378894,0,1
2014,51,-0.799619,0.135332,-0.096439,0.094457,1,0
2023,51,-0.642385,-0.390848,-0.156134,0.276701,0,1
2002,51,-0.754125,0.088883,-0.091772,0.076957,1,0
2028,51,-0.733353,-0.430385,-0.127079,0.363405,0,1
2000,51,-0.834833,0.191327,-0.064274,0.144748,1,0
2026,51,-0.687800,-0.424866,-0.018296,0.438927,0,1
2018,51,-0.788843,0.129487,-0.128072,0.035738,1,0
2030,51,-0.634288,-0.397427,-0.155475,0.360148,0,1
2034,51,-0.705757,-0.448811,-0.010095,0.412795,0,1
2005,51,-0.791761,0.157956,-0.134321,0.089098,1,0
2036,51,-0.752319,-0.465177,-0.131044,0.282683,0,1
2012,51,-0.827434,0.115767,-0.023332,0.109016,1,0
2027,51,-0.713278,-0.429577,-0.091283,0.427213,0,1
2013,51,-0.786728,0.029860,-0.087575,0.136389,1,0
2032,51,-0.658647,-0.354834,-0.029267,0.338995,0,1
2043,52,-0.789340,0.088836,-0.149781,-0.026737,1,0
2073,52,-0.659249,-0.411939,-0.089790,0.260475,0,1
2052,52,-0.863798,0.125998,-0.113410,0.074158,1,0
2053,52,-0.796124,0.169673,-0.083621,0.123271,1,0
2060,52,-0.538733,-0.504478,-0.070780,0.349443,0,1
2066,52,-0.667937,-0.337026,-0.098119,0.291810,0,1
2072,52,-0.678087,-0.402806,-0.068757,0.352354,0,1
2044,52,-0.809123,0.066624,-0.012891,0.118920,1,0
2063,52,-0.715226,-0.339768,-0.043291,0.279516,0,1
2067,52,-0.653177,-0.438478,-0.105018,0.357971,0,1
2059,52,-0.794188,0.138748,-0.137105,0.015377,1,0
2041,52,-0.777816,0.110426,-0.014740,0.019819,1,0
2048,52,-0.832815,0.057052,-0.149152,0.124722,1,0
2078,52,-0.587242,-0.453484,-0.048233,0.318107,0,1
2064,52,-0.788085,-0.494941,-0.050250,0.328229,0,1
2074,52,-0.700354,-0.385259,-0.074654,0.308832,0,1
2071,52,-0.676622,-0.358447,-0.007866,0.368425,0,1
2075,52,-0.684008,-0.469962,0.032499,0.282765,0,1
2045,52,-0.802006,0.155498,-0.033999,0.054600,1,0
2058,52,-0.814865,0.146946,-0.059130,0.075336,1,0
2077,52,-0.617019,-0.359956,0.008785,0.269053,0,1
2040,52,-0.750450,0.137558,-0.132980,0.046683,1,0
2065,52,-0.685869,-0.395246,-0.143995,0.318015,0,1
2049,52,-0.784890,0.094456,0.019492,-0.017541,1,0
2069,52,-0.716709,-0.315056,-0.060652,0.427017,0,1
2050,52,-0.834865,0.160665,-0.165726,0.132351,1,0
2055,52,-0.832173,0.127635,-0.125985,0.034581,1,0
2068,52,-0.722434,-0.407199,-0.000217,0.280903,0,1
2057,52,-0.771875,0.091157,-0.090460,0.079269,1,0
2056,52,-0.738297,0.067516,-0.102655,0.086400,1,0
2061,52,-0.661876,-0.376721,-0.093946,0.364718,0,1
2079,52,-0.722689,-0.455228,-0.114301,0.342346,0,1
2062,52,-0.713292,-0.402504,-0.051954,0.365219,0,1
2076,52,-0.631784,-0.343057,-0.011743,0.367203,0,1
2047,52,-0.825776,0.129064,-0.010278,0.061949,1,0
2054,52,-0.800669,0.081648,-0.055207,0.033500,1,0
2070,52,-0.711068,-0.372973,-0.045169,0.386130,0,1
2051,52,-0.829019,0.057656,-0.055532,-0.011639,1,0
2042,52,-0.879421,0.131869,-0.129539,0.085999,1,0
2046,52,-0.854577,0.074497,-0.105200,0.020894,1,0
2096,53,-0.799040,0.070656,-0.070743,0.046732,1,0
2091,53,-0.794732,0.091945,-0.088940,0.074183,1,0
2089,53,-0.830763,0.129251,-0.017282,0.124646,1,0
2113,53,-0.640912,-0.474967,-0.088185,0.366384,0,1
2117,53,-0.642083,-0.430143,-0.065691,0.273442,0,1
2081,53,-0.822512,0.105483,-0.077672,-0.088456,1,0
2094,53,-0.910089,0.027613,-0.059793,0.047189,1,0
2115,53,-0.717082,-0.356185,-0.011752,0.418507,0,1
2083,53,-0.730449,0.133416,-0.061991,0.077893,1,0
2101,53,-0.770524,-0.378550,-0.119400,0.365177,0,1
2087,53,-0.814067,0.162221,-0.032309,0.078851,1,0
2080,53,-0.839894,0.149794,-0.059653,0.041144,1,0
2116,53,-0.603108,-0.423868,-0.072643,0.341528,0,1
2104,53,-0.668297,-0.387288,-0.147734,0.342202,0,1
2086,53,-0.747316,0.158433,-0.067312,0.088239,1,0
2102,53,-0.746307,-0.405351,-0.051231,0.406705,0,1
2097,53,-0.861489,0.185510,0.006585,0.051147,1,0
2114,53,-0.739334,-0.495506,-0.043523,0.305258,0,1
2099,53,-0.834231,0.099757,-0.104353,0.041411,1,0
2109,53,-0.679441,-0.393769,-0.091479,0.361863,0,1
2105,53,-0.700557,-0.438177,-0.041430,0.421586,0,1
2103,53,-0.681475,-0.431904,-0.034877,0.402269,0,1
2110,53,-0.639068,-0.460855,-0.041240,0.280830,0,1
2112,53,-0.791900,-0.416179,-0.074148,0.256054,0,1
2107,53,-0.676730,-0.433868,-0.006565,0.376829,0,1
2106,53,-0.721512,-0.475852,-0.091087,0.371242,0,1
2084,53,-0.843834,0.168462,-0.132840,-0.008900,1,0
2093,53,-0.803363,0.224242,-0.089935,0.050835,1,0
2108,53,-0.672126,-0.431761,-0.020838,0.295681,0,1
2082,53,-0.719500,0.134781,-0.124033,-0.007012,1,0
2085,53,-0.811786,0.139158,-0.071611,0.050785,1,0
2119,53,-0.642184,-0.404715,-0.013909,0.352389,0,1
2095,53,-0.769706,0.044955,-0.125790,0.067158,1,0
2100,53,-0.699682,-0.419524,-0.012145,0.279394,0,1
2118,53,-0.571172,-0.498829,-0.138951,0.362841,0,1
2092,53,-0.679110,0.077892,-0.062387,0.064985,1,0
2098,53,-0.797783,0.176249,-0.198333,0.025940,1,0
2111,53,-0.624489,-0.395487,0.006530,0.321129,0,1
2090,53,-0.812897,0.213647,-0.142453,0.082447,1,0
2088,53,-0.772839,0.124251,-0.044156,0.089598,1,0
2152,54,-0.655659,-0.393495,-0.089753,0.333910,0,1
2143,54,-0.671317,-0.391151,-0.118495,0.269283,0,1
2129,54,-0.808775,0.215604,-0.060426,0.026693,1,0
2153,54,-0.784296,-0.486480,-0.186799,0.259171,0,1
2125,54,-0.806750,0.096609,-0.078061,-0.042366,1,0
2138,54,-0.831762,0.117947,-0.027798,-0.014236,1,0
2133,54,-0.820212,0.164409,-0.147564,0.016843,1,0
2121,54,-0.836436,0.056798,-0.150593,-0.041189,1,0
2134,54,-0.756339,0.175506,-0.063697,0.091739,1,0
2122,54,-0.787323,0.084953,-0.105823,-0.055586,1,0
2154,54,-0.670586,-0.328559,-0.147730,0.198542,0,1
2126,54,-0.807664,0.073282,-0.064316,0.132446,1,0
2141,54,-0.687739,-0.429534,-0.137232,0.255726,0,1
2130,54,-0.776397,0.143637,-0.120616,0.034780,1,0
2123,54,-0.854990,0.048022,-0.051891,0.033323,1,0
2128,54,-0.773566,0.078318,-0.118451,0.050275,1,0
2151,54,-0.689898,-0.457299,-0.147983,0.123424,0,1
2131,54,-0.767371,0.104014,-0.154584,-0.029181,1,0
2159,54,-0.695316,-0.450081,-0.146522,0.303696,0,1
2158,54,-0.659273,-0.413939,-0.167784,0.183058,0,1
2156,54,-0.731956,-0.436547,-0.160025,0.265373,0,1
2147,54,-0.715692,-0.441355,-0.212592,0.229072,0,1
2144,54,-0.755225,-0.413471,-0.034695,0.190103,0,1
2136,54,-0.859279,0.197433,-0.073312,0.052204,1,0
2157,54,-0.770965,-0.361433,-0.121221,0.259585,0,1
2140,54,-0.689843,-0.447375,-0.140365,0.298339,0,1
2127,54,-0.849920,0.119565,-0.012107,0.026771,1,0
2150,54,-0.600169,-0.405231,-0.135669,0.211579,0,1
2139,54,-0.793924,0.106407,-0.073609,0.056803,1,0
2149,54,-0.670978,-0.401557,-0.086935,0.191012,0,1
2146,54,-0.661354,-0.454365,-0.075674,0.234418,0,1
2135,54,-0.796625,0.133429,-0.070668,0.019690,1,0
2124,54,-0.814966,0.029658,0.016353,0.020469,1,0
2142,54,-0.662074,-0.452827,-0.107899,0.308669,0,1
2120,54,-0.811287,0.104812,-0.155022,0.025329,1,0
2148,54,-0.620916,-0.528799,-0.127814,0.242657,0,1
2137,54,-0.754137,0.144971,-0.133891,-0.001947,1,0
2145,54,-0.750738,-0.400094,-0.051326,0.244079,0,1
2132,54,-0.698735,0.136318,-0.177723,0.101059,1,0
2155,54,-0.677829,-0.521261,-0.122819,0.294603,0,1
2178,55,-0.819239,0.126060,-0.058992,0.064889,1,0
2160,55,-0.813996,0.090744,-0.133845,0.032554,1,0
2177,55,-0.741492,0.182495,-0.121023,0.065448,1,0
2189,55,-0.602064,-0.478357,-0.127584,0.228987,0,1
2183,55,-0.756593,-0.452645,-0.079919,0.304018,0,1
2167,55,-0.817436,0.073660,-0.010790,0.041558,1,0
2169,55,-0.824718,0.164997,-0.104489,0.098748,1,0
2163,55,-0.748263,0.119550,-0.135489,0.003371,1,0
2193,55,-0.699220,-0.411303,-0.170434,0.260787,0,1
2173,55,-0.771234,0.100417,-0.071523,0.109367,1,0
2179,55,-0.844010,0.163318,-0.083802,0.033781,1,0
2165,55,-0.753349,0.182438,-0.031724,0.061358,1,0
2186,55,-0.700750,-0.370116,-0.198349,0.227306,0,1
2175,55,-0.858186,0.205606,-0.094698,0.044130,1,0
2192,55,-0.620124,-0.444977,-0.086364,0.221182,0,1
2170,55,-0.758576,0.137691,-0.054110,0.024072,1,0
2172,55,-0.796209,0.114820,0.041585,0.103763,1,0
2162,55,-0.912329,0.133678,-0.071120,0.069906,1,0
2184,55,-0.630888,-0.374066,-0.210556,0.235597,0,1
2199,55,-0.614208,-0.331686,-0.171395,0.269946,0,1
2185,55,-0.699422,-0.403625,-0.152955,0.195885,0,1
2198,55,-0.713122,-0.463505,-0.056693,0.153115,0,1
2188,55,-0.686568,-0.455505,-0.196483,0.311944,0,1
2166,55,-0.834446,0.070190,-0.039122,0.052205,1,0
2194,55,-0.693488,-0.401759,-0.180599,0.193808,0,1
2182,55,-0.648722,-0.413645,-0.061757,0.299815,0,1
2187,55,-0.718123,-0.412798,-0.275668,0.246115,0,1
2164,55,-0.824451,0.098583,-0.119461,0.013987,1,0
2176,55,-0.759340,0.177528,-0.165895,0.123251,1,0
2168,55,-0.791898,0.133977,-0.132525,0.003567,1,0
2195,55,-0.649483,-0.463789,-0.143831,0.261394,0,1
2171,55,-0.781119,0.117671,-0.154122,0.100988,1,0
2181,55,-0.664649,-0.379123,-0.158295,0.214124,0,1
2197,55,-0.653307,-0.399476,-0.140609,0.264183,0,1
2180,55,-0.726085,-0.456967,-0.186704,0.261493,0,1
2161,55,-0.807676,0.209622,-0.116988,0.158700,1,0
2196,55,-0.684601,-0.404098,-0.176462,0.264391,0,1
2174,55,-0.824967,0.074339,-0.016013,0.062407,1,0
2190,55,-0.633819,-0.402279,-0.096181,0.109685,0,1
2191,55,-0.719055,-0.463454,-0.218902,0.276491,0,1
2231,56,-0.631838,-0.331060,-0.179289,0.190545,0,1
2238,56,-0.717554,-0.475070,-0.164567,0.248568,0,1
2230,56,-0.716061,-0.486712,-0.109338,0.205509,0,1
2223,56,-0.631224,-0.496106,-0.193372,0.241286,0,1
2200,56,-0.784328,0.107452,-0.151069,-0.026812,1,0
2213,56,-0.776897,0.122581,-0.066397,0.028443,1,0
2232,56,-0.643104,-0.468489,-0.166577,0.333980,0,1
2226,56,-0.631944,-0.400851,-0.108726,0.253414,0,1
2222,56,-0.540424,-0.431983,-0.165447,0.146181,0,1
2211,56,-0.800509,0.064011,-0.100901,0.061297,1,0
2203,56,-0.768904,0.098877,-0.088407,0.004669,1,0
2239,56,-0.686517,-0.312823,-0.022724,0.267417,0,1
2220,56,-0.653330,-0.482596,-0.159676,0.243301,0,1
2216,56,-0.727875,0.235884,-0.065011,0.069494,1,0
2229,56,-0.610135,-0.454421,-0.098696,0.288201,0,1
2201,56,-0.692026,0.180712,-0.089343,-0.061468,1,0
2204,56,-0.817563,0.160003,-0.056365,0.044543,1,0
2210,56,-0.874297,0.191745,-0.152014,0.036078,1,0
2208,56,-0.716407,0.193417,-0.180520,-0.016379,1,0
2202,56,-0.782855,0.143652,-0.045102,0.049854,1,0
2205,56,-0.837211,0.101165,-0.031325,0.045583,1,0
2214,56,-0.747037,0.159922,-0.091954,0.032509,1,0
2217,56,-0.723849,0.168720,-0.059206,0.057077,1,0
2218,56,-0.911899,0.047970,-0.108013,0.073631,1,0
2219,56,-0.688550,0.173116,-0.068913,0.014644,1,0
2206,56,-0.778522,0.214974,-0.003833,0.099859,1,0
2228,56,-0.694219,-0.401225,-0.057344,0.297687,0,1
2237,56,-0.649143,-0.364039,-0.147084,0.286981,0,1
2236,56,-0.751308,-0.406962,-0.117704,0.294267,0,1
2221,56,-0.733875,-0.318675,-0.137162,0.131208,0,1
2227,56,-0.691876,-0.431889,-0.024624,0.297034,0,1
2224,56,-0.593095,-0.440163,-0.106924,0.157024,0,1
2215,56,-0.749680,0.099442,-0.046696,0.049221,1,0
2234,56,-0.681686,-0.434587,-0.165046,0.276135,0,1
2225,56,-0.640540,-0.456710,-0.097157,0.295086,0,1
2235,56,-0.648225,-0.395811,-0.179840,0.257416,0,1
2209,56,-0.777698,0.149956,0.050858,0.074469,1,0
2212,56,-0.769588,0.089959,-0.173418,0.049994,1,0
2233,56,-0.695136,-0.403725,-0.189244,0.219146,0,1
2207,56,-0.716554,0.145211,-0.035442,-0.000798,1,0
2276,57,-0.720048,-0.438270,-0.179485,0.117063,0,1
2242,57,-0.722760,0.114414,-0.128973,0.006267,1,0
2249,57,-0.804574,0.098223,-0.016955,0.037797,1,0
2269,57,-0.813244,-0.538516,-0.077260,0.098794,0,1
2267,57,-0.661082,-0.334375,-0.166193,0.041007,0,1
2244,57,-0.841501,0.076830,-0.111567,0.035222,1,0
2259,57,-0.908111,0.109121,-0.132746,0.141802,1,0
2272,57,-0.600718,-0.479360,-0.112084,0.173603,0,1
2275,57,-0.672678,-0.479816,-0.072149,0.035213,0,1
2256,57,-0.804075,0.036002,-0.092420,0.061547,1,0
2247,57,-0.767077,0.146638,-0.049154,-0.038049,1,0
2251,57,-0.710649,0.160584,-0.064428,0.072942,1,0
2243,57,-0.826477,0.043619,-0.055634,0.178838,1,0
2270,57,-0.716382,-0.452017,-0.164207,0.030666,0,1
2246,57,-0.774737,0.198553,-0.068128,0.111423,1,0
2248,57,-0.798508,0.105801,-0.097341,0.050019,1,0
2271,57,-0.596993,-0.413086,-0.088513,-0.024074,0,1
2265,57,-0.677376,-0.476101,-0.122188,0.128009,0,1
2274,57,-0.698552,-0.420119,-0.118923,0.115573,0,1
2264,57,-0.644460,-0.406308,-0.102183,0.112551,0,1
2250,57,-0.883562,0.162092,-0.053126,0.107289,1,0
2254,57,-0.723812,0.198299,-0.023992,0.006180,1,0
2252,57,-0.889173,0.203057,-0.007349,0.097947,1,0
2263,57,-0.634299,-0.516219,-0.127424,0.150873,0,1
2262,57,-0.768609,-0.442138,-0.182695,0.078645,0,1
2273,57,-0.704171,-0.399170,-0.062003,0.106711,0,1
2268,57,-0.688545,-0.323782,-0.049052,0.135620,0,1
2277,57,-0.755156,-0.458801,-0.068080,0.133177,0,1
2266,57,-0.683134,-0.392683,-0.065180,0.125005,0,1
2253,57,-0.888451,0.166800,-0.164531,0.101276,1,0
2258,57,-0.752212,0.077149,-0.135977,0.107685,1,0
2261,57,-0.668671,-0.384104,-0.187202,0.082037,0,1
2257,57,-0.919062,0.180638,-0.123427,0.072444,1,0
2260,57,-0.749949,-0.519690,-0.087766,0.076563,0,1
2240,57,-0.732079,0.069180,-0.070833,0.016789,1,0
2241,57,-0.819319,0.115103,-0.001697,0.078964,1,0
2278,57,-0.707094,-0.374513,-0.122627,-0.018027,0,1
2255,57,-0.788466,0.123174,-0.151842,0.042662,1,0
2279,57,-0.779576,-0.485108,-0.070840,0.105078,0,1
2245,57,-0.852466,0.153903,-0.124679,0.056339,1,0
2319,58,-0.756554,-0.453235,-0.155954,0.101136,0,1
2307,58,-0.625906,-0.477376,-0.069218,0.164502,0,1
2288,58,-0.796231,0.139948,0.002511,0.078054,1,0
2313,58,-0.678824,-0.438119,-0.032563,0.143145,0,1
2292,58,-0.763682,0.097855,-0.129277,0.094627,1,0
2314,58,-0.621394,-0.401099,-0.131154,0.105079,0,1
2287,58,-0.762098,0.138503,-0.146486,0.134269,1,0
2299,58,-0.809862,0.172917,-0.083737,0.152638,1,0
2284,58,-0.780937,0.112811,-0.137396,0.053535,1,0
2296,58,-0.773823,0.172523,-0.119938,0.100912,1,0
2309,58,-0.606563,-0.450487,-0.172650,0.122331,0,1
2291,58,-0.760362,0.190906,0.029005,0.019125,1,0
2305,58,-0.623463,-0.436712,-0.112416,0.155675,0,1
2318,58,-0.741920,-0.477649,-0.149431,0.070439,0,1
2310,58,-0.691291,-0.501275,-0.117974,0.150541,0,1
2301,58,-0.659649,-0.456078,-0.154438,0.091203,0,1
2295,58,-0.819202,0.037230,-0.177852,0.091690,1,0
2303,58,-0.701672,-0.423287,-0.073946,0.179798,0,1
2281,58,-0.785158,0.146169,-0.000596,0.000342,1,0
2293,58,-0.862306,0.127819,-0.131146,0.105631,1,0
2304,58,-0.660915,-0.429925,-0.029262,0.057502,0,1
2283,58,-0.743701,0.167849,-0.117446,0.119012,1,0
2311,58,-0.684173,-0.377974,-0.219738,0.110989,0,1
2286,58,-0.759535,0.073639,-0.100809,0.054886,1,0
2315,58,-0.713938,-0.439083,-0.073922,0.104108,0,1
2302,58,-0.734502,-0.518422,-0.154629,0.098984,0,1
2280,58,-0.819458,0.195632,-0.154028,0.073643,1,0
2282,58,-0.735100,0.070916,-0.054125,0.040896,1,0
2297,58,-0.811403,0.201640,-0.116321,0.053681,1,0
2290,58,-0.823907,0.120801,-0.085706,0.097846,1,0
2298,58,-0.852178,0.179906,-0.161795,0.044222,1,0
2306,58,-0.678242,-0.477922,-0.076397,0.132538,0,1
2317,58,-0.642799,-0.524436,-0.089475,0.052294,0,1
2308,58,-0.675895,-0.321607,-0.128191,0.039073,0,1
2294,58,-0.858225,0.088640,-0.076944,0.069741,1,0
2289,58,-0.791829,0.172983,-0.050371,0.085871,1,0
2285,58,-0.850905,0.079809,-0.026687,0.129295,1,0
2316,58,-0.722903,-0.454295,-0.075892,0.071558,0,1
2312,58,-0.747801,-0.362959,-0.094818,0.065300,0,1
2300,58,-0.628921,-0.440359,-0.071998,0.086782,0,1
2358,59,-0.671767,-0.297244,-0.103611,0.028263,0,1
2351,59,-0.691295,-0.383663,-0.098211,0.146387,0,1
2325,59,-0.799621,0.187448,-0.165413,0.082044,1,0
2345,59,-0.632179,-0.488688,-0.119928,0.097719,0,1
2334,59,-0.703881,0.155325,-0.056923,0.141818,1,0
2321,59,-0.799463,0.204742,-0.043280,0.106439,1,0
2336,59,-0.826098,0.184278,-0.068397,0.092703,1,0
2339,59,-0.779748,0.115521,-0.145019,0.105653,1,0
2328,59,-0.788123,0.103548,-0.110744,0.037816,1,0
2342,59,-0.635592,-0.361772,-0.049913,0.060440,0,1
2332,59,-0.835573,0.156211,-0.072772,0.089059,1,0
2346,59,-0.649804,-0.448781,-0.145188,0.109913,0,1
2322,59,-0.873749,0.163388,-0.036691,0.110256,1,0
2350,59,-0.668473,-0.501091,-0.148642,0.057863,0,1
2343,59,-0.721221,-0.520729,-0.099927,0.161213,0,1
2357,59,-0.680146,-0.477877,-0.208949,0.098475,0,1
2323,59,-0.831312,0.097027,-0.027794,0.098670,1,0
2324,59,-0.772564,0.104606,-0.069535,0.069620,1,0
2354,59,-0.610668,-0.448452,-0.097788,0.083183,0,1
2329,59,-0.690872,0.251214,-0.146384,0.013529,1,0
2320,59,-0.807733,0.143004,-0.045291,0.120933,1,0
2352,59,-0.732854,-0.506021,-0.097706,0.109064,0,1
2355,59,-0.606097,-0.395801,-0.130882,0.108874,0,1
2331,59,-0.766165,0.171321,-0.042699,0.052634,1,0
2344,59,-0.705844,-0.427545,-0.243381,0.078430,0,1
2333,59,-0.721202,0.187276,-0.120088,0.151227,1,0
2327,59,-0.889898,0.136196,-0.090869,0.090803,1,0
2340,59,-0.641600,-0.492820,-0.128481,0.105895,0,1
2330,59,-0.794726,0.107696,-0.052560,0.111667,1,0
2348,59,-0.664723,-0.432793,-0.166613,0.126561,0,1
2356,59,-0.619882,-0.380361,-0.185697,0.041710,0,1
2338,59,-0.807420,0.187685,-0.108076,0.107166,1,0
2337,59,-0.794543,0.141514,-0.076590,0.109504,1,0
2359,59,-0.677269,-0.400753,-0.111327,0.144195,0,1
2341,59,-0.671172,-0.445989,-0.140983,0.108557,0,1
2347,59,-0.648856,-0.411716,-0.107185,0.109551,0,1
2326,59,-0.798412,0.170567,-0.007599,0.159113,1,0
2353,59,-0.748531,-0.466578,-0.087239,0.088383,0,1
2335,59,-0.776637,0.151945,-0.020144,0.133888,1,0
2349,59,-0.657566,-0.465971,-0.104954,0.077828,0,1
2394,60,-0.727622,-0.381817,-0.156694,0.165655,0,1
2388,60,-0.745632,-0.518427,-0.155875,0.150813,0,1
2361,60,-0.779688,0.095929,-0.144606,0.054319,1,0
2397,60,-0.729806,-0.445261,-0.108328,0.067571,0,1
2367,60,-0.820328,0.137828,-0.076353,0.106652,1,0
2392,60,-0.610418,-0.326541,-0.149962,0.144427,0,1
2369,60,-0.755352,0.174475,-0.066881,0.063172,1,0
2376,60,-0.668783,0.114198,-0.019689,0.202617,1,0
2371,60,-0.706974,0.173692,-0.101119,0.110540,1,0
2399,60,-0.700349,-0.421534,-0.060617,0.087900,0,1
2378,60,-0.849605,0.167184,-0.120264,0.135652,1,0
2387,60,-0.583217,-0.501382,-0.107636,0.083759,0,1
2379,60,-0.819785,0.176491,-0.084725,0.089322,1,0
2390,60,-0.663682,-0.416753,-0.158665,0.070720,0,1
2377,60,-0.779633,0.290256,-0.090552,0.074375,1,0
2368,60,-0.745567,0.149476,-0.193659,0.047067,1,0
2374,60,-0.775978,0.173087,-0.025831,0.079445,1,0
2398,60,-0.675247,-0.466862,-0.122552,0.119180,0,1
2363,60,-0.882096,0.176127,-0.059164,0.021504,1,0
2366,60,-0.789077,0.176581,-0.085874,0.086725,1,0
2382,60,-0.623404,-0.443572,-0.153964,0.107878,0,1
2372,60,-0.809847,0.139343,-0.155257,0.019539,1,0
2383,60,-0.657041,-0.480152,-0.114334,0.055571,0,1
2389,60,-0.644533,-0.376198,-0.098877,0.072849,0,1
2393,60,-0.574913,-0.448050,-0.108459,0.056258,0,1
2386,60,-0.726265,-0.531792,-0.172371,0.056766,0,1
2365,60,-0.813280,0.077182,-0.116863,0.061948,1,0
2360,60,-0.785989,0.169431,-0.103901,0.092660,1,0
2385,60,-0.654781,-0.441482,-0.030488,0.024144,0,1
2391,60,-0.738681,-0.500491,-0.137256,0.042490,0,1
2364,60,-0.741193,0.137677,-0.084591,0.069120,1,0
2362,60,-0.785801,0.222493,-0.041543,0.117112,1,0
2380,60,-0.660116,-0.469045,-0.193110,0.081697,0,1
2381,60,-0.688183,-0.453495,-0.064141,-0.018936,0,1
2384,60,-0.630231,-0.431473,-0.146769,0.078631,0,1
2370,60,-0.780590,0.193744,-0.130789,0.041875,1,0
2375,60,-0.879128,0.102448,-0.062856,0.063391,1,0
2373,60,-0.808019,0.149820,-0.072692,0.053295,1,0
2396,60,-0.664973,-0.499556,-0.244153,0.143466,0,1
2395,60,-0.695208,-0.448437,-0.222500,0.132174,0,1
2435,61,-0.729198,-0.486603,-0.171251,0.091214,0,1
2436,61,-0.636593,-0.424780,-0.169642,0.040874,0,1
2409,61,-0.770940,0.176132,0.037006,0.008992,1,0
2431,61,-0.665426,-0.503541,-0.096057,0.111546,0,1
2424,61,-0.723330,-0.357529,-0.164321,0.126475,0,1
2434,61,-0.620805,-0.362726,-0.084609,0.128912,0,1
2425,61,-0.634256,-0.495150,-0.045785,0.121901,0,1
2414,61,-0.773539,0.182641,0.103798,0.086503,1,0
2407,61,-0.829165,0.177773,0.014899,-0.052570,1,0
2439,61,-0.659313,-0.466069,-0.159019,0.043722,0,1
2405,61,-0.782924,0.112449,-0.038385,0.007857,1,0
2418,61,-0.821055,0.192857,0.126794,0.037960,1,0
2417,61,-0.742568,0.217476,0.088386,-0.020733,1,0
2415,61,-0.785581,0.203221,0.044021,0.061251,1,0
2430,61,-0.648226,-0.560875,-0.136316,0.022985,0,1
2420,61,-0.676136,-0.479120,-0.089716,0.082147,0,1
2416,61,-0.871559,0.177395,0.015561,0.038340,1,0
2422,61,-0.600215,-0.359944,-0.083444,0.068887,0,1
2432,61,-0.675995,-0.342095,-0.243921,0.070091,0,1
2402,61,-0.770082,0.120523,0.075094,-0.019723,1,0
2412,61,-0.769915,0.074690,0.078105,0.062456,1,0
2423,61,-0.600871,-0.464518,-0.141919,0.073308,0,1
2429,61,-0.655746,-0.414996,-0.158333,0.090319,0,1
2421,61,-0.702549,-0.456784,-0.103796,0.018928,0,1
2411,61,-0.824092,0.164772,-0.018820,0.076422,1,0
2400,61,-0.796453,0.177970,0.090163,0.075219,1,0
2413,61,-0.841418,0.142531,0.099744,-0.026309,1,0
2419,61,-0.771953,0.124525,0.001622,-0.007566,1,0
2428,61,-0.634991,-0.445160,-0.108642,0.054548,0,1
2403,61,-0.807689,0.209941,0.071061,0.092723,1,0
2406,61,-0.860489,0.086031,0.035827,0.028306,1,0
2408,61,-0.790455,0.153331,-0.013365,0.043564,1,0
2426,61,-0.565571,-0.440075,-0.121480,0.173084,0,1
2404,61,-0.754904,0.093078,0.127023,-0.017234,1,0
2438,61,-0.669859,-0.446547,-0.111137,0.034446,0,1
2401,61,-0.859359,0.176238,0.068692,0.008240,1,0
2427,61,-0.741879,-0.400620,-0.133935,0.099237,0,1
2437,61,-0.738813,-0.396551,-0.053802,0.215671,0,1
2410,61,-0.727037,0.179511,0.003521,-0.013054,1,0
2433,61,-0.676720,-0.548387,-0.042175,0.023755,0,1
2475,62,-0.639101,-0.523513,-0.137162,0.134049,0,1
2467,62,-0.641081,-0.483075,-0.163179,0.099352,0,1
2457,62,-0.794603,0.166381,0.021839,0.074436,1,0
2479,62,-0.720260,-0.412742,-0.067672,0.044845,0,1
2452,62,-0.854528,0.207089,-0.001369,-0.113202,1,0
2456,62,-0.811083,0.195552,0.078660,0.089299,1,0
2477,62,-0.684232,-0.531457,-0.069599,0.058531,0,1
2458,62,-0.821916,0.142947,0.047836,-0.030981,1,0
2468,62,-0.725606,-0.493609,-0.084635,0.110990,0,1
2460,62,-0.645072,-0.422378,-0.150896,0.098220,0,1
2450,62,-0.719477,0.169937,0.086723,0.025967,1,0
2470,62,-0.616593,-0.386097,-0.124738,0.130094,0,1
2459,62,-0.692254,0.199922,0.116403,0.003557,1,0
2448,62,-0.801425,0.131187,0.094124,-0.004954,1,0
2476,62,-0.695594,-0.479109,-0.112380,0.065006,0,1
2440,62,-0.811635,0.122510,0.081451,0.045358,1,0
2447,62,-0.774801,0.155948,0.086332,0.070863,1,0
2471,62,-0.663871,-0.526786,-0.119509,0.039707,0,1
2463,62,-0.622412,-0.498758,-0.111395,0.044730,0,1
2451,62,-0.829056,0.177319,0.047165,-0.035449,1,0
2461,62,-0.725808,-0.442835,-0.116641,-0.016960,0,1
2474,62,-0.649287,-0.460061,-0.208992,0.044330,0,1
2465,62,-0.591804,-0.509004,-0.066395,0.021883,0,1
2464,62,-0.603515,-0.418833,-0.079414,-0.041928,0,1
2466,62,-0.575422,-0.434812,-0.105824,0.154870,0,1
2472,62,-0.710212,-0.419980,-0.168781,0.104767,0,1
2442,62,-0.819502,0.206981,-0.046504,-0.009873,1,0
2444,62,-0.761535,0.253570,0.009995,0.062646,1,0
2478,62,-0.672351,-0.424906,-0.166110,0.102130,0,1
2441,62,-0.773254,0.193465,-0.017695,-0.062356,1,0
2454,62,-0.695548,0.114585,0.064236,0.017401,1,0
2455,62,-0.766542,0.083136,-0.047190,0.058324,1,0
2469,62,-0.688025,-0.428655,-0.137770,0.081898,0,1
2462,62,-0.632551,-0.392930,-0.201980,0.155253,0,1
2453,62,-0.725895,0.134576,0.019522,0.039433,1,0
2449,62,-0.842810,0.147924,-0.002129,0.072307,1,0
2473,62,-0.768863,-0.452746,-0.020746,0.061191,0,1
2445,62,-0.808165,0.150408,0.006415,0.042331,1,0
2446,62,-0.671841,0.121800,0.069903,-0.003331,1,0
2443,62,-0.736356,0.191004,-0.006231,0.026571,1,0
2500,63,-0.766797,-0.495233,-0.217914,0.069482,0,1
2503,63,-0.664097,-0.504165,-0.098126,0.139698,0,1
2492,63,-0.886268,0.147701,-0.031499,-0.050948,1,0
2510,63,-0.740609,-0.504108,-0.079233,0.082175,0,1
2495,63,-0.767834,0.197344,0.009442,0.104963,1,0
2494,63,-0.843897,0.181149,0.010346,0.037827,1,0
2499,63,-0.751006,0.096343,-0.022583,0.084285,1,0
2488,63,-0.771478,0.247535,-0.037112,0.098976,1,0
2497,63,-0.876815,0.166459,0.040179,0.036670,1,0
2518,63,-0.698914,-0.402952,-0.055420,0.086564,0,1
2498,63,-0.812998,0.237295,0.031175,0.033244,1,0
2502,63,-0.692771,-0.363350,-0.129766,0.037628,0,1
2496,63,-0.764520,0.183522,0.051080,0.026405,1,0
2485,63,-0.822750,0.177294,0.071807,0.101959,1,0
2486,63,-0.812865,0.134322,0.046294,0.105274,1,0
2487,63,-0.864516,0.266104,-0.020511,0.032038,1,0
2511,63,-0.605307,-0.402225,-0.188981,0.121272,0,1
2504,63,-0.602319,-0.420137,-0.144575,0.082475,0,1
2505,63,-0.741688,-0.330524,-0.121335,0.079059,0,1
2515,63,-0.777433,-0.464207,-0.189896,0.179381,0,1
2506,63,-0.687919,-0.412853,-0.178787,0.031215,0,1
2516,63,-0.728276,-0.453994,-0.184458,0.094151,0,1
2489,63,-0.772858,0.221181,-0.028185,0.065471,1,0
2514,63,-0.625746,-0.488782,-0.038374,0.144501,0,1
2493,63,-0.815867,0.155679,-0.039945,-0.027837,1,0
2483,63,-0.879362,0.103780,0.007964,0.011966,1,0
2512,63,-0.779357,-0.439575,-0.088248,0.044639,0,1
2482,63,-0.878373,0.200861,0.035901,-0.031963,1,0
2519,63,-0.659753,-0.456298,-0.136718,-0.019975,0,1
2490,63,-0.840904,0.272244,0.035473,-0.035556,1,0
2517,63,-0.655576,-0.414153,-0.060274,0.054566,0,1
2480,63,-0.825269,0.172566,0.112173,-0.039497,1,0
2484,63,-0.775519,0.156372,0.031509,0.000245,1,0
2513,63,-0.697296,-0.504220,-0.175092,0.156289,0,1
2507,63,-0.673791,-0.367174,-0.222573,0.209678,0,1
2481,63,-0.765561,0.127347,0.040029,0.030904,1,0
2508,63,-0.644509,-0.477912,-0.119126,0.071307,0,1
2491,63,-0.862141,0.161326,-0.020790,-0.017837,1,0
2501,63,-0.730363,-0.467173,-0.161765,0.072890,0,1
2509,63,-0.695596,-0.427319,-0.079136,0.074839,0,1
2559,64,-0.700322,-0.488084,-0.215154,0.112626,0,1
2554,64,-0.686364,-0.428513,-0.149508,0.049048,0,1
2556,64,-0.665713,-0.451906,-0.067322,0.144272,0,1
2553,64,-0.691459,-0.438527,-0.176433,0.082509,0,1
2544,64,-0.713478,-0.464500,-0.108025,0.005087,0,1
2523,64,-0.887361,0.184287,0.121571,0.156963,1,0
2522,64,-0.743610,0.126287,0.014307,-0.021421,1,0
2535,64,-0.796474,0.164486,-0.021586,-0.009358,1,0
2528,64,-0.808095,0.190222,0.067009,0.084534,1,0
2536,64,-0.796104,0.178301,0.012050,0.038924,1,0
2558,64,-0.765775,-0.374628,-0.188369,0.097684,0,1
2525,64,-0.788279,0.115252,0.048084,-0.023400,1,0
2545,64,-0.698838,-0.450748,-0.179220,0.131285,0,1
2526,64,-0.837453,0.259436,0.070685,0.045500,1,0
2532,64,-0.742147,0.110340,0.093234,-0.015398,1,0
2539,64,-0.831328,0.218082,-0.016545,0.119489,1,0
2551,64,-0.664030,-0.471500,-0.213402,0.068383,0,1
2547,64,-0.709682,-0.462196,-0.108644,0.122806,0,1
2531,64,-0.809289,0.176675,0.019260,-0.035966,1,0
2550,64,-0.812852,-0.470306,-0.153442,0.103184,0,1
2541,64,-0.707609,-0.407640,-0.089948,0.059412,0,1
2533,64,-0.778905,0.175499,0.042224,0.018856,1,0
2542,64,-0.617518,-0.461543,-0.180588,0.065983,0,1
2530,64,-0.801653,0.119316,0.018631,0.004996,1,0
2527,64,-0.874050,0.217080,0.046168,0.036399,1,0
2557,64,-0.586355,-0.503560,-0.213913,0.065040,0,1
2552,64,-0.797095,-0.435472,-0.006006,0.062770,0,1
2521,64,-0.784034,0.155442,0.064518,-0.038543,1,0
2555,64,-0.645624,-0.299930,-0.065778,0.198767,0,1
2520,64,-0.780986,0.189149,0.012834,0.017344,1,0
2538,64,-0.735691,0.167595,0.110437,-0.010408,1,0
2549,64,-0.738237,-0.535914,-0.100162,0.042137,0,1
2537,64,-0.937317,0.082380,0.026651,0.074685,1,0
2543,64,-0.702857,-0.503434,-0.176372,0.123457,0,1
2524,64,-0.708726,0.124751,-0.020476,-0.029244,1,0
2548,64,-0.688116,-0.420016,-0.173215,0.066521,0,1
2534,64,-0.828759,0.114582,0.056151,0.000571,1,0
2546,64,-0.649300,-0.306306,-0.085374,0.184060,0,1
2529,64,-0.710515,0.174381,0.118337,0.006532,1,0
2540,64,-0.641252,-0.340970,-0.119282,0.042527,0,1
2587,65,-0.643971,-0.440507,-0.093258,0.081060,0,1
2562,65,-0.777179,0.171052,0.057505,0.083547,1,0
2578,65,-0.738456,0.276958,0.073790,-0.006276,1,0
2588,65,-0.695121,-0.475342,-0.040913,0.113827,0,1
2597,65,-0.686326,-0.436083,-0.044932,0.177498,0,1
2589,65,-0.746220,-0.480814,-0.024744,0.154185,0,1
2590,65,-0.686474,-0.479281,-0.126239,0.101730,0,1
2598,65,-0.610730,-0.404237,-0.057090,0.074688,0,1
2566,65,-0.758070,0.145979,0.098367,-0.012158,1,0
2560,65,-0.714277,0.161475,-0.032513,-0.066279,1,0
2564,65,-0.776718,0.122550,-0.057320,0.005905,1,0
2579,65,-0.796830,0.198294,0.058187,-0.025565,1,0
2575,65,-0.744367,0.202121,-0.054884,-0.015287,1,0
2580,65,-0.536766,-0.463273,-0.039224,-0.001709,0,1
2594,65,-0.660707,-0.438479,-0.131836,0.129283,0,1
2581,65,-0.622149,-0.406529,-0.114800,0.051930,0,1
2595,65,-0.668289,-0.413168,-0.183663,0.069958,0,1
2584,65,-0.725602,-0.482947,-0.063354,0.052803,0,1
2569,65,-0.695388,0.237937,-0.002369,-0.038933,1,0
2592,65,-0.658289,-0.409226,-0.074683,0.159707,0,1
2593,65,-0.674180,-0.482119,-0.246100,0.136082,0,1
2565,65,-0.784783,0.118598,0.061513,-0.026522,1,0
2571,65,-0.850552,0.126853,-0.036977,0.101813,1,0
2574,65,-0.772406,0.174219,-0.092944,-0.090138,1,0
2585,65,-0.646791,-0.385949,-0.148263,0.063961,0,1
2573,65,-0.770720,0.260594,0.054565,-0.017842,1,0
2577,65,-0.831385,0.243129,-0.019838,-0.045437,1,0
2586,65,-0.659785,-0.499155,-0.082739,0.078188,0,1
2576,65,-0.890759,0.121638,0.077038,-0.033544,1,0
2583,65,-0.663261,-0.453386,-0.064040,0.057523,0,1
2599,65,-0.587824,-0.462475,-0.035379,0.084163,0,1
2570,65,-0.871690,0.219506,-0.021807,-0.055086,1,0
2582,65,-0.609220,-0.407800,-0.061043,0.041545,0,1
2567,65,-0.871915,0.199192,-0.042920,-0.054702,1,0
2568,65,-0.849288,0.150487,0.002625,-0.011289,1,0
2596,65,-0.687254,-0.411448,-0.146368,0.056741,0,1
2563,65,-0.878050,0.183834,0.000441,0.002465,1,0
2561,65,-0.877610,0.288010,0.115355,-0.083846,1,0
2572,65,-0.800900,0.131087,-0.009149,-0.010151,1,0
2591,65,-0.737542,-0.428297,-0.142972,0.083739,0,1
2639,66,-0.629567,-0.502551,-0.160886,0.056882,0,1
2629,66,-0.579095,-0.457984,-0.121266,0.099683,0,1
2600,66,-0.833005,0.214082,-0.067258,-0.046259,1,0
2609,66,-0.868252,0.122463,0.013199,-0.077889,1,0
2631,66,-0.619576,-0.429961,-0.181668,0.116335,0,1
2625,66,-0.644677,-0.434179,-0.265799,0.123794,0,1
2627,66,-0.709614,-0.484267,-0.135355,0.025676,0,1
2619,66,-0.784862,0.173921,0.082970,-0.025513,1,0
2634,66,-0.786520,-0.515375,-0.183709,0.082486,0,1
2615,66,-0.734438,0.263274,-0.034558,0.079710,1,0
2603,66,-0.842280,0.235814,0.003281,0.024990,1,0
2605,66,-0.787098,0.133927,-0.064909,0.008021,1,0
2633,66,-0.537824,-0.469782,-0.226397,0.002378,0,1
2628,66,-0.577654,-0.437415,-0.055755,0.034459,0,1
2637,66,-0.711863,-0.481128,-0.161389,-0.002657,0,1
2616,66,-0.819226,0.344849,0.000104,0.023695,1,0
2624,66,-0.699716,-0.459327,-0.128395,0.150860,0,1
2635,66,-0.619362,-0.426340,-0.207465,-0.017562,0,1
2630,66,-0.682575,-0.315010,-0.170561,0.025034,0,1
2604,66,-0.734579,0.269809,-0.037013,0.045911,1,0
2611,66,-0.897271,0.199432,-0.042501,-0.060942,1,0
2632,66,-0.662901,-0.579539,-0.124318,0.050491,0,1
2622,66,-0.732325,-0.514968,-0.244888,0.086819,0,1
2620,66,-0.610438,-0.451383,-0.113981,0.161269,0,1
2636,66,-0.710641,-0.489018,-0.151503,0.036488,0,1
2621,66,-0.631869,-0.371957,-0.162145,0.150657,0,1
2623,66,-0.695409,-0.302914,-0.149205,0.057786,0,1
2607,66,-0.821616,0.176617,0.054255,-0.122217,1,0
2618,66,-0.831312,0.227056,-0.029052,0.013987,1,0
2602,66,-0.811499,0.176873,-0.034013,-0.019023,1,0
2613,66,-0.789880,0.222268,-0.019459,0.044528,1,0
2610,66,-0.781498,0.294354,0.025800,0.063170,1,0
2612,66,-0.712601,0.158736,0.029816,0.110439,1,0
2606,66,-0.832872,0.178344,-0.027442,-0.013781,1,0
2626,66,-0.671678,-0.402836,-0.122427,0.112442,0,1
2608,66,-0.773280,0.225827,-0.006737,0.020350,1,0
2614,66,-0.709514,0.207125,-0.140853,-0.035747,1,0
2638,66,-0.714782,-0.394275,-0.235275,0.100375,0,1
2601,66,-0.800773,0.177891,-0.044298,-0.041570,1,0
2617,66,-0.781661,0.204279,0.016687,-0.092039,1,0
2659,67,-0.713651,0.207041,-0.058833,-0.018700,1,0
2668,67,-0.746552,-0.549031,-0.150378,0.011754,0,1
2648,67,-0.772205,0.038390,-0.105781,-0.000603,1,0
2658,67,-0.748976,0.204402,0.018314,-0.020370,1,0
2654,67,-0.868517,0.162235,-0.011617,-0.033186,1,0
2653,67,-0.792640,0.228577,-0.061428,0.050412,1,0
2649,67,-0.808349,0.221694,-0.063652,-0.021224,1,0
2656,67,-0.769173,0.220702,-0.052712,0.039508,1,0
2675,67,-0.715996,-0.470180,-0.139366,0.063522,0,1
2657,67,-0.808382,0.132431,-0.006655,0.021211,1,0
2663,67,-0.708066,-0.328545,-0.078910,0.021397,0,1
2644,67,-0.763280,0.196643,-0.027882,-0.009336,1,0
2674,67,-0.661361,-0.483031,-0.193527,0.124344,0,1
2641,67,-0.813193,0.211992,0.038318,-0.006078,1,0
2677,67,-0.679261,-0.429925,-0.115552,0.040033,0,1
2672,67,-0.703631,-0.496345,-0.159431,0.065239,0,1
2667,67,-0.663845,-0.444331,-0.151713,0.132732,0,1
2664,67,-0.670979,-0.490496,-0.215048,0.040954,0,1
2640,67,-0.750630,0.265615,-0.021755,0.019381,1,0
2673,67,-0.579506,-0.396067,-0.178817,0.088025,0,1
2646,67,-0.767000,0.175341,0.006373,0.058123,1,0
2643,67,-0.686806,0.259075,-0.086421,-0.088876,1,0
2642,67,-0.802490,0.247061,-0.029494,0.035441,1,0
2678,67,-0.632377,-0.528129,-0.209715,0.121918,0,1
2666,67,-0.620309,-0.503985,-0.140072,-0.001100,0,1
2651,67,-0.802261,0.161913,0.027620,-0.020532,1,0
2669,67,-0.616740,-0.452051,-0.211301,0.029402,0,1
2645,67,-0.738638,0.246228,0.044530,0.022553,1,0
2652,67,-0.842867,0.273323,-0.036777,0.053751,1,0
2676,67,-0.601771,-0.448193,-0.129790,0.068496,0,1
2647,67,-0.833124,0.204926,0.046734,0.037103,1,0
2655,67,-0.708217,0.197886,0.095456,-0.037726,1,0
2671,67,-0.615659,-0.551484,-0.163662,0.040168,0,1
2679,67,-0.733319,-0.545766,-0.209345,-0.108062,0,1
2665,67,-0.703673,-0.440257,-0.138120,0.010197,0,1
2650,67,-0.787265,0.199715,0.063442,-0.086729,1,0
2662,67,-0.688770,-0.464708,-0.090864,0.069639,0,1
2660,67,-0.712743,-0.396908,-0.139867,0.047125,0,1
2670,67,-0.664106,-0.416334,-0.134999,0.012851,0,1
2661,67,-0.634843,-0.543296,-0.173276,0.000214,0,1
2705,68,-0.567549,-0.384423,-0.208147,0.067495,0,1
2696,68,-0.751936,0.106020,0.019408,0.045291,1,0
2715,68,-0.629199,-0.387495,-0.161024,0.060824,0,1
2681,68,-0.914826,0.153797,-0.034134,0.063378,1,0
2689,68,-0.745989,0.146449,-0.021381,0.010945,1,0
2704,68,-0.622234,-0.458864,-0.162787,0.088688,0,1
2693,68,-0.741559,0.156436,-0.020778,-0.019181,1,0
2708,68,-0.620905,-0.427458,-0.226817,0.039153,0,1
2683,68,-0.826259,0.078632,0.078467,0.000328,1,0
2686,68,-0.738270,0.160928,0.026492,-0.088942,1,0
2694,68,-0.822814,0.177241,0.095227,-0.041268,1,0
2685,68,-0.832657,0.154050,-0.090920,-0.014657,1,0
2702,68,-0.654224,-0.450756,-0.321048,-0.032900,0,1
2709,68,-0.622566,-0.312949,-0.159399,0.137720,0,1
2699,68,-0.732008,0.188138,0.035525,0.018366,1,0
2719,68,-0.711933,-0.429075,-0.156130,0.000860,0,1
2707,68,-0.635502,-0.448262,-0.138609,0.067926,0,1
2690,68,-0.821998,0.182683,-0.018842,-0.093980,1,0
2692,68,-0.766098,0.179861,-0.027828,0.027248,1,0
2701,68,-0.628836,-0.413446,-0.212192,0.019950,0,1
2687,68,-0.783547,0.245357,-0.022845,0.058639,1,0
2714,68,-0.540282,-0.539298,-0.127923,0.077534,0,1
2697,68,-0.820667,0.230319,-0.035315,-0.039902,1,0
2698,68,-0.703570,0.213845,0.006885,0.007968,1,0
2718,68,-0.667150,-0.418341,-0.217133,0.019700,0,1
2682,68,-0.774726,0.124972,0.011262,-0.003579,1,0
2695,68,-0.789864,0.247322,0.007700,0.010167,1,0
2713,68,-0.592796,-0.424704,-0.165856,0.121204,0,1
2706,68,-0.682634,-0.446830,-0.197258,0.057052,0,1
2716,68,-0.627792,-0.441462,-0.172102,0.121231,0,1
2691,68,-0.914000,0.299514,0.062544,-0.017150,1,0
2711,68,-0.617624,-0.417240,-0.109529,0.119784,0,1
2700,68,-0.681065,-0.392089,-0.172739,0.019923,0,1
2717,68,-0.643852,-0.402979,-0.104987,-0.004436,0,1
2712,68,-0.603974,-0.519753,-0.147102,0.076992,0,1
2688,68,-0.800855,0.132390,0.042707,-0.088372,1,0
2703,68,-0.660444,-0.447081,-0.181106,0.065486,0,1
2684,68,-0.797879,0.171299,-0.012675,-0.077873,1,0
2710,68,-0.643051,-0.408030,-0.162247,0.076156,0,1
2680,68,-0.779273,0.203691,0.051140,-0.001858,1,0
2758,69,-0.594103,-0.475604,-0.109098,0.102407,0,1
2724,69,-0.751340,0.222641,-0.057830,0.001029,1,0
2720,69,-0.823570,0.244696,0.034252,-0.032370,1,0
2734,69,-0.796440,0.271422,0.011847,-0.068481,1,0
2736,69,-0.789926,0.131667,0.045290,0.058753,1,0
2735,69,-0.827385,0.172527,0.093287,0.075832,1,0
2725,69,-0.894687,0.190014,0.121783,-0.048739,1,0
2727,69,-0.757424,0.147877,0.015652,-0.012283,1,0
2747,69,-0.705579,-0.425457,-0.125054,-0.030417,0,1
2733,69,-0.754778,0.155027,-0.046195,0.024935,1,0
2746,69,-0.734765,-0.437341,-0.200246,0.038587,0,1
2757,69,-0.727647,-0.437539,-0.153254,0.120150,0,1
2750,69,-0.662699,-0.470504,-0.120280,0.098011,0,1
2739,69,-0.823867,0.225367,0.012811,0.023860,1,0
2759,69,-0.623264,-0.465998,-0.214501,0.068587,0,1
2726,69,-0.730422,0.227612,-0.008745,-0.029499,1,0
2730,69,-0.920693,0.178847,-0.033327,0.035619,1,0
2737,69,-0.742103,0.142756,-0.021221,-0.103142,1,0
2751,69,-0.618241,-0.526091,-0.105386,0.055892,0,1
2753,69,-0.595584,-0.455693,-0.104608,0.111336,0,1
2756,69,-0.682743,-0.404528,-0.216819,0.082943,0,1
2754,69,-0.658292,-0.471606,-0.145403,0.129627,0,1
2740,69,-0.647505,-0.430413,-0.041887,-0.053076,0,1
2722,69,-0.689491,0.199212,0.018773,-0.016070,1,0
2721,69,-0.788168,0.216394,-0.038864,-0.061064,1,0
2742,69,-0.676899,-0.436117,-0.112602,0.118476,0,1
2752,69,-0.672117,-0.422351,-0.092741,0.071216,0,1
2745,69,-0.624519,-0.441125,-0.128909,0.082062,0,1
2755,69,-0.716688,-0.421937,-0.108142,0.002290,0,1
2729,69,-0.800503,0.176316,-0.025602,0.010229,1,0
2741,69,-0.778756,-0.456268,-0.192216,-0.043848,0,1
2749,69,-0.606632,-0.410008,-0.141914,0.063181,0,1
2732,69,-0.713391,0.190061,-0.004060,-0.005310,1,0
2731,69,-0.706023,0.153594,-0.082148,-0.030310,1,0
2743,69,-0.616934,-0.408509,-0.182993,0.134635,0,1
2744,69,-0.653542,-0.478416,-0.120918,-0.028055,0,1
2748,69,-0.666384,-0.467684,-0.259700,-0.003645,0,1
2723,69,-0.752242,0.170491,-0.000717,-0.055254,1,0
2728,69,-0.851902,0.268681,-0.072182,-0.009388,1,0
2738,69,-0.850403,0.151748,-0.023695,-0.001527,1,0
2791,70,-0.703259,-0.465282,-0.159771,0.104179,0,1
2766,70,-0.797386,0.206302,0.071411,-0.015602,1,0
2760,70,-0.889559,0.195963,-0.021208,-0.012571,1,0
2798,70,-0.686814,-0.398898,-0.065179,0.218802,0,1
2785,70,-0.641660,-0.403672,-0.180678,0.224863,0,1
2792,70,-0.669495,-0.425711,-0.174361,0.176919,0,1
2777,70,-0.793338,0.148910,0.031040,0.052275,1,0
2781,70,-0.628084,-0.386688,-0.192724,0.106106,0,1
2794,70,-0.654554,-0.470094,-0.105934,0.207633,0,1
2788,70,-0.613012,-0.533909,-0.161938,0.169405,0,1
2778,70,-0.672217,0.211228,0.043529,0.015814,1,0
2769,70,-0.880849,0.170986,-0.119129,0.013821,1,0
2764,70,-0.870160,0.289294,-0.090150,-0.041467,1,0
2796,70,-0.670533,-0.383551,-0.156131,0.179286,0,1
2784,70,-0.679734,-0.420285,-0.175961,0.221748,0,1
2774,70,-0.790072,0.181902,0.009970,-0.069584,1,0
2782,70,-0.712999,-0.470663,-0.117594,0.133793,0,1
2780,70,-0.593933,-0.473801,-0.110399,0.186287,0,1
2786,70,-0.667523,-0.523119,-0.086954,0.186425,0,1
2767,70,-0.824238,0.224923,-0.107286,-0.074975,1,0
2793,70,-0.638439,-0.453471,-0.075262,0.273789,0,1
2768,70,-0.769118,0.197161,-0.050661,-0.111871,1,0
2765,70,-0.853240,0.245091,0.043871,-0.049848,1,0
2776,70,-0.868063,0.227200,-0.055780,0.070908,1,0
2773,70,-0.788367,0.231932,0.086553,-0.073336,1,0
2787,70,-0.593332,-0.447252,-0.092251,0.225304,0,1
2795,70,-0.536288,-0.526113,-0.155605,0.166049,0,1
2772,70,-0.825419,0.159191,0.016091,0.035681,1,0
2763,70,-0.831779,0.157617,-0.031219,-0.061312,1,0
2799,70,-0.681759,-0.451813,-0.057042,0.103502,0,1
2762,70,-0.840740,0.142621,-0.007583,-0.032583,1,0
2775,70,-0.719627,0.119068,-0.003517,-0.016243,1,0
2783,70,-0.626249,-0.492519,-0.088119,0.118107,0,1
2761,70,-0.822222,0.138537,0.056216,0.001869,1,0
2771,70,-0.816998,0.155288,0.033803,-0.115975,1,0
2789,70,-0.603517,-0.456001,-0.199589,0.155437,0,1
2779,70,-0.709152,0.281809,0.059757,0.050549,1,0
2790,70,-0.615498,-0.594166,-0.116356,0.165699,0,1
2797,70,-0.693966,-0.468852,-0.164714,0.207819,0,1
2770,70,-0.784862,0.187388,-0.000873,-0.015298,1,0
2821,71,-0.690271,-0.478178,-0.121828,0.145212,0,1
2829,71,-0.672324,-0.485209,-0.194522,0.207415,0,1
2809,71,-0.796906,0.244029,-0.036939,-0.038367,1,0
2812,71,-0.709821,0.144011,-0.018023,0.028821,1,0
2817,71,-0.826437,0.199790,0.025261,-0.061964,1,0
2800,71,-0.792106,0.196391,-0.042884,-0.018813,1,0
2816,71,-0.784064,0.145303,0.058979,-0.001516,1,0
2808,71,-0.833713,0.175236,0.094281,-0.030624,1,0
2815,71,-0.832494,0.202106,0.017905,0.014534,1,0
2819,71,-0.814399,0.253243,0.001372,-0.001724,1,0
2837,71,-0.690265,-0.421692,-0.169297,0.180259,0,1
2831,71,-0.624246,-0.468002,-0.264507,0.221395,0,1
2807,71,-0.788099,0.167636,0.056131,-0.003975,1,0
2824,71,-0.629887,-0.562394,-0.159080,0.240375,0,1
2838,71,-0.629124,-0.387082,-0.221559,0.166115,0,1
2804,71,-0.798470,0.298811,0.035874,-0.014748,1,0
2801,71,-0.799294,0.165290,-0.120009,0.080549,1,0
2814,71,-0.654269,0.229511,-0.051806,-0.097348,1,0
2822,71,-0.606482,-0.393568,-0.103641,0.126771,0,1
2802,71,-0.773829,0.131149,-0.060627,-0.035354,1,0
2818,71,-0.778540,0.168114,-0.026681,-0.052470,1,0
2813,71,-0.721816,0.169610,0.068978,-0.070763,1,0
2811,71,-0.813066,0.178918,0.035164,-0.125005,1,0
2803,71,-0.813376,0.205549,0.047559,-0.089000,1,0
2830,71,-0.519499,-0.451680,-0.150304,0.188121,0,1
2805,71,-0.755852,0.165063,0.023689,-0.024118,1,0
2828,71,-0.652097,-0.440482,-0.219394,0.118583,0,1
2832,71,-0.609000,-0.458347,-0.095732,0.099671,0,1
2823,71,-0.712769,-0.563270,-0.167042,0.175537,0,1
2825,71,-0.653094,-0.556963,-0.271784,0.195533,0,1
2827,71,-0.649834,-0.469533,-0.176039,0.097685,0,1
2834,71,-0.653088,-0.470945,-0.123562,0.154332,0,1
2826,71,-0.659723,-0.579753,-0.150163,0.159344,0,1
2833,71,-0.576519,-0.445809,-0.232965,0.168753,0,1
2836,71,-0.665547,-0.482526,-0.084255,0.225246,0,1
2806,71,-0.845389,0.253724,-0.007916,-0.043722,1,0
2835,71,-0.707943,-0.492224,-0.126278,0.238895,0,1
2810,71,-0.792895,0.125372,0.016187,-0.049403,1,0
2820,71,-0.659395,-0.512154,-0.163401,0.214575,0,1
2839,71,-0.706547,-0.563947,-0.290995,0.104412,0,1
2866,72,-0.631813,-0.407796,-0.133080,-0.007031,0,1
2861,72,-0.527011,-0.458561,-0.139403,0.038204,0,1
2865,72,-0.692159,-0.459317,-0.275031,0.068138,0,1
2857,72,-0.738533,0.186369,-0.007663,-0.096802,1,0
2875,72,-0.598873,-0.456465,-0.257273,0.068073,0,1
2854,72,-0.871501,0.179607,0.017271,0.012632,1,0
2844,72,-0.796574,0.342655,0.022608,-0.125716,1,0
2847,72,-0.821251,0.246264,-0.038507,0.031088,1,0
2867,72,-0.659855,-0.430236,-0.222402,0.176575,0,1
2842,72,-0.753595,0.211912,-0.008191,-0.077879,1,0
2841,72,-0.828464,0.205733,-0.091174,-0.074921,1,0
2840,72,-0.756951,0.196921,0.057048,-0.109226,1,0
2848,72,-0.763068,0.206669,0.049146,-0.036531,1,0
2859,72,-0.766536,0.222888,-0.022619,-0.008007,1,0
2846,72,-0.815320,0.130861,0.013915,-0.054988,1,0
2850,72,-0.763807,0.192282,-0.052535,0.131433,1,0
2856,72,-0.808651,0.205067,-0.002399,-0.038171,1,0
2879,72,-0.609039,-0.447800,-0.203284,0.114859,0,1
2849,72,-0.721613,0.214361,0.065696,0.063638,1,0
2851,72,-0.792348,0.221602,0.075060,0.070217,1,0
2845,72,-0.764804,0.154733,-0.000953,0.054062,1,0
2869,72,-0.587779,-0.520331,-0.144444,0.126170,0,1
2872,72,-0.663507,-0.578185,-0.129610,-0.028747,0,1
2862,72,-0.665572,-0.428205,-0.159617,0.042181,0,1
2858,72,-0.778640,0.166660,-0.011179,0.029854,1,0
2873,72,-0.696193,-0.411604,-0.108412,0.047835,0,1
2855,72,-0.808663,0.301838,-0.007124,-0.065448,1,0
2843,72,-0.813421,0.219152,0.071396,0.022179,1,0
2877,72,-0.724606,-0.478073,-0.202401,0.060013,0,1
2863,72,-0.624365,-0.462041,-0.194524,0.071435,0,1
2853,72,-0.795109,0.189367,-0.020806,-0.000265,1,0
2876,72,-0.589713,-0.453950,-0.170652,0.044726,0,1
2870,72,-0.646382,-0.418544,-0.148918,0.135736,0,1
2864,72,-0.634456,-0.450470,-0.139717,0.025769,0,1
2868,72,-0.652599,-0.479883,-0.231367,0.046690,0,1
2874,72,-0.622482,-0.523777,-0.278464,0.098959,0,1
2871,72,-0.586731,-0.492633,-0.142822,0.058855,0,1
2878,72,-0.635609,-0.455786,-0.055255,0.010213,0,1
2852,72,-0.748348,0.293541,0.076696,-0.069524,1,0
2860,72,-0.684834,-0.451915,-0.146078,0.061026,0,1
2915,73,-0.616130,-0.418659,-0.187552,0.104346,0,1
2888,73,-0.816549,0.227773,-0.178313,0.055601,1,0
2889,73,-0.707438,0.222463,-0.168875,0.093003,1,0
2907,73,-0.687418,-0.516817,-0.134337,-0.029610,0,1
2897,73,-0.795290,0.232834,-0.244542,0.100462,1,0
2904,73,-0.662325,-0.415820,-0.091034,0.097493,0,1
2902,73,-0.702653,-0.433411,-0.111468,0.047160,0,1
2886,73,-0.762310,0.149261,-0.156191,0.178191,1,0
2905,73,-0.596866,-0.481417,-0.262493,-0.054286,0,1
2917,73,-0.689796,-0.514392,-0.210851,0.050982,0,1
2884,73,-0.869766,0.157651,-0.168721,0.061622,1,0
2890,73,-0.750056,0.257756,-0.165127,0.035421,1,0
2892,73,-0.781345,0.223660,-0.130977,0.122495,1,0
2914,73,-0.568910,-0.443720,-0.150583,0.071855,0,1
2909,73,-0.604076,-0.567074,-0.182976,0.086642,0,1
2899,73,-0.863754,0.192108,-0.089713,0.230569,1,0
2912,73,-0.793480,-0.482428,-0.138903,0.078745,0,1
2908,73,-0.583445,-0.383095,-0.155530,0.048991,0,1
2911,73,-0.596942,-0.442524,-0.130099,-0.004310,0,1
2894,73,-0.791259,0.177411,-0.272254,0.104683,1,0
2916,73,-0.669369,-0.415335,-0.161866,0.039946,0,1
2893,73,-0.866846,0.179109,-0.152482,0.121537,1,0
2891,73,-0.790360,0.128399,-0.139918,0.163511,1,0
2895,73,-0.769068,0.143507,-0.055062,0.082061,1,0
2881,73,-0.882060,0.194584,-0.202437,0.153777,1,0
2883,73,-0.858702,0.133552,-0.131419,0.138376,1,0
2896,73,-0.802062,0.169510,-0.246987,0.075823,1,0
2882,73,-0.807768,0.210425,-0.123908,-0.044850,1,0
2906,73,-0.591883,-0.480538,-0.116610,0.017113,0,1
2918,73,-0.658037,-0.538603,-0.131040,-0.038393,0,1
2910,73,-0.632079,-0.417210,-0.154668,-0.014458,0,1
2901,73,-0.649976,-0.376576,-0.222790,0.109452,0,1
2919,73,-0.698851,-0.340186,-0.123665,0.047939,0,1
2913,73,-0.636867,-0.453874,-0.127424,0.163583,0,1
2900,73,-0.616983,-0.447822,-0.199202,0.042252,0,1
2898,73,-0.745164,0.201652,-0.081746,0.148494,1,0
2887,73,-0.798052,0.198949,-0.132373,0.116031,1,0
2885,73,-0.865952,0.243580,-0.201120,0.065388,1,0
2880,73,-0.861187,0.183450,-0.127612,-0.000499,1,0
2903,73,-0.531552,-0.443259,-0.191427,0.007807,0,1
2941,74,-0.561943,-0.514891,-0.119071,0.068541,0,1
2953,74,-0.699442,-0.474214,-0.159332,0.057619,0,1
2925,74,-0.801078,0.302601,-0.121744,0.145964,1,0
2928,74,-0.841828,0.233007,-0.142290,0.123207,1,0
2927,74,-0.749276,0.215900,-0.172884,0.227631,1,0
2940,74,-0.690553,-0.520107,-0.139711,-0.005843,0,1
2947,74,-0.679623,-0.495272,-0.265506,0.036861,0,1
2952,74,-0.686332,-0.510076,-0.108463,0.046849,0,1
2949,74,-0.602520,-0.505397,-0.131230,0.064194,0,1
2935,74,-0.778721,0.174697,-0.178551,0.094969,1,0
2934,74,-0.791548,0.165040,-0.119678,0.038935,1,0
2959,74,-0.546542,-0.524964,-0.216469,0.089968,0,1
2958,74,-0.659698,-0.445746,-0.119130,0.061472,0,1
2933,74,-0.730655,0.201379,-0.116725,0.064653,1,0
2931,74,-0.851812,0.220924,-0.189195,0.122595,1,0
2956,74,-0.700061,-0.508768,-0.217588,0.061745,0,1
2932,74,-0.865614,0.137761,-0.134689,0.078012,1,0
2936,74,-0.706487,0.244612,-0.273741,0.103918,1,0
2926,74,-0.830215,0.174195,-0.157988,0.126924,1,0
2944,74,-0.570644,-0.524675,-0.151265,0.036812,0,1
2920,74,-0.860913,0.265346,-0.184735,0.156623,1,0
2922,74,-0.833816,0.104196,-0.192626,0.073351,1,0
2955,74,-0.672177,-0.525598,-0.153994,0.029704,0,1
2950,74,-0.682107,-0.448076,-0.188816,0.078368,0,1
2937,74,-0.759346,0.159438,-0.150983,0.048929,1,0
2924,74,-0.766748,0.175456,-0.130825,0.107695,1,0
2942,74,-0.698808,-0.502260,-0.166521,0.080853,0,1
2957,74,-0.600604,-0.467678,-0.145868,0.095460,0,1
2945,74,-0.657230,-0.431970,-0.211399,0.027400,0,1
2921,74,-0.752841,0.127736,-0.170129,0.100195,1,0
2946,74,-0.700499,-0.408126,-0.137692,0.026645,0,1
2948,74,-0.605582,-0.533629,-0.259704,0.149654,0,1
2929,74,-0.756794,0.214387,-0.191674,0.103119,1,0
2943,74,-0.672118,-0.462446,-0.100288,0.131057,0,1
2923,74,-0.884001,0.147359,-0.128099,0.123144,1,0
2954,74,-0.629502,-0.502885,-0.191313,0.046718,0,1
2930,74,-0.787091,0.212547,-0.222022,0.170059,1,0
2939,74,-0.799033,0.238085,-0.123995,0.033013,1,0
2951,74,-0.650917,-0.526597,-0.163015,0.034809,0,1
2938,74,-0.853336,0.196907,-0.086463,0.016756,1,0
2981,75,-0.714307,-0.389074,-0.265790,0.072038,0,1
2970,75,-0.846386,0.148370,-0.207015,0.127117,1,0
2978,75,-0.739921,0.220540,-0.243544,0.158977,1,0
2977,75,-0.896186,0.222297,-0.197336,0.054624,1,0
2965,75,-0.791685,0.112775,-0.238527,0.119563,1,0
2987,75,-0.660284,-0.454160,-0.234028,0.050275,0,1
2961,75,-0.802788,0.208501,-0.126652,0.097861,1,0
2963,75,-0.811137,0.241065,-0.102809,0.013828,1,0
2989,75,-0.699006,-0.424978,-0.206198,-0.018796,0,1
2986,75,-0.576233,-0.381426,-0.216482,0.048264,0,1
2975,75,-0.671132,0.214744,-0.135248,0.092378,1,0
2991,75,-0.697575,-0.449565,-0.166327,0.031728,0,1
2999,75,-0.674424,-0.447602,-0.260180,0.125409,0,1
2962,75,-0.835990,0.219527,-0.209945,0.172114,1,0
2964,75,-0.755844,0.216156,-0.095535,0.062554,1,0
2979,75,-0.834851,0.109824,-0.169199,0.108882,1,0
2994,75,-0.671772,-0.466798,-0.196124,-0.026214,0,1
2997,75,-0.661140,-0.536312,-0.106618,0.054569,0,1
2982,75,-0.551017,-0.456263,-0.194974,0.018805,0,1
2992,75,-0.602691,-0.507833,-0.187529,0.022820,0,1
2996,75,-0.607722,-0.551900,-0.122258,0.013147,0,1
2983,75,-0.614248,-0.437278,-0.145254,0.064376,0,1
2995,75,-0.686107,-0.474414,-0.198172,0.066940,0,1
2988,75,-0.672323,-0.494352,-0.166452,0.031245,0,1
2998,75,-0.627691,-0.528644,-0.135641,0.142739,0,1
2980,75,-0.656490,-0.507162,-0.172125,0.081998,0,1
2984,75,-0.674857,-0.530988,-0.153176,0.048832,0,1
2968,75,-0.705881,0.267142,-0.170506,0.128729,1,0
2972,75,-0.777700,0.249428,-0.137776,0.149505,1,0
2973,75,-0.815619,0.163879,-0.217755,0.160294,1,0
2985,75,-0.663605,-0.496195,-0.072863,0.041380,0,1
2966,75,-0.777617,0.225143,-0.270693,0.084948,1,0
2974,75,-0.805948,0.178568,-0.104808,0.111279,1,0
2969,75,-0.844287,0.242723,-0.125498,0.075217,1,0
2990,75,-0.569681,-0.517504,-0.209252,0.111032,0,1
2960,75,-0.713164,0.260548,-0.088748,0.069921,1,0
2993,75,-0.670781,-0.476021,-0.078902,0.048679,0,1
2976,75,-0.859214,0.234589,-0.189695,0.112147,1,0
2971,75,-0.705142,0.172845,-0.191703,0.086112,1,0
2967,75,-0.795767,0.310455,-0.173294,0.064134,1,0
3016,76,-0.760115,0.246806,-0.118419,0.118801,1,0
3011,76,-0.904241,0.126629,-0.264086,0.091973,1,0
3039,76,-0.562457,-0.493639,-0.252996,0.016641,0,1
3029,76,-0.637857,-0.354444,-0.114065,0.087509,0,1
3034,76,-0.652219,-0.512278,-0.181131,0.023977,0,1
3004,76,-0.802396,0.194633,-0.170985,0.049269,1,0
3033,76,-0.583775,-0.479269,-0.139527,0.024597,0,1
3024,76,-0.684605,-0.517127,-0.203721,-0.003236,0,1
3031,76,-0.560660,-0.432504,-0.297673,0.024932,0,1
3020,76,-0.590433,-0.457764,-0.083468,0.071098,0,1
3015,76,-0.835930,0.162675,-0.144860,0.155487,1,0
3001,76,-0.843332,0.250970,-0.138934,0.081150,1,0
3012,76,-0.762210,0.208782,-0.187997,0.123419,1,0
3002,76,-0.868039,0.200755,-0.189368,0.101797,1,0
3014,76,-0.919017,0.189215,-0.213026,0.126231,1,0
3027,76,-0.630617,-0.492969,-0.121937,0.093480,0,1
3023,76,-0.569420,-0.451142,-0.174522,0.033390,0,1
3025,76,-0.630472,-0.443167,-0.125301,0.114185,0,1
3010,76,-0.902276,0.284444,-0.118230,0.147784,1,0
3022,76,-0.633119,-0.486210,-0.192672,0.119801,0,1
3000,76,-0.757493,0.186673,-0.207911,0.170673,1,0
3037,76,-0.619295,-0.461441,-0.165712,0.033502,0,1
3032,76,-0.667026,-0.434333,-0.128438,-0.015945,0,1
3035,76,-0.616805,-0.407738,-0.120761,0.065492,0,1
3021,76,-0.695413,-0.442302,-0.171258,0.053276,0,1
3018,76,-0.842864,0.275174,-0.172129,0.089076,1,0
3036,76,-0.673192,-0.443012,-0.153891,0.103784,0,1
3007,76,-0.797511,0.226388,-0.158289,0.136420,1,0
3003,76,-0.757231,0.121739,-0.061397,0.115069,1,0
3028,76,-0.704695,-0.442905,-0.293983,0.138947,0,1
3017,76,-0.718045,0.227597,-0.196205,0.118702,1,0
3030,76,-0.556115,-0.458281,-0.111356,0.112031,0,1
3005,76,-0.839417,0.209464,-0.145458,0.148222,1,0
3019,76,-0.736680,0.186276,-0.144119,0.098574,1,0
3006,76,-0.829036,0.213915,-0.139330,0.034231,1,0
3026,76,-0.618559,-0.589504,-0.172395,0.236706,0,1
3008,76,-0.823156,0.192895,-0.128656,0.078521,1,0
3009,76,-0.758962,0.208520,-0.185426,0.017928,1,0
3013,76,-0.726913,0.116834,-0.104923,0.115504,1,0
3038,76,-0.669345,-0.482967,-0.191666,0.082036,0,1
3040,77,-0.838252,0.185198,-0.223663,0.097922,1,0
3056,77,-0.782412,0.325664,-0.168653,0.036135,1,0
3050,77,-0.805356,0.142444,-0.157704,0.086764,1,0
3059,77,-0.690244,0.175500,-0.226008,0.096995,1,0
3064,77,-0.658822,-0.480121,-0.138096,0.095194,0,1
3055,77,-0.799080,0.232842,-0.209138,0.043224,1,0
3070,77,-0.651814,-0.543789,-0.207004,0.054167,0,1
3075,77,-0.639685,-0.520018,-0.132693,0.040354,0,1
3068,77,-0.628188,-0.597025,-0.217567,0.020937,0,1
3057,77,-0.732085,0.172181,-0.189014,0.073228,1,0
3044,77,-0.748420,0.207377,-0.116804,0.083188,1,0
3043,77,-0.813280,0.229383,-0.110147,0.142895,1,0
3051,77,-0.806659,0.151497,-0.230385,0.108418,1,0
3079,77,-0.697512,-0.491222,-0.191021,0.121532,0,1
3046,77,-0.779481,0.264204,-0.122152,0.114146,1,0
3042,77,-0.823474,0.132752,-0.132831,0.083791,1,0
3067,77,-0.679197,-0.381412,-0.200963,0.039741,0,1
3052,77,-0.791232,0.160271,-0.116951,0.195464,1,0
3053,77,-0.846982,0.102354,-0.181143,0.144849,1,0
3045,77,-0.758857,0.225772,-0.174084,0.089126,1,0
3076,77,-0.632735,-0.430978,-0.124306,0.103898,0,1
3066,77,-0.720173,-0.474779,-0.237029,0.089496,0,1
3048,77,-0.708864,0.300359,-0.171970,0.119738,1,0
3061,77,-0.743881,-0.459076,-0.126540,0.079532,0,1
3065,77,-0.686744,-0.503489,-0.282062,0.031004,0,1
3078,77,-0.581151,-0.426948,-0.182521,0.003711,0,1
3074,77,-0.586043,-0.478125,-0.144802,0.044462,0,1
3062,77,-0.527000,-0.460124,-0.122359,0.049768,0,1
3071,77,-0.657099,-0.411669,-0.210490,0.129923,0,1
3049,77,-0.656510,0.189626,-0.265242,0.097553,1,0
3063,77,-0.690380,-0.488892,-0.245774,0.007730,0,1
3069,77,-0.601938,-0.557033,-0.107698,0.037661,0,1
3072,77,-0.623500,-0.471845,-0.177758,0.022320,0,1
3077,77,-0.613313,-0.423425,-0.130625,0.002587,0,1
3060,77,-0.638269,-0.373114,-0.220206,0.092136,0,1
3058,77,-0.826076,0.136684,-0.214868,0.161259,1,0
3041,77,-0.807034,0.308187,-0.177926,0.102599,1,0
3054,77,-0.772246,0.268700,-0.173058,0.039384,1,0
3073,77,-0.597184,-0.486377,-0.252362,0.080979,0,1
3047,77,-0.754706,0.221609,-0.189498,-0.008458,1,0
3090,78,-0.761141,0.260158,-0.213985,0.179594,1,0
3118,78,-0.463043,-0.438406,-0.182052,-0.015636,0,1
3100,78,-0.651664,-0.473480,-0.112390,0.067923,0,1
3116,78,-0.593801,-0.427884,-0.164554,0.059413,0,1
3085,78,-0.725011,0.093405,-0.081596,0.177672,1,0
3109,78,-0.736691,-0.421634,-0.126267,0.089739,0,1
3108,78,-0.624971,-0.471974,-0.121848,0.148687,0,1
3088,78,-0.711973,0.215541,-0.156951,0.119587,1,0
3089,78,-0.852815,0.277847,-0.217259,0.093661,1,0
3084,78,-0.813664,0.082157,-0.235377,0.063912,1,0
3106,78,-0.572161,-0.456935,-0.207498,0.114845,0,1
3082,78,-0.758937,0.264311,-0.116943,0.088734,1,0
3112,78,-0.613308,-0.429556,-0.061729,0.080549,0,1
3092,78,-0.812119,0.192458,-0.118613,0.148375,1,0
3105,78,-0.580486,-0.467785,-0.070363,0.071289,0,1
3098,78,-0.792382,0.197999,-0.166609,0.103788,1,0
3086,78,-0.733600,0.279758,-0.137853,0.026939,1,0
3097,78,-0.768240,0.167100,-0.214582,0.007715,1,0
3113,78,-0.619294,-0.494071,-0.145666,0.059554,0,1
3107,78,-0.716099,-0.445921,-0.168419,0.124354,0,1
3091,78,-0.903119,0.226917,-0.192748,0.121720,1,0
3103,78,-0.615042,-0.539534,-0.160873,0.020124,0,1
3093,78,-0.859457,0.195923,-0.123726,0.070884,1,0
3119,78,-0.554269,-0.440343,-0.124667,0.024774,0,1
3080,78,-0.637530,0.280702,-0.146582,0.131040,1,0
3110,78,-0.648283,-0.444265,-0.080889,0.030434,0,1
3111,78,-0.635023,-0.441066,-0.220318,0.117080,0,1
3104,78,-0.706360,-0.479855,-0.171186,0.039178,0,1
3095,78,-0.773849,0.218255,-0.152787,0.206483,1,0
3081,78,-0.792391,0.114319,-0.127031,0.126252,1,0
3096,78,-0.876193,0.255392,-0.170247,0.055909,1,0
3101,78,-0.661214,-0.496597,-0.214269,0.048783,0,1
3087,78,-0.795521,0.220592,-0.197158,0.085975,1,0
3099,78,-0.840141,0.243676,-0.157285,0.102383,1,0
3083,78,-0.747694,0.268085,-0.175437,0.088003,1,0
3114,78,-0.558566,-0.442528,-0.170590,0.019380,0,1
3094,78,-0.794026,0.116865,-0.163316,0.055968,1,0
3102,78,-0.644492,-0.350614,-0.229904,0.079171,0,1
3115,78,-0.657199,-0.477451,-0.143755,0.093531,0,1
3117,78,-0.626634,-0.454817,-0.138490,0.089304,0,1
3152,79,-0.597163,-0.481884,-0.079799,0.072479,0,1
3153,79,-0.596517,-0.412896,-0.188097,0.007629,0,1
3144,79,-0.728536,-0.447882,-0.194331,0.110163,0,1
3135,79,-0.807414,0.227499,-0.206450,0.073171,1,0
3157,79,-0.680734,-0.450728,-0.146183,0.020055,0,1
3159,79,-0.677432,-0.432070,-0.226235,0.029341,0,1
3127,79,-0.731884,0.212765,-0.225282,0.123216,1,0
3130,79,-0.684597,0.157843,-0.161964,0.135872,1,0
3125,79,-0.847817,0.228599,-0.115619,0.095296,1,0
3121,79,-0.739420,0.232934,-0.093004,0.116726,1,0
3123,79,-0.845417,0.195639,-0.097599,0.075774,1,0
3132,79,-0.809383,0.282710,-0.109997,-0.014620,1,0
3137,79,-0.730553,0.233791,-0.134545,0.206117,1,0
3145,79,-0.595217,-0.507646,-0.185458,0.114826,0,1
3134,79,-0.771483,0.292033,-0.158895,0.166416,1,0
3122,79,-0.831667,0.158829,-0.150625,0.173566,1,0
3126,79,-0.781728,0.209259,-0.130461,0.060403,1,0
3131,79,-0.917786,0.213815,-0.107818,0.064769,1,0
3129,79,-0.785387,0.198156,-0.214382,0.112234,1,0
3141,79,-0.599729,-0.447290,-0.138324,0.100748,0,1
3138,79,-0.888964,0.269548,-0.127708,0.075113,1,0
3158,79,-0.579565,-0.460727,-0.136168,0.059343,0,1
3124,79,-0.764838,0.186077,-0.202828,0.086758,1,0
3139,79,-0.843715,0.099385,-0.222059,0.069705,1,0
3143,79,-0.653312,-0.450282,-0.163326,0.083667,0,1
3120,79,-0.826081,0.165990,-0.175193,0.105796,1,0
3142,79,-0.616436,-0.459769,-0.174489,0.094397,0,1
3149,79,-0.670462,-0.378981,-0.201880,0.041306,0,1
3155,79,-0.613360,-0.521726,-0.174434,0.111764,0,1
3154,79,-0.614378,-0.508353,-0.193826,-0.011122,0,1
3147,79,-0.531638,-0.439991,-0.147727,0.064512,0,1
3148,79,-0.605751,-0.389489,-0.146641,0.079449,0,1
3128,79,-0.733879,0.163049,-0.210322,0.149627,1,0
3140,79,-0.660905,-0.523812,-0.130217,-0.008608,0,1
3150,79,-0.577281,-0.450907,-0.091582,0.075430,0,1
3151,79,-0.538627,-0.595934,-0.129164,0.063716,0,1
3156,79,-0.687879,-0.479403,-0.096302,-0.026088,0,1
3146,79,-0.563945,-0.474612,-0.107719,0.119775,0,1
3136,79,-0.760786,0.224198,-0.100016,0.023505,1,0
3133,79,-0.790469,0.213494,-0.212252,0.162987,1,0
3178,80,-0.814949,0.167227,-0.130740,0.053949,1,0
3170,80,-0.729869,0.227495,-0.109865,0.021073,1,0
3175,80,-0.820461,0.279927,-0.222346,0.132387,1,0
3185,80,-0.804083,-0.564030,-0.110453,0.052227,0,1
3160,80,-0.777740,0.236057,-0.233397,0.107451,1,0
3194,80,-0.617408,-0.419399,-0.224069,0.113564,0,1
3188,80,-0.662140,-0.457206,-0.123105,-0.030580,0,1
3169,80,-0.721062,0.243945,-0.232261,0.143841,1,0
3164,80,-0.762331,0.265694,-0.129659,0.063223,1,0
3177,80,-0.846265,0.207585,-0.132009,0.088177,1,0
3197,80,-0.628325,-0.461456,-0.241107,0.087941,0,1
3161,80,-0.814378,0.391261,-0.205325,0.064488,1,0
3182,80,-0.635648,-0.471635,-0.067860,0.010220,0,1
3163,80,-0.767645,0.246716,-0.209183,0.115600,1,0
3190,80,-0.632479,-0.439250,-0.193534,0.043639,0,1
3179,80,-0.884170,0.234625,-0.125087,0.087752,1,0
3173,80,-0.747002,0.129032,-0.176452,0.031888,1,0
3191,80,-0.630525,-0.409910,-0.188329,0.091333,0,1
3186,80,-0.663508,-0.533971,-0.117957,-0.003803,0,1
3174,80,-0.722234,0.156893,-0.157537,0.132800,1,0
3199,80,-0.680497,-0.478460,-0.168920,0.009013,0,1
3168,80,-0.810797,0.181509,-0.131483,0.150979,1,0
3167,80,-0.759073,0.200374,-0.108608,0.181760,1,0
3162,80,-0.777979,0.147262,-0.177741,0.135737,1,0
3195,80,-0.610744,-0.483730,-0.199119,0.077069,0,1
3171,80,-0.857590,0.322777,-0.185247,0.099462,1,0
3181,80,-0.568765,-0.506256,-0.172873,0.053145,0,1
3193,80,-0.607034,-0.438550,-0.174562,0.095695,0,1
3165,80,-0.792377,0.288289,-0.201784,0.010896,1,0
3196,80,-0.660225,-0.480674,-0.216388,-0.010054,0,1
3183,80,-0.671281,-0.321987,-0.089133,0.047366,0,1
3184,80,-0.692477,-0.469075,-0.150275,0.131212,0,1
3198,80,-0.722244,-0.484896,-0.214600,-0.014899,0,1
3180,80,-0.623256,-0.414433,-0.246029,0.083141,0,1
3192,80,-0.683748,-0.447519,-0.174400,0.017870,0,1
3189,80,-0.588950,-0.435558,-0.128980,-0.007493,0,1
3172,80,-0.890767,0.209091,-0.179267,0.115715,1,0
3187,80,-0.630356,-0.422335,-0.177603,0.024828,0,1
3176,80,-0.759084,0.225882,-0.141994,0.127682,1,0
3166,80,-0.776031,0.124830,-0.077425,0.116599,1,0
3230,81,-0.635291,-0.499858,-0.237146,0.007187,0,1
3201,81,-0.798910,0.257589,-0.066075,0.080280,1,0
3233,81,-0.679985,-0.409356,-0.162514,0.098591,0,1
3237,81,-0.655984,-0.471512,-0.146842,0.100901,0,1
3224,81,-0.652603,-0.448132,-0.138781,0.082316,0,1
3212,81,-0.719537,0.206793,-0.038031,0.022121,1,0
3231,81,-0.523080,-0.478591,-0.213909,0.102157,0,1
3225,81,-0.603365,-0.523107,-0.125271,0.077490,0,1
3220,81,-0.633430,-0.445998,-0.166874,0.062243,0,1
3236,81,-0.616707,-0.433247,-0.171246,-0.024085,0,1
3209,81,-0.832312,0.178375,0.019887,0.003975,1,0
3232,81,-0.604155,-0.528183,-0.219121,0.061860,0,1
3214,81,-0.682476,0.150120,-0.057096,0.044814,1,0
3238,81,-0.567015,-0.461028,-0.308929,0.069889,0,1
3203,81,-0.749991,0.168977,0.041590,0.084765,1,0
3235,81,-0.525558,-0.549000,-0.115656,0.112636,0,1
3227,81,-0.633880,-0.539135,-0.118401,0.054647,0,1
3222,81,-0.571031,-0.436803,-0.153841,0.032028,0,1
3216,81,-0.767352,0.203778,0.011259,0.119159,1,0
3221,81,-0.603990,-0.491766,-0.172603,0.066707,0,1
3211,81,-0.782310,0.243166,-0.078664,0.067739,1,0
3202,81,-0.763255,0.313147,-0.078731,-0.012811,1,0
3228,81,-0.594070,-0.521093,-0.195606,0.035682,0,1
3219,81,-0.799000,0.280744,-0.012468,0.020818,1,0
3234,81,-0.569110,-0.570683,-0.203919,0.099243,0,1
3218,81,-0.731488,0.178760,0.034056,-0.014694,1,0
3223,81,-0.606064,-0.380587,-0.219192,0.079142,0,1
3206,81,-0.800718,0.223459,-0.009198,0.005329,1,0
3210,81,-0.813590,0.150245,-0.088134,0.027284,1,0
3205,81,-0.724304,0.097573,-0.040134,0.013513,1,0
3215,81,-0.814606,0.150362,-0.089668,0.002093,1,0
3217,81,-0.759785,0.181790,-0.092536,-0.045358,1,0
3208,81,-0.719300,0.228807,-0.119228,0.062965,1,0
3213,81,-0.744597,0.279571,-0.033658,-0.017419,1,0
3207,81,-0.769343,0.179857,-0.025677,-0.087952,1,0
3226,81,-0.565372,-0.467345,-0.113095,0.108380,0,1
3200,81,-0.734943,0.255309,-0.094353,0.056349,1,0
3239,81,-0.628134,-0.408527,-0.060747,0.071828,0,1
3204,81,-0.788837,0.270119,-0.041274,0.022561,1,0
3229,81,-0.596047,-0.364834,-0.172545,0.112172,0,1
3273,82,-0.687950,-0.428618,-0.178354,0.073823,0,1
3248,82,-0.797570,0.275078,-0.127025,-0.058765,1,0
3253,82,-0.740218,0.188636,-0.160473,-0.127566,1,0
3278,82,-0.632635,-0.428687,-0.167945,-0.045744,0,1
3250,82,-0.731235,0.351012,-0.166846,-0.121408,1,0
3262,82,-0.560617,-0.459409,-0.147183,0.052487,0,1
3240,82,-0.801842,0.227953,-0.140953,-0.198160,1,0
3252,82,-0.762419,0.255540,-0.121015,-0.160542,1,0
3261,82,-0.656236,-0.393102,-0.142711,0.085215,0,1
3243,82,-0.790571,0.202388,-0.101558,-0.158391,1,0
3246,82,-0.728017,0.215029,-0.085306,-0.191220,1,0
3279,82,-0.638880,-0.422740,-0.179528,0.057237,0,1
3260,82,-0.694800,-0.473162,-0.191419,0.028305,0,1
3265,82,-0.657252,-0.431297,-0.242454,0.005032,0,1
3251,82,-0.778472,0.218317,-0.143307,-0.084180,1,0
3269,82,-0.695121,-0.443022,-0.103419,0.058839,0,1
3272,82,-0.701344,-0.347246,-0.073287,0.067981,0,1
3274,82,-0.602915,-0.416493,-0.109915,0.075169,0,1
3249,82,-0.673708,0.227111,-0.049722,-0.080583,1,0
3266,82,-0.576116,-0.409357,-0.115126,0.093785,0,1
3258,82,-0.775775,0.200397,-0.086758,-0.154129,1,0
3257,82,-0.795486,0.328034,-0.141375,-0.171497,1,0
3256,82,-0.842156,0.197052,-0.190052,-0.111597,1,0
3259,82,-0.772123,0.221313,-0.089602,-0.115762,1,0
3276,82,-0.613223,-0.495580,-0.169346,0.071270,0,1
3254,82,-0.778945,0.189139,-0.030616,-0.166856,1,0
3270,82,-0.693131,-0.523654,-0.158009,-0.033865,0,1
3263,82,-0.631375,-0.360687,-0.156039,0.049361,0,1
3264,82,-0.704532,-0.454779,-0.300826,0.051249,0,1
3271,82,-0.680734,-0.370340,-0.245761,0.087350,0,1
3242,82,-0.747230,0.161422,-0.127553,-0.179934,1,0
3244,82,-0.836339,0.196173,0.037816,-0.051838,1,0
3245,82,-0.756081,0.255375,-0.044582,-0.082170,1,0
3267,82,-0.540902,-0.502469,-0.185449,0.007300,0,1
3275,82,-0.641178,-0.525201,-0.108724,0.066161,0,1
3247,82,-0.841664,0.238921,-0.180901,-0.208606,1,0
3255,82,-0.884329,0.225200,-0.109102,-0.121152,1,0
3277,82,-0.568984,-0.391774,-0.196040,0.041873,0,1
3241,82,-0.744053,0.232609,-0.089672,-0.167505,1,0
3268,82,-0.653989,-0.459913,-0.174343,0.065661,0,1
3283,83,-0.760343,0.258948,-0.054346,-0.147616,1,0
3306,83,-0.655790,-0.375065,-0.192440,0.118154,0,1
3288,83,-0.700483,0.175879,-0.090598,-0.088353,1,0
3291,83,-0.797512,0.249942,-0.128408,-0.071246,1,0
3302,83,-0.586139,-0.534983,-0.142331,0.032845,0,1
3284,83,-0.775803,0.194141,-0.103616,-0.164758,1,0
3318,83,-0.628056,-0.555637,-0.219573,0.091228,0,1
3309,83,-0.706422,-0.485031,-0.229138,0.030250,0,1
3300,83,-0.674543,-0.526797,-0.154853,0.032255,0,1
3287,83,-0.775619,0.206873,-0.083995,-0.135917,1,0
3282,83,-0.808442,0.217599,-0.103890,-0.085190,1,0
3312,83,-0.619801,-0.511103,-0.170253,0.056440,0,1
3304,83,-0.564154,-0.530031,-0.147763,0.082497,0,1
3285,83,-0.842881,0.147848,-0.175410,-0.137678,1,0
3305,83,-0.626356,-0.507067,-0.114727,0.075165,0,1
3299,83,-0.780819,0.246808,-0.025957,-0.165825,1,0
3301,83,-0.700071,-0.497285,-0.159615,0.027858,0,1
3310,83,-0.648222,-0.534460,-0.112501,0.054574,0,1
3281,83,-0.850357,0.224863,-0.131443,-0.202410,1,0
3289,83,-0.796857,0.210708,-0.094964,-0.127623,1,0
3308,83,-0.625908,-0.444109,-0.187102,0.128484,0,1
3317,83,-0.582215,-0.531835,-0.254650,0.008416,0,1
3311,83,-0.562244,-0.490689,-0.086103,-0.105244,0,1
3307,83,-0.584923,-0.502060,-0.157142,0.079049,0,1
3292,83,-0.790924,0.247281,-0.171525,-0.065026,1,0
3298,83,-0.691145,0.275369,-0.114455,-0.118454,1,0
3293,83,-0.713509,0.226790,-0.196890,-0.136027,1,0
3316,83,-0.718503,-0.430478,-0.159463,-0.046606,0,1
3294,83,-0.803934,0.223436,-0.197972,-0.067312,1,0
3314,83,-0.676280,-0.363968,-0.272229,0.026375,0,1
3319,83,-0.610653,-0.452850,-0.181800,0.085530,0,1
3286,83,-0.757267,0.211419,-0.091478,-0.115714,1,0
3297,83,-0.755422,0.320846,-0.111861,-0.116133,1,0
3290,83,-0.819519,0.212951,-0.137599,-0.146478,1,0
3303,83,-0.713372,-0.427235,-0.194236,0.052895,0,1
3315,83,-0.597428,-0.491865,-0.168400,-0.000159,0,1
3280,83,-0.778487,0.172642,-0.169024,-0.245586,1,0
3313,83,-0.585780,-0.455839,-0.155859,-0.009427,0,1
3295,83,-0.812387,0.178027,-0.028037,-0.166774,1,0
3296,83,-0.767571,0.219446,-0.036967,-0.201402,1,0
3349,84,-0.684152,-0.395284,-0.203743,0.031699,0,1
3325,84,-0.778831,0.335117,-0.131658,-0.023159,1,0
3342,84,-0.647656,-0.485668,-0.165917,0.074783,0,1
3340,84,-0.585050,-0.488327,-0.200807,0.017658,0,1
3321,84,-0.705387,0.332703,-0.119555,-0.159513,1,0
3333,84,-0.801703,0.203150,-0.064229,-0.154496,1,0
3345,84,-0.635980,-0.496392,-0.137608,-0.002416,0,1
3327,84,-0.805927,0.248228,-0.059081,-0.078431,1,0
3356,84,-0.673364,-0.483251,-0.241661,-0.073888,0,1
3328,84,-0.829555,0.165277,-0.167924,-0.131441,1,0
3326,84,-0.799587,0.285403,-0.150638,-0.132932,1,0
3331,84,-0.787354,0.191963,-0.140401,-0.167541,1,0
3329,84,-0.721183,0.153171,-0.218423,-0.116408,1,0
3320,84,-0.835734,0.214547,-0.085029,-0.208613,1,0
3347,84,-0.607528,-0.496543,-0.146800,-0.038705,0,1
3357,84,-0.735917,-0.412654,-0.189122,0.081687,0,1
3348,84,-0.667485,-0.471890,-0.216105,0.023021,0,1
3354,84,-0.608921,-0.474744,-0.211715,0.107577,0,1
3336,84,-0.794581,0.151696,-0.088108,-0.085407,1,0
3334,84,-0.758418,0.297556,0.000737,-0.108250,1,0
3330,84,-0.810046,0.190183,-0.150209,-0.115669,1,0
3344,84,-0.643397,-0.502008,-0.087253,0.037439,0,1
3323,84,-0.796358,0.210381,-0.036609,-0.111426,1,0
3358,84,-0.590428,-0.458797,-0.204860,0.024839,0,1
3352,84,-0.611497,-0.463951,-0.272239,0.065481,0,1
3335,84,-0.701196,0.212145,-0.082229,-0.118121,1,0
3341,84,-0.634776,-0.439619,-0.132569,0.006385,0,1
3337,84,-0.702526,0.298998,-0.012543,-0.108359,1,0
3346,84,-0.633693,-0.501615,-0.188576,-0.007418,0,1
3324,84,-0.651543,0.272804,-0.047015,-0.142549,1,0
3339,84,-0.812899,0.223924,-0.128902,-0.144347,1,0
3351,84,-0.632055,-0.483481,-0.138208,0.100084,0,1
3332,84,-0.740814,0.128531,-0.084301,-0.083070,1,0
3322,84,-0.795981,0.162685,-0.098859,-0.143700,1,0
3343,84,-0.708352,-0.448840,-0.168624,0.027515,0,1
3338,84,-0.824700,0.254741,-0.175453,-0.152840,1,0
3350,84,-0.568272,-0.458825,-0.146757,0.077115,0,1
3359,84,-0.559264,-0.422788,-0.199630,0.068301,0,1
3353,84,-0.635294,-0.406067,-0.215689,0.045304,0,1
3355,84,-0.629478,-0.460661,-0.140388,0.047988,0,1
3371,85,-0.902889,0.290284,-0.212844,-0.071989,1,0
3372,85,-0.739809,0.234119,-0.118602,-0.239728,1,0
3397,85,-0.711935,-0.529073,-0.034975,-0.035892,0,1
3389,85,-0.719716,-0.520331,-0.043214,-0.015054,0,1
3395,85,-0.728837,-0.424667,0.057215,-0.036337,0,1
3385,85,-0.554328,-0.424191,-0.017923,0.071983,0,1
3393,85,-0.603173,-0.424585,-0.011132,-0.080346,0,1
3370,85,-0.755924,0.177331,-0.191508,-0.200287,1,0
3360,85,-0.789466,0.278384,-0.108192,-0.111278,1,0
3390,85,-0.646933,-0.455894,0.007763,-0.101378,0,1
3396,85,-0.524446,-0.453258,0.042896,-0.019291,0,1
3364,85,-0.754775,0.189845,-0.073478,-0.042899,1,0
3368,85,-0.708350,0.199290,-0.094792,-0.040841,1,0
3376,85,-0.705082,0.249348,-0.072081,-0.166307,1,0
3367,85,-0.766944,0.197528,-0.069359,-0.084949,1,0
3374,85,-0.784288,0.214443,-0.023226,-0.040857,1,0
3375,85,-0.778672,0.256756,-0.162944,-0.130653,1,0
3394,85,-0.607247,-0.518089,-0.066992,0.051966,0,1
3398,85,-0.701470,-0.476478,-0.030171,-0.030735,0,1
3387,85,-0.595373,-0.432733,0.005573,-0.037431,0,1
3379,85,-0.714109,0.184958,-0.107655,-0.102271,1,0
3369,85,-0.735247,0.228477,-0.104040,-0.164598,1,0
3380,85,-0.609959,-0.434196,-0.095477,-0.087641,0,1
3377,85,-0.794853,0.220674,-0.079617,-0.089025,1,0
3382,85,-0.635116,-0.486067,-0.015422,-0.057506,0,1
3361,85,-0.715462,0.246655,-0.042112,-0.179081,1,0
3392,85,-0.646865,-0.433646,0.053146,-0.077213,0,1
3391,85,-0.656310,-0.329837,0.042546,-0.023395,0,1
3373,85,-0.739870,0.357646,-0.042819,-0.186889,1,0
3381,85,-0.692332,-0.471373,-0.052069,-0.026600,0,1
3363,85,-0.775400,0.170250,-0.091423,-0.003714,1,0
3388,85,-0.601668,-0.373595,0.035827,0.002202,0,1
3383,85,-0.570067,-0.388271,0.036698,-0.010017,0,1
3366,85,-0.807131,0.201454,-0.235078,-0.102633,1,0
3399,85,-0.595575,-0.427898,-0.021032,-0.004705,0,1
3362,85,-0.769501,0.257929,-0.003301,-0.168086,1,0
3378,85,-0.793762,0.151902,-0.122497,-0.216481,1,0
3384,85,-0.638741,-0.509786,-0.051432,-0.090806,0,1
3365,85,-0.858203,0.183960,-0.092607,-0.152020,1,0
3386,85,-0.579407,-0.458760,0.022800,-0.075801,0,1
3409,86,-0.799853,0.259501,-0.117172,-0.080731,1,0
3411,86,-0.865982,0.198631,-0.114244,-0.147971,1,0
3410,86,-0.780498,0.293153,-0.049239,-0.171488,1,0
3433,86,-0.559418,-0.507250,-0.062130,-0.056485,0,1
3414,86,-0.816015,0.142361,-0.037180,-0.107894,1,0
3437,86,-0.674674,-0.504483,0.029555,-0.064355,0,1
3435,86,-0.572682,-0.519753,-0.037664,0.019452,0,1
3428,86,-0.568278,-0.445141,-0.167513,-0.010292,0,1
3425,86,-0.653741,-0.457239,-0.010393,0.054595,0,1
3432,86,-0.524137,-0.483534,0.004873,-0.084914,0,1
3426,86,-0.620155,-0.369492,-0.045497,-0.018128,0,1
3421,86,-0.613928,-0.458781,-0.043183,-0.082468,0,1
3413,86,-0.732511,0.190771,-0.112358,-0.108185,1,0
3407,86,-0.786346,0.219430,-0.021088,-0.062992,1,0
3415,86,-0.872488,0.211926,-0.136861,-0.107392,1,0
3422,86,-0.565935,-0.470007,-0.067458,0.102901,0,1
3436,86,-0.600958,-0.425432,-0.005198,-0.044949,0,1
3419,86,-0.757253,0.173700,-0.153395,-0.134985,1,0
3400,86,-0.746114,0.235069,-0.132926,-0.189900,1,0
3417,86,-0.812725,0.215904,-0.113625,-0.083969,1,0
3405,86,-0.754245,0.243666,-0.032797,-0.121215,1,0
3416,86,-0.764692,0.213324,-0.162614,-0.097437,1,0
3423,86,-0.581417,-0.350770,0.009745,-0.072814,0,1
3406,86,-0.828779,0.208990,-0.080331,-0.083005,1,0
3439,86,-0.622299,-0.441027,-0.033683,0.048341,0,1
3403,86,-0.784309,0.278680,-0.087189,-0.179600,1,0
3434,86,-0.606645,-0.399698,-0.151700,0.008449,0,1
3420,86,-0.683943,-0.483093,0.002593,-0.018132,0,1
3430,86,-0.581757,-0.426966,0.022775,-0.033017,0,1
3418,86,-0.766124,0.202990,-0.129302,-0.096058,1,0
3424,86,-0.670149,-0.432218,0.031464,0.004485,0,1
3401,86,-0.770226,0.226570,-0.124472,-0.163650,1,0
3429,86,-0.568230,-0.441059,-0.088006,0.036178,0,1
3427,86,-0.669070,-0.463161,-0.004748,-0.045600,0,1
3408,86,-0.815282,0.194346,-0.107429,-0.137185,1,0
3438,86,-0.627301,-0.418786,-0.022606,-0.001071,0,1
3431,86,-0.610438,-0.436113,-0.046674,0.048386,0,1
3404,86,-0.841174,0.204631,-0.089009,-0.062633,1,0
3412,86,-0.761055,0.328612,-0.166536,-0.179872,1,0
3402,86,-0.764809,0.201244,-0.061494,-0.188214,1,0
3444,87,-0.775198,0.187232,-0.136900,-0.141686,1,0
3458,87,-0.823185,0.238565,-0.123160,-0.246991,1,0
3470,87,-0.711374,-0.477482,-0.047877,-0.079834,0,1
3445,87,-0.773216,0.285462,-0.107121,-0.139730,1,0
3479,87,-0.623415,-0.548373,-0.045379,0.077899,0,1
3450,87,-0.725513,0.192631,-0.147055,-0.077029,1,0
3454,87,-0.831455,0.215313,-0.039515,-0.184434,1,0
3464,87,-0.650769,-0.473599,-0.049813,0.018980,0,1
3477,87,-0.604447,-0.419138,-0.004007,-0.026220,0,1
3441,87,-0.801328,0.219217,-0.127895,-0.086001,1,0
3465,87,-0.567791,-0.490898,0.014283,-0.069174,0,1
3469,87,-0.594206,-0.424224,-0.035288,-0.020159,0,1
3474,87,-0.644958,-0.453416,-0.053901,-0.026572,0,1
3471,87,-0.510288,-0.500725,-0.016904,-0.042400,0,1
3457,87,-0.767470,0.167105,-0.081988,-0.142517,1,0
3467,87,-0.671555,-0.387136,-0.021595,0.046557,0,1
3442,87,-0.697014,0.294833,-0.007347,-0.145363,1,0
3455,87,-0.815901,0.250907,-0.132028,-0.154649,1,0
3466,87,-0.547935,-0.480575,-0.035637,0.066772,0,1
3451,87,-0.735508,0.264530,0.000903,-0.158460,1,0
3475,87,-0.605519,-0.499780,-0.072959,-0.075377,0,1
3472,87,-0.581123,-0.392896,-0.060447,0.123997,0,1
3452,87,-0.783834,0.172697,-0.085793,-0.113145,1,0
3440,87,-0.720438,0.236425,-0.057786,-0.117402,1,0
3446,87,-0.832541,0.209523,-0.089218,-0.222649,1,0
3462,87,-0.646643,-0.481490,-0.042935,-0.036038,0,1
3476,87,-0.600637,-0.393704,0.098081,-0.020485,0,1
3459,87,-0.747179,0.269104,-0.015428,-0.014006,1,0
3447,87,-0.741932,0.221028,-0.188129,-0.050610,1,0
3468,87,-0.531548,-0.524500,-0.001204,-0.020100,0,1
3448,87,-0.750688,0.191675,-0.120733,-0.130621,1,0
3461,87,-0.648344,-0.540439,-0.034936,-0.000982,0,1
3456,87,-0.789667,0.274041,-0.092629,-0.128234,1,0
3453,87,-0.783548,0.257342,-0.010223,-0.196930,1,0
3449,87,-0.882714,0.383497,-0.159565,-0.079555,1,0
3478,87,-0.580490,-0.487979,-0.006495,-0.019888,0,1
3443,87,-0.833146,0.192176,-0.121467,-0.084161,1,0
3473,87,-0.571263,-0.454788,-0.036393,-0.079018,0,1
3463,87,-0.593257,-0.483394,-0.014082,-0.061134,0,1
3460,87,-0.652017,-0.511378,-0.023753,-0.048521,0,1
3508,88,-0.573582,-0.486581,-0.016167,-0.026555,0,1
3488,88,-0.677971,0.201644,-0.157660,0.034831,1,0
3507,88,-0.634577,-0.393577,-0.081686,-0.031590,0,1
3505,88,-0.600982,-0.469091,0.008630,0.011714,0,1
3491,88,-0.852764,0.257264,-0.213995,0.026324,1,0
3513,88,-0.618156,-0.538373,-0.126805,0.078946,0,1
3493,88,-0.769418,0.220164,-0.156024,-0.028683,1,0
3481,88,-0.805222,0.289440,-0.084849,0.059555,1,0
3482,88,-0.741076,0.216004,-0.108778,-0.049506,1,0
3492,88,-0.838984,0.183961,-0.173098,0.027328,1,0
3517,88,-0.595907,-0.440656,-0.031263,-0.015857,0,1
3487,88,-0.754727,0.260105,-0.137672,0.011014,1,0
3480,88,-0.804817,0.292801,-0.132872,-0.008385,1,0
3495,88,-0.681416,0.259564,-0.100498,0.017517,1,0
3512,88,-0.716697,-0.421034,-0.002544,0.057711,0,1
3516,88,-0.708672,-0.497266,0.017248,-0.107997,0,1
3501,88,-0.587330,-0.461771,-0.000286,-0.028411,0,1
3489,88,-0.717399,0.213822,-0.172606,0.037600,1,0
3506,88,-0.638001,-0.426090,0.038383,-0.070486,0,1
3509,88,-0.602208,-0.475601,0.036233,0.047707,0,1
3496,88,-0.731919,0.154644,-0.203709,0.098397,1,0
3502,88,-0.678355,-0.393348,-0.076633,0.102456,0,1
3500,88,-0.578576,-0.365590,-0.058610,0.000690,0,1
3498,88,-0.705779,0.216178,-0.145879,-0.001934,1,0
3515,88,-0.588531,-0.450564,-0.097672,0.001125,0,1
3484,88,-0.794925,0.193584,-0.194014,0.057365,1,0
3486,88,-0.758211,0.293721,-0.136122,-0.016858,1,0
3483,88,-0.813216,0.201130,-0.145246,0.045241,1,0
3499,88,-0.757777,0.237546,-0.071257,0.044160,1,0
3490,88,-0.776727,0.249475,-0.109856,0.092231,1,0
3514,88,-0.646396,-0.407170,0.006366,-0.034330,0,1
3504,88,-0.616617,-0.481543,-0.036205,-0.011289,0,1
3519,88,-0.645209,-0.403426,-0.044157,-0.017688,0,1
3518,88,-0.554537,-0.431422,0.050131,-0.041535,0,1
3503,88,-0.574146,-0.409847,-0.122160,-0.023246,0,1
3494,88,-0.815786,0.243963,-0.163003,-0.015015,1,0
3485,88,-0.714014,0.255417,-0.131534,-0.014936,1,0
3497,88,-0.699120,0.302029,-0.193536,-0.030167,1,0
3510,88,-0.630490,-0.383229,-0.024013,-0.010570,0,1
3511,88,-0.575995,-0.462719,0.008350,-0.018660,0,1
3549,89,-0.706588,-0.397988,-0.109456,0.003914,0,1
3543,89,-0.522452,-0.503963,-0.138888,-0.013805,0,1
3521,89,-0.769956,0.242137,-0.152940,-0.078627,1,0
3524,89,-0.720967,0.203607,-0.189249,0.072373,1,0
3544,89,-0.544122,-0.419119,-0.057482,0.028141,0,1
3555,89,-0.514344,-0.513290,0.005881,0.019387,0,1
3530,89,-0.747889,0.263384,-0.149128,0.038450,1,0
3541,89,-0.547929,-0.389855,-0.089921,-0.057031,0,1
3529,89,-0.763698,0.257213,-0.170828,0.056897,1,0
3547,89,-0.615814,-0.427210,-0.040395,0.019265,0,1
3527,89,-0.775528,0.276303,-0.111356,0.045355,1,0
3553,89,-0.600846,-0.416415,0.053097,0.058678,0,1
3536,89,-0.760973,0.204332,-0.133694,-0.048611,1,0
3531,89,-0.764529,0.162041,-0.171828,-0.035772,1,0
3552,89,-0.539457,-0.414383,-0.064425,0.016792,0,1
3528,89,-0.748114,0.159642,-0.103032,0.054583,1,0
3542,89,-0.576409,-0.431810,-0.016750,0.002612,0,1
3551,89,-0.673418,-0.437859,0.047067,-0.017323,0,1
3535,89,-0.837033,0.273098,-0.023604,-0.003979,1,0
3540,89,-0.670079,-0.488393,-0.067561,-0.092906,0,1
3545,89,-0.552138,-0.525632,-0.100471,-0.101212,0,1
3533,89,-0.731762,0.286503,-0.145493,0.055500,1,0
3522,89,-0.801303,0.259428,-0.215685,-0.005621,1,0
3539,89,-0.774335,0.214795,-0.161772,0.014856,1,0
3548,89,-0.607682,-0.474040,-0.033844,-0.056512,0,1
3556,89,-0.562100,-0.407941,-0.040584,0.048867,0,1
3526,89,-0.741090,0.248277,-0.113346,0.026281,1,0
3523,89,-0.817478,0.255907,-0.124902,0.005764,1,0
3557,89,-0.537874,-0.544314,0.042257,-0.002351,0,1
3537,89,-0.853713,0.240836,-0.210134,-0.019706,1,0
3554,89,-0.551374,-0.440147,-0.053625,0.033586,0,1
3534,89,-0.692335,0.287877,-0.151268,0.005623,1,0
3546,89,-0.523117,-0.454303,-0.017320,0.006049,0,1
3538,89,-0.782727,0.321421,-0.175455,-0.007787,1,0
3525,89,-0.809940,0.251638,-0.126205,0.057724,1,0
3559,89,-0.657192,-0.469353,-0.030287,-0.019909,0,1
3532,89,-0.707394,0.276110,-0.172462,0.021098,1,0
3520,89,-0.724434,0.321481,-0.157085,-0.013327,1,0
3558,89,-0.562633,-0.467297,-0.084404,0.022046,0,1
3550,89,-0.575432,-0.483932,-0.045583,0.020831,0,1
3568,90,-0.813062,0.225901,-0.172998,0.123984,1,0
3597,90,-0.541503,-0.364236,0.063903,-0.084069,0,1
3567,90,-0.851641,0.303690,-0.218118,-0.018755,1,0
3576,90,-0.733490,0.217791,-0.174998,-0.016933,1,0
3570,90,-0.751602,0.300197,-0.136420,0.051892,1,0
3582,90,-0.684788,-0.510801,0.074563,-0.148987,0,1
3580,90,-0.619601,-0.389702,0.104875,-0.151159,0,1
3595,90,-0.622532,-0.484615,0.067611,-0.064529,0,1
3583,90,-0.623613,-0.352425,0.108635,-0.085800,0,1
3573,90,-0.717227,0.166900,-0.180236,0.177199,1,0
3566,90,-0.779474,0.190997,-0.077839,0.035449,1,0
3599,90,-0.627779,-0.419954,0.003050,-0.168175,0,1
3586,90,-0.576053,-0.517492,0.009837,-0.121425,0,1
3564,90,-0.720724,0.152621,-0.151077,0.036063,1,0
3569,90,-0.711631,0.226307,-0.288929,-0.033437,1,0
3589,90,-0.579019,-0.474485,0.034478,-0.111950,0,1
3592,90,-0.719874,-0.475032,-0.054925,-0.085007,0,1
3590,90,-0.543422,-0.469929,0.165633,-0.078871,0,1
3575,90,-0.789269,0.278718,-0.208626,0.070885,1,0
3571,90,-0.783240,0.264265,-0.151128,0.091703,1,0
3561,90,-0.882883,0.297451,-0.129054,-0.045533,1,0
3562,90,-0.680561,0.245282,-0.043713,0.051810,1,0
3585,90,-0.578459,-0.486274,0.060946,-0.102169,0,1
3584,90,-0.623895,-0.404242,0.059024,-0.135709,0,1
3572,90,-0.789533,0.211834,-0.166176,0.060117,1,0
3598,90,-0.543348,-0.492079,0.075841,-0.137525,0,1
3565,90,-0.749935,0.273653,-0.264703,0.041267,1,0
3574,90,-0.743224,0.246681,-0.068953,-0.026121,1,0
3594,90,-0.666529,-0.499681,0.055547,-0.042324,0,1
3560,90,-0.714325,0.260243,-0.085999,0.068724,1,0
3581,90,-0.604804,-0.366054,0.041770,-0.053232,0,1
3578,90,-0.806998,0.245698,-0.229104,0.043180,1,0
3563,90,-0.732230,0.331861,-0.132351,0.059715,1,0
3593,90,-0.498883,-0.512942,0.038215,-0.127037,0,1
3587,90,-0.654331,-0.391344,0.054251,-0.137772,0,1
3596,90,-0.569856,-0.443590,0.071183,-0.215560,0,1
3579,90,-0.679230,0.237033,-0.183770,-0.020547,1,0
3588,90,-0.630862,-0.514637,0.007216,-0.139952,0,1
3591,90,-0.637748,-0.445203,0.084601,-0.122439,0,1
3577,90,-0.765899,0.260307,-0.157419,-0.013378,1,0
3629,91,-0.567964,-0.438947,0.078247,-0.102432,0,1
3605,91,-0.816638,0.245080,-0.169464,-0.067928,1,0
3610,91,-0.749034,0.359134,-0.236265,-0.006468,1,0
3606,91,-0.722477,0.281111,-0.136135,0.000809,1,0
3623,91,-0.594272,-0.487580,0.012162,-0.133900,0,1
3630,91,-0.562735,-0.511675,0.029749,-0.121324,0,1
3635,91,-0.624743,-0.455225,0.030659,-0.185323,0,1
3636,91,-0.619169,-0.456580,0.034041,-0.087340,0,1
3611,91,-0.725673,0.223275,-0.128108,0.002053,1,0
3638,91,-0.549332,-0.473074,0.062888,-0.085940,0,1
3602,91,-0.741015,0.230461,-0.213304,-0.054629,1,0
3622,91,-0.510532,-0.479293,-0.016674,-0.128400,0,1
3616,91,-0.821167,0.299451,-0.149161,0.012466,1,0
3626,91,-0.690101,-0.432080,0.079528,-0.126921,0,1
3628,91,-0.613113,-0.429113,0.055638,-0.108344,0,1
3618,91,-0.861889,0.249550,-0.152804,0.103926,1,0
3614,91,-0.758082,0.249588,-0.285420,-0.016562,1,0
3625,91,-0.635086,-0.471811,0.083785,-0.174868,0,1
3609,91,-0.703300,0.185322,-0.144226,-0.017095,1,0
3632,91,-0.682270,-0.323587,0.057370,-0.183452,0,1
3608,91,-0.770012,0.263716,-0.323046,-0.070527,1,0
3604,91,-0.808346,0.230456,-0.110650,0.004935,1,0
3603,91,-0.832998,0.299186,-0.218057,0.011230,1,0
3627,91,-0.602417,-0.421783,0.018951,-0.126034,0,1
3615,91,-0.728895,0.242160,-0.186071,0.032263,1,0
3607,91,-0.728111,0.205018,-0.074981,0.018074,1,0
3617,91,-0.828046,0.271844,-0.204712,0.023638,1,0
3634,91,-0.559222,-0.483785,-0.001943,-0.039134,0,1
3612,91,-0.807916,0.221276,-0.166765,0.092923,1,0
3633,91,-0.544745,-0.456030,-0.009411,-0.166796,0,1
3619,91,-0.768206,0.285348,-0.119864,-0.069650,1,0
3600,91,-0.802254,0.192832,-0.183279,-0.062263,1,0
3601,91,-0.657549,0.228680,-0.267428,0.030582,1,0
3624,91,-0.554132,-0.581853,0.055986,-0.065972,0,1
3631,91,-0.488604,-0.467725,0.046550,-0.092836,0,1
3613,91,-0.832071,0.247308,-0.178415,0.017418,1,0
3620,91,-0.609485,-0.530966,-0.012713,-0.121273,0,1
3639,91,-0.573732,-0.377271,0.011390,-0.043809,0,1
3637,91,-0.643093,-0.457434,0.110271,-0.094159,0,1
3621,91,-0.568833,-0.475089,0.132793,-0.149330,0,1
3664,92,-0.638583,-0.409897,-0.014487,-0.163557,0,1
3648,92,-0.771715,0.233008,-0.142281,-0.011981,1,0
3666,92,-0.558956,-0.466999,0.069277,-0.200108,0,1
3669,92,-0.637880,-0.429961,-0.090747,-0.187638,0,1
3649,92,-0.730413,0.270598,-0.202626,-0.032891,1,0
3646,92,-0.767994,0.276518,-0.151319,0.059950,1,0
3644,92,-0.762028,0.214551,-0.186152,-0.022415,1,0
3672,92,-0.561602,-0.458728,-0.009161,-0.161944,0,1
3655,92,-0.742710,0.278353,-0.203406,0.066252,1,0
3643,92,-0.778715,0.262528,-0.132059,-0.009286,1,0
3665,92,-0.565379,-0.456053,-0.059892,-0.270473,0,1
3660,92,-0.517327,-0.537660,-0.062915,-0.283061,0,1
3651,92,-0.878567,0.301911,-0.148603,-0.097510,1,0
3661,92,-0.600226,-0.463120,-0.037203,-0.133687,0,1
3679,92,-0.566345,-0.444241,-0.020680,-0.164193,0,1
3641,92,-0.788369,0.271295,-0.169366,0.070085,1,0
3671,92,-0.704252,-0.512121,-0.003237,-0.296556,0,1
3647,92,-0.728502,0.272419,-0.039223,0.087886,1,0
3663,92,-0.633865,-0.490477,-0.076184,-0.221533,0,1
3659,92,-0.647010,0.266427,-0.116315,0.071256,1,0
3656,92,-0.757264,0.110040,-0.199312,0.053196,1,0
3673,92,-0.586128,-0.426414,-0.024979,-0.263923,0,1
3658,92,-0.746785,0.222324,-0.202580,-0.065196,1,0
3642,92,-0.786211,0.196505,-0.148748,0.009144,1,0
3677,92,-0.622885,-0.359240,0.068243,-0.181451,0,1
3640,92,-0.728791,0.293293,-0.137748,0.002588,1,0
3675,92,-0.567473,-0.489458,0.033176,-0.172590,0,1
3653,92,-0.768007,0.238286,-0.191846,0.092215,1,0
3650,92,-0.765936,0.280863,-0.092269,-0.020220,1,0
3674,92,-0.548581,-0.397908,-0.149367,-0.251812,0,1
3645,92,-0.715126,0.153856,-0.125871,-0.000197,1,0
3667,92,-0.596313,-0.453053,-0.035116,-0.208217,0,1
3652,92,-0.677557,0.207546,-0.166445,-0.021014,1,0
3668,92,-0.622151,-0.362673,-0.006985,-0.161202,0,1
3670,92,-0.653392,-0.425881,0.024715,-0.183333,0,1
3654,92,-0.785282,0.245838,-0.283398,-0.048158,1,0
3662,92,-0.623766,-0.488412,-0.024305,-0.141187,0,1
3657,92,-0.750379,0.219533,-0.122393,0.067481,1,0
3678,92,-0.737278,-0.447190,0.010994,-0.304421,0,1
3676,92,-0.586955,-0.390137,0.032513,-0.209604,0,1
3715,93,-0.527651,-0.383643,-0.017367,-0.270283,0,1
3689,93,-0.763277,0.222588,-0.052614,-0.040704,1,0
3701,93,-0.565502,-0.430333,-0.012635,-0.130009,0,1
3704,93,-0.577230,-0.544134,-0.104772,-0.223544,0,1
3697,93,-0.677370,0.321330,-0.065269,-0.064200,1,0
3691,93,-0.786222,0.161324,-0.115323,-0.053568,1,0
3707,93,-0.616311,-0.344598,0.035836,-0.219401,0,1
3713,93,-0.574797,-0.434553,0.026626,-0.231926,0,1
3693,93,-0.780748,0.180291,-0.067650,-0.066854,1,0
3702,93,-0.629267,-0.453389,-0.041740,-0.179238,0,1
3716,93,-0.642040,-0.434314,0.063123,-0.180876,0,1
3682,93,-0.753072,0.281564,-0.208529,-0.106030,1,0
3692,93,-0.749410,0.230226,-0.036534,-0.063899,1,0
3685,93,-0.811457,0.270873,-0.040485,-0.053979,1,0
3690,93,-0.706319,0.249756,-0.012510,-0.089341,1,0
3714,93,-0.589101,-0.406287,-0.081735,-0.198922,0,1
3681,93,-0.782162,0.264553,-0.074856,-0.058967,1,0
3695,93,-0.719000,0.259467,-0.086430,-0.174025,1,0
3717,93,-0.495163,-0.413112,0.014913,-0.154404,0,1
3719,93,-0.574151,-0.410959,0.023744,-0.147755,0,1
3709,93,-0.620670,-0.445890,0.010894,-0.164487,0,1
3694,93,-0.858039,0.306625,-0.112895,-0.107591,1,0
3705,93,-0.555109,-0.362457,-0.022280,-0.110385,0,1
3711,93,-0.604637,-0.437734,-0.104818,-0.231329,0,1
3680,93,-0.733128,0.277720,-0.038539,-0.108010,1,0
3699,93,-0.761336,0.249174,0.044329,-0.133209,1,0
3718,93,-0.578817,-0.418392,-0.020886,-0.226092,0,1
3688,93,-0.787394,0.220888,-0.043144,-0.025963,1,0
3687,93,-0.739700,0.220169,-0.058982,-0.087205,1,0
3712,93,-0.646209,-0.400130,-0.093607,-0.265903,0,1
3710,93,-0.587219,-0.384466,-0.001631,-0.149482,0,1
3684,93,-0.695350,0.269951,-0.098169,-0.048605,1,0
3698,93,-0.668176,0.192624,-0.050536,-0.030190,1,0
3706,93,-0.506451,-0.451092,0.056581,-0.270820,0,1
3700,93,-0.557958,-0.479749,0.065989,-0.098389,0,1
3703,93,-0.627765,-0.457343,0.012153,-0.240786,0,1
3683,93,-0.706308,0.228142,-0.154809,-0.040083,1,0
3696,93,-0.828994,0.270654,0.002569,0.014804,1,0
3708,93,-0.594620,-0.433927,-0.076608,-0.172945,0,1
3686,93,-0.742686,0.295049,0.022401,-0.037442,1,0
3748,94,-0.576777,-0.467727,0.077603,-0.208010,0,1
3758,94,-0.504058,-0.415009,0.026447,-0.311288,0,1
3754,94,-0.608899,-0.493006,0.053145,-0.193232,0,1
3742,94,-0.628332,-0.431781,-0.064879,-0.082708,0,1
3741,94,-0.648548,-0.462918,-0.080468,-0.182252,0,1
3737,94,-0.699281,0.220195,-0.047321,-0.214785,1,0
3757,94,-0.624456,-0.420760,0.023009,-0.302291,0,1
3720,94,-0.800020,0.219176,-0.100929,-0.067348,1,0
3743,94,-0.530097,-0.458811,-0.023561,-0.257278,0,1
3740,94,-0.549942,-0.463498,0.102336,-0.285764,0,1
3721,94,-0.753683,0.235887,0.008663,-0.011107,1,0
3733,94,-0.786608,0.173408,-0.054278,0.032797,1,0
3745,94,-0.635356,-0.320084,-0.037111,-0.220649,0,1
3746,94,-0.632018,-0.478884,-0.064505,-0.173943,0,1
3735,94,-0.685804,0.246674,0.001647,-0.187475,1,0
3749,94,-0.558456,-0.515957,-0.061722,-0.270707,0,1
3750,94,-0.606130,-0.501421,0.057214,-0.143438,0,1
3729,94,-0.738198,0.244409,-0.084292,-0.054163,1,0
3752,94,-0.573820,-0.418473,0.020128,-0.211663,0,1
3753,94,-0.601691,-0.405984,-0.005456,-0.185704,0,1
3747,94,-0.577944,-0.366014,0.002963,-0.180862,0,1
3751,94,-0.572865,-0.415799,0.010615,-0.256745,0,1
3759,94,-0.678235,-0.396294,-0.047170,-0.260951,0,1
3728,94,-0.706098,0.298025,-0.001881,-0.138159,1,0
3756,94,-0.520604,-0.370498,0.028895,-0.208368,0,1
3736,94,-0.693362,0.272978,-0.106884,-0.068673,1,0
3731,94,-0.764623,0.187595,-0.028678,-0.086663,1,0
3730,94,-0.775365,0.278651,-0.096534,-0.146993,1,0
3744,94,-0.586683,-0.391725,-0.071632,-0.164672,0,1
3723,94,-0.760004,0.236648,-0.021462,-0.176092,1,0
3738,94,-0.722090,0.211805,-0.068105,-0.096220,1,0
3739,94,-0.824674,0.144824,0.001389,-0.082331,1,0
3734,94,-0.773152,0.340646,0.003389,-0.041176,1,0
3727,94,-0.760248,0.239312,-0.003426,0.010706,1,0
3755,94,-0.575750,-0.457833,-0.046246,-0.128696,0,1
3732,94,-0.758671,0.254963,-0.065386,-0.064716,1,0
3725,94,-0.690114,0.278620,0.011225,-0.128309,1,0
3724,94,-0.748633,0.270399,-0.037711,0.033261,1,0
3722,94,-0.801739,0.241221,0.024930,-0.058736,1,0
3726,94,-0.773130,0.340522,-0.048080,-0.095437,1,0
3781,95,-0.596836,-0.426892,-0.079303,-0.168737,0,1
3769,95,-0.798745,0.290802,-0.069548,-0.109833,1,0
3797,95,-0.539507,-0.496650,-0.019094,-0.186829,0,1
3794,95,-0.569290,-0.432769,0.009482,-0.199654,0,1
3793,95,-0.563017,-0.421309,-0.037253,-0.218688,0,1
3787,95,-0.652029,-0.408867,-0.105023,-0.224282,0,1
3784,95,-0.655315,-0.545103,0.022799,-0.265431,0,1
3799,95,-0.583159,-0.449482,-0.004502,-0.203875,0,1
3773,95,-0.747315,0.314320,-0.116114,-0.099631,1,0
3798,95,-0.537233,-0.436668,-0.081973,-0.214876,0,1
3766,95,-0.787758,0.187148,-0.088174,-0.074458,1,0
3768,95,-0.847851,0.193350,-0.027000,0.010968,1,0
3761,95,-0.869252,0.301048,-0.001155,-0.121987,1,0
3763,95,-0.750404,0.252966,-0.040921,-0.104228,1,0
3795,95,-0.598324,-0.395417,0.063665,-0.209975,0,1
3796,95,-0.573622,-0.547318,0.023102,-0.279368,0,1
3782,95,-0.572207,-0.444758,0.047854,-0.212531,0,1
3779,95,-0.767906,0.322556,0.021149,-0.116029,1,0
3775,95,-0.734419,0.214774,-0.107074,-0.055288,1,0
3786,95,-0.648588,-0.469493,-0.002804,-0.155310,0,1
3762,95,-0.680325,0.294304,-0.021894,-0.055074,1,0
3778,95,-0.775494,0.341415,-0.081415,-0.153348,1,0
3760,95,-0.760828,0.182357,-0.110268,-0.056582,1,0
3774,95,-0.766302,0.270951,-0.047905,-0.082038,1,0
3785,95,-0.659194,-0.420454,-0.028466,-0.176182,0,1
3792,95,-0.547219,-0.468149,-0.021666,-0.190836,0,1
3765,95,-0.713756,0.283389,-0.047237,-0.114027,1,0
3771,95,-0.794471,0.208108,-0.020384,-0.084398,1,0
3770,95,-0.628008,0.231458,-0.067507,-0.026974,1,0
3764,95,-0.706381,0.259733,-0.058079,-0.111085,1,0
3767,95,-0.793765,0.192486,0.044946,-0.000842,1,0
3790,95,-0.642929,-0.441675,0.019211,-0.217915,0,1
3777,95,-0.740772,0.188326,-0.098232,-0.129509,1,0
3780,95,-0.611377,-0.407646,-0.068334,-0.187842,0,1
3776,95,-0.742760,0.275426,-0.036735,-0.170622,1,0
3789,95,-0.541696,-0.455260,-0.049308,-0.208303,0,1
3791,95,-0.671322,-0.457873,-0.066263,-0.202376,0,1
3788,95,-0.565870,-0.458750,-0.134396,-0.152276,0,1
3783,95,-0.548783,-0.458981,-0.002056,-0.158117,0,1
3772,95,-0.730084,0.207853,-0.042285,-0.174938,1,0
3813,96,-0.669471,0.251523,-0.049240,-0.079956,1,0
3808,96,-0.750296,0.192542,-0.056018,-0.083208,1,0
3810,96,-0.811865,0.281757,-0.127819,0.015551,1,0
3834,96,-0.549008,-0.454959,0.016213,-0.094959,0,1
3835,96,-0.668017,-0.312993,-0.058218,-0.173790,0,1
3820,96,-0.567922,-0.423308,0.015145,-0.124938,0,1
3825,96,-0.542976,-0.455209,0.061983,-0.097809,0,1
3818,96,-0.667192,0.180495,-0.050429,-0.064647,1,0
3800,96,-0.801157,0.284430,0.028201,-0.128854,1,0
3809,96,-0.757082,0.288478,-0.006070,-0.093402,1,0
3807,96,-0.783478,0.234131,-0.116653,-0.023059,1,0
3836,96,-0.561330,-0.460137,-0.034027,-0.161324,0,1
3827,96,-0.554558,-0.401533,0.049004,-0.160077,0,1
3838,96,-0.583539,-0.359975,0.007504,-0.170413,0,1
3816,96,-0.778121,0.155611,-0.077646,-0.113802,1,0
3833,96,-0.624575,-0.457317,-0.066164,-0.208894,0,1
3823,96,-0.653568,-0.399708,0.027277,-0.228868,0,1
3804,96,-0.766608,0.246465,-0.026704,-0.072389,1,0
3814,96,-0.788546,0.273635,0.035936,-0.031035,1,0
3815,96,-0.849523,0.246993,-0.017380,-0.069166,1,0
3803,96,-0.676666,0.202166,0.007894,-0.150844,1,0
3828,96,-0.610323,-0.380023,-0.007353,-0.142511,0,1
3811,96,-0.731948,0.336300,-0.017297,-0.053355,1,0
3837,96,-0.531614,-0.384090,-0.011326,-0.181829,0,1
3832,96,-0.566521,-0.469156,-0.147042,-0.221896,0,1
3839,96,-0.563387,-0.438104,-0.019673,-0.126678,0,1
3802,96,-0.807228,0.217041,-0.043756,-0.116633,1,0
3819,96,-0.812223,0.288296,0.011423,-0.016080,1,0
3824,96,-0.670610,-0.438273,0.076217,-0.127641,0,1
3831,96,-0.557763,-0.454898,-0.015307,-0.250160,0,1
3821,96,-0.534163,-0.418270,0.021044,-0.166163,0,1
3830,96,-0.636998,-0.403836,0.026248,-0.266490,0,1
3817,96,-0.772449,0.334879,0.019610,-0.102689,1,0
3806,96,-0.756314,0.225523,-0.035185,0.031702,1,0
3822,96,-0.571150,-0.413728,0.056846,-0.133508,0,1
3826,96,-0.602087,-0.348264,-0.022048,-0.124203,0,1
3805,96,-0.689514,0.201418,-0.108613,-0.017632,1,0
3801,96,-0.842116,0.321380,-0.118677,-0.084914,1,0
3812,96,-0.717343,0.187196,0.069821,0.016597,1,0
3829,96,-0.541872,-0.417301,-0.014871,-0.191881,0,1
3849,97,-0.697324,0.343048,-0.136165,-0.079461,1,0
3875,97,-0.531139,-0.465999,0.054464,-0.228247,0,1
3869,97,-0.570187,-0.478528,-0.068311,-0.228042,0,1
3855,97,-0.793080,0.173099,-0.007741,-0.118577,1,0
3842,97,-0.654465,0.219757,0.003113,-0.030550,1,0
3856,97,-0.798078,0.230648,-0.028288,-0.122090,1,0
3858,97,-0.754743,0.324912,-0.073541,-0.043380,1,0
3866,97,-0.506598,-0.407851,-0.065045,-0.254741,0,1
3845,97,-0.830814,0.246760,-0.078272,-0.007630,1,0
3846,97,-0.603997,0.278552,-0.133019,-0.120736,1,0
3859,97,-0.734058,0.227972,0.052416,-0.063274,1,0
3864,97,-0.551526,-0.438016,0.025125,-0.153977,0,1
3873,97,-0.627603,-0.423629,-0.038471,-0.128278,0,1
3865,97,-0.491494,-0.469593,0.015271,-0.250863,0,1
3879,97,-0.518236,-0.431508,-0.065298,-0.123693,0,1
3861,97,-0.639407,-0.395674,0.006052,-0.252362,0,1
3848,97,-0.705095,0.287225,-0.001344,-0.074173,1,0
3868,97,-0.557644,-0.403580,0.042721,-0.205248,0,1
3851,97,-0.797709,0.207253,-0.052634,-0.114031,1,0
3863,97,-0.598764,-0.389231,0.047763,-0.171219,0,1
3847,97,-0.731940,0.238872,-0.065870,-0.039567,1,0
3850,97,-0.779030,0.213852,0.000737,-0.059926,1,0
3852,97,-0.832245,0.258221,-0.050889,-0.040443,1,0
3877,97,-0.475740,-0.410228,-0.063774,-0.194205,0,1
3841,97,-0.863097,0.232465,-0.049988,-0.081995,1,0
3872,97,-0.493008,-0.384669,-0.075440,-0.135082,0,1
3854,97,-0.823093,0.328089,-0.009062,-0.145745,1,0
3860,97,-0.611833,-0.315659,0.033345,-0.154765,0,1
3853,97,-0.764631,0.266048,0.037750,-0.076739,1,0
3870,97,-0.619925,-0.394845,-0.006416,-0.181669,0,1
3857,97,-0.739536,0.274766,-0.010660,-0.051825,1,0
3840,97,-0.754645,0.312821,-0.071150,-0.100876,1,0
3862,97,-0.595570,-0.406646,-0.054043,-0.188238,0,1
3874,97,-0.544981,-0.507180,0.088085,-0.235348,0,1
3843,97,-0.775436,0.254188,0.013975,-0.069500,1,0
3871,97,-0.607067,-0.434580,-0.029407,-0.247212,0,1
3867,97,-0.508780,-0.470759,0.018437,-0.170229,0,1
3844,97,-0.808826,0.282467,-0.088211,-0.043840,1,0
3876,97,-0.639687,-0.391119,0.065423,-0.140120,0,1
3878,97,-0.563431,-0.413096,0.040810,-0.160217,0,1
3901,98,-0.630111,-0.496181,-0.054255,-0.358210,0,1
3915,98,-0.604208,-0.370338,-0.077312,-0.292331,0,1
3911,98,-0.528350,-0.418429,-0.064383,-0.329850,0,1
3902,98,-0.473540,-0.514735,0.021433,-0.341392,0,1
3906,98,-0.590733,-0.351460,-0.081471,-0.366217,0,1
3898,98,-0.773479,0.144981,-0.036204,-0.051398,1,0
3897,98,-0.649739,0.356267,-0.007004,-0.133382,1,0
3909,98,-0.594307,-0.400285,0.026729,-0.292140,0,1
3884,98,-0.784095,0.216743,0.005067,-0.084037,1,0
3913,98,-0.583423,-0.404312,0.018965,-0.347798,0,1
3892,98,-0.733438,0.320584,-0.025775,-0.085953,1,0
3883,98,-0.786286,0.218500,-0.008677,-0.137862,1,0
3904,98,-0.649192,-0.449833,-0.071196,-0.293353,0,1
3896,98,-0.756271,0.295165,-0.050982,-0.119698,1,0
3891,98,-0.758715,0.231451,-0.030163,-0.041497,1,0
3903,98,-0.500906,-0.447115,-0.055529,-0.322680,0,1
3888,98,-0.824541,0.204770,-0.078374,-0.074988,1,0
3918,98,-0.602810,-0.495045,0.061367,-0.241414,0,1
3905,98,-0.577211,-0.485435,0.009973,-0.386030,0,1
3894,98,-0.817546,0.214189,0.075932,0.017507,1,0
3916,98,-0.504981,-0.385612,0.040045,-0.348126,0,1
3881,98,-0.774555,0.279971,-0.064634,-0.107468,1,0
3886,98,-0.699098,0.258269,-0.083256,-0.117418,1,0
3887,98,-0.757415,0.228882,-0.028007,-0.117949,1,0
3910,98,-0.675478,-0.400306,0.027647,-0.284285,0,1
3885,98,-0.760682,0.203191,-0.029330,-0.025279,1,0
3880,98,-0.798691,0.225305,0.011451,-0.121938,1,0
3912,98,-0.653632,-0.506406,-0.026387,-0.351811,0,1
3917,98,-0.601976,-0.431514,-0.090321,-0.406982,0,1
3919,98,-0.619994,-0.357725,-0.002288,-0.212722,0,1
3882,98,-0.756274,0.244486,-0.112291,-0.024595,1,0
3895,98,-0.772857,0.251605,-0.031907,-0.036965,1,0
3899,98,-0.774730,0.187666,-0.061860,-0.053958,1,0
3900,98,-0.678765,-0.507510,0.036299,-0.397004,0,1
3893,98,-0.822130,0.157571,-0.058875,-0.116073,1,0
3889,98,-0.786331,0.189202,-0.049029,-0.052964,1,0
3914,98,-0.557864,-0.324749,-0.011472,-0.344190,0,1
3908,98,-0.605549,-0.377223,-0.005295,-0.335439,0,1
3890,98,-0.811576,0.342124,-0.018261,-0.092666,1,0
3907,98,-0.634535,-0.447721,-0.003693,-0.332131,0,1
3920,99,-0.739670,0.208514,-0.024673,-0.084201,1,0
3943,99,-0.649338,-0.419768,0.042845,-0.328818,0,1
3941,99,-0.626736,-0.370482,-0.031852,-0.434065,0,1
3945,99,-0.630570,-0.408798,0.038481,-0.317912,0,1
3931,99,-0.637099,0.206701,-0.093531,-0.122171,1,0
3954,99,-0.626838,-0.399275,-0.000339,-0.355426,0,1
3952,99,-0.589381,-0.446489,-0.076974,-0.426513,0,1
3922,99,-0.769740,0.308461,0.012752,-0.109726,1,0
3956,99,-0.542158,-0.461714,-0.024938,-0.280122,0,1
3946,99,-0.548084,-0.475122,-0.016880,-0.226060,0,1
3940,99,-0.519711,-0.409593,-0.022297,-0.377017,0,1
3933,99,-0.648982,0.276065,-0.044956,-0.034670,1,0
3949,99,-0.533616,-0.341921,0.004109,-0.203551,0,1
3950,99,-0.598045,-0.422605,0.051928,-0.439916,0,1
3942,99,-0.605814,-0.391405,0.004535,-0.423857,0,1
3932,99,-0.749804,0.235960,-0.123324,-0.102005,1,0
3924,99,-0.795400,0.257804,-0.090983,-0.154484,1,0
3930,99,-0.664811,0.233930,0.013270,-0.081431,1,0
3925,99,-0.695749,0.192608,-0.060098,-0.051786,1,0
3939,99,-0.773244,0.252397,0.013165,-0.042386,1,0
3947,99,-0.491061,-0.401105,0.021935,-0.299442,0,1
3959,99,-0.583113,-0.473178,0.043038,-0.341218,0,1
3934,99,-0.785130,0.241870,-0.019779,-0.043077,1,0
3938,99,-0.725644,0.173339,-0.071124,-0.077295,1,0
3936,99,-0.648435,0.282409,-0.053766,-0.061840,1,0
3958,99,-0.524150,-0.448550,-0.041085,-0.271348,0,1
3944,99,-0.606169,-0.373038,-0.027121,-0.392609,0,1
3948,99,-0.545646,-0.469664,0.057117,-0.326712,0,1
3926,99,-0.730552,0.153425,0.009337,-0.114734,1,0
3921,99,-0.773090,0.156179,-0.067332,-0.100566,1,0
3935,99,-0.778675,0.312098,-0.093170,-0.148062,1,0
3937,99,-0.740745,0.334795,0.042301,-0.037276,1,0
3929,99,-0.795106,0.176135,0.011689,-0.072739,1,0
3928,99,-0.752760,0.271142,-0.036359,-0.198854,1,0
3955,99,-0.539582,-0.324689,-0.024909,-0.426344,0,1
3923,99,-0.822093,0.255521,-0.046517,-0.197408,1,0
3951,99,-0.612750,-0.549162,0.009933,-0.275658,0,1
3953,99,-0.617173,-0.375183,0.004783,-0.391300,0,1
3927,99,-0.798902,0.256284,0.077099,0.019168,1,0
3957,99,-0.525533,-0.344500,0.025528,-0.398617,0,1
3992,100,-0.566136,-0.392268,0.173404,-0.012637,0,1
3961,100,-0.680459,0.245039,-0.072863,-0.127602,1,0
3963,100,-0.723843,0.206757,-0.118724,-0.103699,1,0
3987,100,-0.535887,-0.397096,0.134213,-0.027882,0,1
3979,100,-0.761124,0.325176,-0.010224,-0.156970,1,0
3971,100,-0.680159,0.218878,-0.075554,-0.060680,1,0
3999,100,-0.571334,-0.394100,0.178434,0.013805,0,1
3983,100,-0.480915,-0.464709,0.216306,-0.015072,0,1
3988,100,-0.596990,-0.379823,0.146603,-0.011560,0,1
3994,100,-0.556661,-0.433242,0.186889,0.103114,0,1
3982,100,-0.639777,-0.398444,0.122701,-0.084656,0,1
3978,100,-0.862520,0.201910,-0.064819,-0.113256,1,0
3984,100,-0.567584,-0.382087,0.155243,0.003970,0,1
3980,100,-0.579422,-0.448868,-0.016681,-0.047321,0,1
3974,100,-0.728414,0.257857,-0.100727,-0.110164,1,0
3962,100,-0.729328,0.316176,-0.023262,-0.040828,1,0
3998,100,-0.575065,-0.331752,0.187094,-0.045963,0,1
3996,100,-0.517323,-0.426593,0.173554,0.050303,0,1
3977,100,-0.798039,0.318767,-0.150113,-0.045936,1,0
3966,100,-0.789228,0.212404,0.043479,-0.027617,1,0
3997,100,-0.514842,-0.439741,0.131999,0.014103,0,1
3975,100,-0.746598,0.196245,-0.071707,-0.094280,1,0
3969,100,-0.753703,0.263112,0.007659,-0.037879,1,0
3972,100,-0.780351,0.231786,0.009915,-0.023727,1,0
3990,100,-0.590734,-0.375778,0.152620,0.017070,0,1
3985,100,-0.660260,-0.393438,0.153492,-0.040973,0,1
3965,100,-0.711072,0.259465,-0.020988,-0.128722,1,0
3964,100,-0.727040,0.320106,-0.000714,-0.068204,1,0
3960,100,-0.826262,0.314646,-0.000238,-0.073360,1,0
3986,100,-0.574636,-0.368229,0.130119,0.025611,0,1
3968,100,-0.660456,0.227918,-0.061256,-0.052225,1,0
3981,100,-0.605657,-0.382292,0.189579,0.026863,0,1
3970,100,-0.721694,0.234726,-0.027030,-0.089414,1,0
3995,100,-0.574926,-0.348681,0.178676,-0.037367,0,1
3976,100,-0.774937,0.324508,-0.098615,-0.095482,1,0
3973,100,-0.731449,0.275142,-0.098528,-0.099613,1,0
3989,100,-0.516818,-0.339159,0.237249,-0.047562,0,1
3991,100,-0.572399,-0.472110,0.112977,0.067245,0,1
3993,100,-0.567393,-0.515230,0.205848,0.014547,0,1
3967,100,-0.707419,0.226033,-0.036311,-0.019099,1,0