global_id,timestamp,f1,f2,f3,f4,f5,class_0,class_1
24,1,-0.816325,0.164756,-0.377319,-0.251714,-0.192218,1,1
27,1,-0.799234,0.209819,-0.381940,-0.316098,-0.330659,1,1
6,1,-0.848486,0.221896,-0.246877,-0.323338,-0.221298,1,1
19,1,-0.816019,0.115696,-0.346208,-0.260328,-0.240768,1,1
10,1,-0.749679,0.196595,-0.282323,-0.241955,-0.217027,1,1
36,1,-0.757600,0.166585,-0.370723,-0.208250,-0.259002,1,1
34,1,-0.846765,0.132905,-0.253500,-0.389045,-0.236761,1,1
31,1,-0.845719,0.212190,-0.311155,-0.333484,-0.279943,1,1
35,1,-0.804822,0.084076,-0.394277,-0.372196,-0.317559,1,1
2,1,-0.848297,0.118658,-0.353589,-0.253293,-0.267169,1,1
39,1,-0.722158,0.200602,-0.380808,-0.254116,-0.351054,1,1
17,1,-0.865645,0.201405,-0.279880,-0.352850,-0.258951,1,1
29,1,-0.802629,0.164001,-0.314032,-0.354926,-0.334904,1,1
21,1,-0.807937,0.035313,-0.322964,-0.284875,-0.260030,0,1
8,1,-0.777746,0.210055,-0.267611,-0.318690,-0.243765,1,1
30,1,-0.823927,0.060101,-0.371685,-0.230767,-0.343259,1,1
5,1,-0.773212,0.172512,-0.280318,-0.314275,-0.237690,1,1
14,1,-0.846550,0.162679,-0.292085,-0.183592,-0.226589,1,1
22,1,-0.838465,0.066506,-0.228609,-0.213982,-0.316210,1,1
16,1,-0.798407,0.236314,-0.239714,-0.283986,-0.176758,1,1
12,1,-0.799545,0.072713,-0.336812,-0.286163,-0.240681,1,1
25,1,-0.782248,0.104738,-0.394845,-0.384966,-0.212819,1,1
4,1,-0.864838,0.117686,-0.354783,-0.199765,-0.207985,1,1
38,1,-0.867872,0.075309,-0.352973,-0.332800,-0.251936,1,1
28,1,-0.889979,0.120289,-0.328896,-0.346229,-0.350454,1,1
13,1,-0.813823,0.167314,-0.359046,-0.269002,-0.251030,1,1
32,1,-0.883228,0.142570,-0.266313,-0.293780,-0.278431,1,1
11,1,-0.836532,0.180846,-0.236545,-0.217692,-0.373982,1,1
15,1,-0.676851,0.203293,-0.344175,-0.319916,-0.136577,1,1
18,1,-0.820012,0.184428,-0.305904,-0.250630,-0.211250,1,1
3,1,-0.893302,0.204227,-0.243019,-0.304798,-0.280005,1,1
33,1,-0.893849,0.171504,-0.273993,-0.276789,-0.216239,1,1
37,1,-0.786189,0.159147,-0.300740,-0.366245,-0.262787,1,1
23,1,-0.854792,0.149096,-0.368719,-0.264774,-0.307891,1,1
9,1,-0.811807,0.178210,-0.265727,-0.322220,-0.269214,1,1
0,1,-0.835648,0.259218,-0.315123,-0.227205,-0.236063,1,1
7,1,-0.781432,0.197689,-0.258234,-0.369933,-0.235818,1,1
20,1,-0.768566,0.165623,-0.316436,-0.317667,-0.217047,1,1
26,1,-0.763110,0.075151,-0.385616,-0.261525,-0.366762,1,1
1,1,-0.839911,0.171341,-0.431346,-0.345134,-0.226967,1,1
59,2,-0.809679,0.301318,-0.428236,-0.306134,-0.198268,1,0
77,2,-0.734961,0.175026,-0.338378,-0.322088,-0.291450,1,1
61,2,-0.855594,0.227023,-0.359201,-0.337801,-0.164765,1,1
78,2,-0.801603,0.145725,-0.356276,-0.372021,-0.213928,1,1
66,2,-0.761104,0.035378,-0.349508,-0.310615,-0.259060,0,1
56,2,-0.889582,0.162804,-0.254101,-0.261961,-0.312809,1,1
50,2,-0.864766,0.270104,-0.208457,-0.249683,-0.281775,1,1
73,2,-0.898603,0.117568,-0.338934,-0.256529,-0.288533,1,1
57,2,-0.739605,0.225021,-0.312262,-0.304349,-0.334484,1,1
55,2,-0.834396,0.117235,-0.258409,-0.290056,-0.284696,1,1
44,2,-0.754438,0.197000,-0.322080,-0.313339,-0.260367,1,1
64,2,-0.807600,0.121591,-0.287034,-0.386603,-0.238898,1,1
49,2,-0.910603,0.223381,-0.340318,-0.291593,-0.290583,1,1
52,2,-0.740747,0.148582,-0.305520,-0.347666,-0.216270,1,1
43,2,-0.765087,0.290923,-0.324882,-0.174528,-0.256459,1,0
74,2,-0.661624,0.206017,-0.394092,-0.303395,-0.311967,1,1
75,2,-0.774819,0.038586,-0.394333,-0.219274,-0.261643,0,1
48,2,-0.784852,0.161267,-0.218090,-0.227632,-0.258482,1,1
46,2,-0.777286,0.204592,-0.290598,-0.226702,-0.255606,1,1
54,2,-0.816281,0.185774,-0.284778,-0.247866,-0.168555,1,1
40,2,-0.758800,0.204646,-0.356857,-0.302005,-0.336660,1,1
60,2,-0.845569,0.126699,-0.375574,-0.365381,-0.232570,1,1
45,2,-0.684913,0.186163,-0.262940,-0.259234,-0.137544,1,1
51,2,-0.851084,0.184467,-0.317116,-0.208888,-0.327072,1,1
76,2,-0.776311,0.123637,-0.243506,-0.318486,-0.335390,1,1
70,2,-0.815477,0.153816,-0.369267,-0.326320,-0.422162,1,1
79,2,-0.854954,0.166185,-0.356688,-0.302933,-0.218755,1,1
68,2,-0.814731,0.106307,-0.361350,-0.319076,-0.257512,1,1
72,2,-0.795273,0.239385,-0.257241,-0.304155,-0.182911,1,1
69,2,-0.838987,0.192003,-0.316412,-0.346427,-0.257373,1,1
67,2,-0.777826,0.108296,-0.427039,-0.261917,-0.224347,1,1
58,2,-0.871046,0.215704,-0.266650,-0.274571,-0.178026,1,1
47,2,-0.785002,0.172206,-0.316812,-0.249662,-0.248484,1,1
62,2,-0.826556,0.199124,-0.397969,-0.317751,-0.342383,1,1
63,2,-0.811720,0.150966,-0.349452,-0.348881,-0.325489,1,1
65,2,-0.880054,0.191713,-0.295722,-0.392188,-0.170864,1,1
71,2,-0.782462,0.210530,-0.322190,-0.293895,-0.290704,1,1
41,2,-0.859523,0.157117,-0.352460,-0.331156,-0.251163,1,1
42,2,-0.816531,0.207497,-0.340680,-0.281340,-0.157559,1,1
53,2,-0.774116,0.236621,-0.250945,-0.308167,-0.172284,1,1
109,3,-0.841309,0.230888,-0.216779,-0.282051,-0.173584,1,1
98,3,-0.764252,0.228978,-0.285824,-0.177031,-0.272901,1,1
113,3,-0.767536,0.231260,-0.233804,-0.266287,-0.326421,1,1
82,3,-0.718244,0.292481,-0.285576,-0.301677,-0.284127,1,0
119,3,-0.730204,0.240806,-0.304286,-0.290072,-0.285020,1,1
106,3,-0.813210,0.221590,-0.301793,-0.302309,-0.224992,1,1
87,3,-0.755039,0.224399,-0.255965,-0.318878,-0.259055,1,1
94,3,-0.818739,0.245389,-0.275869,-0.244808,-0.306313,1,1
100,3,-0.825189,0.160987,-0.288452,-0.318172,-0.249865,1,1
108,3,-0.804584,0.137493,-0.309343,-0.273301,-0.251408,1,1
110,3,-0.855597,0.219721,-0.332424,-0.244980,-0.260125,1,1
118,3,-0.776942,0.204529,-0.344989,-0.255266,-0.279912,1,1
93,3,-0.793522,0.213373,-0.400813,-0.331283,-0.174177,1,1
84,3,-0.835689,0.178625,-0.158503,-0.311728,-0.315710,1,1
97,3,-0.792066,0.166136,-0.222726,-0.290001,-0.237733,1,1
104,3,-0.776451,0.114331,-0.255189,-0.370456,-0.262565,1,1
99,3,-0.714156,0.275686,-0.343524,-0.293168,-0.315265,1,0
117,3,-0.766817,0.120847,-0.348817,-0.340897,-0.195178,1,1
83,3,-0.779594,0.224633,-0.279386,-0.357174,-0.136788,1,1
95,3,-0.745826,0.251426,-0.341162,-0.237376,-0.200864,1,1
112,3,-0.851251,0.152434,-0.280675,-0.256829,-0.298718,1,1
114,3,-0.818845,0.146341,-0.259489,-0.353949,-0.319616,1,1
86,3,-0.846342,0.113165,-0.321449,-0.243455,-0.275174,1,1
91,3,-0.799012,0.230711,-0.265101,-0.264004,-0.200637,1,1
105,3,-0.694621,0.104025,-0.340267,-0.266662,-0.294724,1,1
115,3,-0.713233,0.178383,-0.425106,-0.329797,-0.277074,1,1
107,3,-0.710827,0.118378,-0.311237,-0.310944,-0.279494,1,1
90,3,-0.832209,0.236655,-0.308289,-0.323209,-0.238441,1,1
81,3,-0.780151,0.185976,-0.345630,-0.223320,-0.243218,1,1
102,3,-0.800873,0.113179,-0.348885,-0.341592,-0.360692,1,1
85,3,-0.704463,0.219541,-0.420310,-0.270122,-0.151557,1,1
92,3,-0.719336,0.203011,-0.328323,-0.289882,-0.289844,1,1
96,3,-0.794742,0.132084,-0.249525,-0.252492,-0.282480,1,1
111,3,-0.847556,0.173547,-0.339373,-0.172777,-0.338426,1,1
80,3,-0.725821,0.181176,-0.268606,-0.203092,-0.176942,1,1
116,3,-0.797125,0.188555,-0.221743,-0.301895,-0.212670,1,1
103,3,-0.756593,0.163061,-0.325513,-0.314676,-0.268210,1,1
89,3,-0.769560,0.159160,-0.225879,-0.172938,-0.248356,1,1
101,3,-0.865440,0.126323,-0.410814,-0.325563,-0.230035,1,1
88,3,-0.845507,0.142759,-0.336071,-0.162394,-0.194047,1,1
137,4,-0.870803,0.329609,-0.244561,-0.245553,-0.216962,1,0
150,4,-0.810618,0.166698,-0.225940,-0.292706,-0.291340,1,1
139,4,-0.782203,0.226991,-0.274606,-0.217716,-0.291289,1,1
155,4,-0.798346,0.142858,-0.375128,-0.323448,-0.371244,1,1
135,4,-0.748750,0.225894,-0.312337,-0.327183,-0.215410,1,1
153,4,-0.773254,0.098406,-0.325926,-0.275768,-0.211005,1,1
131,4,-0.831285,0.241888,-0.296321,-0.129776,-0.296210,1,1
134,4,-0.902753,0.222189,-0.208772,-0.229432,-0.273891,1,1
129,4,-0.760063,0.224477,-0.253634,-0.168813,-0.264029,1,1
148,4,-0.773351,0.114123,-0.320666,-0.235083,-0.207962,1,1
123,4,-0.777069,0.191881,-0.276230,-0.163914,-0.222862,1,1
120,4,-0.784961,0.138177,-0.349068,-0.243137,-0.163817,1,1
157,4,-0.787480,0.154136,-0.365661,-0.336199,-0.376116,1,1
154,4,-0.769807,0.075495,-0.285440,-0.372814,-0.325052,1,1
128,4,-0.787759,0.143131,-0.299097,-0.271994,-0.252417,1,1
126,4,-0.845728,0.167790,-0.319229,-0.238385,-0.187861,1,1
124,4,-0.821957,0.202546,-0.240629,-0.236270,-0.190109,1,1
132,4,-0.661512,0.206377,-0.254807,-0.291452,-0.211069,1,1
149,4,-0.723535,0.172598,-0.383754,-0.204065,-0.229963,1,1
145,4,-0.897189,0.129814,-0.439064,-0.258478,-0.252394,1,1
151,4,-0.783669,0.112740,-0.276708,-0.355973,-0.364561,1,1
144,4,-0.730545,0.106244,-0.323787,-0.284396,-0.209256,1,1
159,4,-0.750522,0.105014,-0.327409,-0.258352,-0.361398,1,1
156,4,-0.744777,0.091678,-0.252301,-0.343826,-0.328516,1,1
158,4,-0.776172,0.088925,-0.396781,-0.280140,-0.219535,1,1
125,4,-0.769985,0.206592,-0.327259,-0.216272,-0.259155,1,1
140,4,-0.758470,0.179207,-0.334335,-0.307547,-0.297642,1,1
122,4,-0.806252,0.216613,-0.264122,-0.188173,-0.219104,1,1
127,4,-0.691299,0.183707,-0.242356,-0.280421,-0.179557,1,1
146,4,-0.813124,0.096675,-0.298651,-0.263199,-0.229788,1,1
136,4,-0.768747,0.176692,-0.304025,-0.216025,-0.268288,1,1
152,4,-0.721355,0.068388,-0.249137,-0.342853,-0.323156,1,1
147,4,-0.745887,0.127855,-0.284650,-0.270993,-0.323870,1,1
138,4,-0.775026,0.261677,-0.271524,-0.323240,-0.191951,1,1
142,4,-0.743535,0.141448,-0.283873,-0.386886,-0.236021,1,1
121,4,-0.770659,0.242963,-0.258140,-0.258462,-0.218217,1,1
143,4,-0.798287,0.168943,-0.268338,-0.271019,-0.302606,1,1
130,4,-0.763048,0.200298,-0.277525,-0.201981,-0.240414,1,1
141,4,-0.795213,0.158135,-0.347335,-0.225096,-0.223437,1,1
133,4,-0.732017,0.134303,-0.275964,-0.299217,-0.309229,1,1
168,5,-0.777210,0.299827,-0.349934,-0.232524,-0.230077,1,0
195,5,-0.762111,0.164557,-0.339625,-0.261569,-0.260751,1,1
182,5,-0.707385,0.129943,-0.244565,-0.324885,-0.369994,1,1
186,5,-0.825261,0.117774,-0.238460,-0.291463,-0.333237,1,1
161,5,-0.776946,0.126785,-0.283467,-0.369689,-0.204010,1,1
197,5,-0.727450,0.241862,-0.350248,-0.338540,-0.214058,1,1
171,5,-0.736254,0.209708,-0.336796,-0.232295,-0.196957,1,1
194,5,-0.880036,0.193977,-0.382478,-0.274228,-0.267062,1,1
179,5,-0.784157,0.268143,-0.331773,-0.298592,-0.219508,1,1
164,5,-0.689901,0.146845,-0.271853,-0.193252,-0.205081,1,1
177,5,-0.752344,0.272569,-0.346062,-0.257113,-0.268524,1,1
174,5,-0.823982,0.217341,-0.221749,-0.175135,-0.231727,1,1
176,5,-0.752066,0.275444,-0.282868,-0.185353,-0.141396,1,1
192,5,-0.799857,0.083984,-0.353294,-0.265696,-0.287234,1,1
175,5,-0.694569,0.218838,-0.237925,-0.292408,-0.196478,1,1
163,5,-0.758646,0.195989,-0.217000,-0.209002,-0.294087,1,1
167,5,-0.684008,0.245320,-0.255391,-0.142640,-0.164683,1,1
181,5,-0.727349,0.245455,-0.345567,-0.308205,-0.285457,1,1
196,5,-0.865086,0.149221,-0.295576,-0.300205,-0.332341,1,1
169,5,-0.719916,0.178255,-0.244806,-0.207276,-0.327436,1,1
184,5,-0.826313,0.170828,-0.263336,-0.300839,-0.317079,1,1
160,5,-0.726219,0.172492,-0.268990,-0.282670,-0.349743,1,1
189,5,-0.682407,0.183102,-0.243256,-0.318282,-0.214953,1,1
198,5,-0.723930,0.099693,-0.314298,-0.267579,-0.225558,1,1
193,5,-0.805822,0.109331,-0.393368,-0.210102,-0.262136,1,1
199,5,-0.721165,0.128423,-0.231035,-0.326317,-0.258295,1,1
165,5,-0.801439,0.179797,-0.296495,-0.266753,-0.218685,1,1
172,5,-0.728195,0.226580,-0.310364,-0.251443,-0.190208,1,1
170,5,-0.777251,0.263305,-0.304209,-0.260529,-0.269230,1,1
190,5,-0.811366,0.148030,-0.271467,-0.336345,-0.205061,1,1
180,5,-0.812470,0.162741,-0.285541,-0.338413,-0.240865,1,1
191,5,-0.739152,0.213127,-0.180298,-0.322833,-0.219339,1,1
188,5,-0.742522,0.149698,-0.338183,-0.336424,-0.276014,1,1
178,5,-0.770630,0.313877,-0.268742,-0.228408,-0.220142,1,0
166,5,-0.744701,0.270718,-0.276105,-0.242490,-0.196286,1,1
187,5,-0.799192,0.121027,-0.338308,-0.270433,-0.183340,1,1
185,5,-0.744498,0.201725,-0.350080,-0.312295,-0.175810,1,1
162,5,-0.715970,0.152313,-0.295279,-0.259943,-0.248950,1,1
173,5,-0.723379,0.188298,-0.297472,-0.258798,-0.193755,1,1
183,5,-0.823103,0.173653,-0.450915,-0.316959,-0.303581,1,1
232,6,-0.687400,0.155613,-0.292043,-0.290605,-0.248590,1,1
223,6,-0.785917,0.084503,-0.299021,-0.253469,-0.340324,1,1
201,6,-0.714267,0.221779,-0.250400,-0.303164,-0.213571,1,1
220,6,-0.719342,0.174018,-0.262566,-0.306929,-0.297378,1,1
236,6,-0.878198,0.190197,-0.350729,-0.273647,-0.288140,1,1
221,6,-0.779856,0.150696,-0.299564,-0.294911,-0.340606,1,1
207,6,-0.727273,0.255258,-0.271609,-0.351701,-0.202624,1,1
203,6,-0.770581,0.141854,-0.219019,-0.121604,-0.309183,1,1
229,6,-0.729285,0.192550,-0.341936,-0.218373,-0.302405,1,1
233,6,-0.741001,0.244026,-0.268143,-0.278219,-0.262434,1,1
227,6,-0.662813,0.087696,-0.312503,-0.177397,-0.319215,1,1
213,6,-0.773670,0.217019,-0.298319,-0.262170,-0.141823,1,1
215,6,-0.700678,0.199207,-0.306837,-0.349942,-0.141039,1,1
204,6,-0.737157,0.259012,-0.283526,-0.356871,-0.174641,1,1
209,6,-0.737782,0.202275,-0.286798,-0.212407,-0.209470,1,1
211,6,-0.746507,0.176020,-0.235178,-0.363432,-0.209401,1,1
235,6,-0.782917,0.127967,-0.387351,-0.327282,-0.290378,1,1
202,6,-0.721230,0.122691,-0.210666,-0.302039,-0.164985,1,1
238,6,-0.698874,0.221137,-0.331920,-0.235238,-0.254916,1,1
205,6,-0.759937,0.252901,-0.322984,-0.282131,-0.182763,1,1
212,6,-0.726648,0.201026,-0.306203,-0.260085,-0.274939,1,1
214,6,-0.787301,0.228366,-0.261409,-0.229308,-0.239000,1,1
225,6,-0.805842,0.170873,-0.221189,-0.277841,-0.210619,1,1
217,6,-0.737292,0.250987,-0.236854,-0.165153,-0.197238,1,1
226,6,-0.756438,0.130087,-0.233150,-0.275810,-0.274617,1,1
206,6,-0.746771,0.263102,-0.317171,-0.242322,-0.285206,1,1
222,6,-0.819086,0.118300,-0.280871,-0.251254,-0.267892,1,1
216,6,-0.752487,0.185742,-0.333633,-0.165850,-0.161801,1,1
218,6,-0.776075,0.251876,-0.319197,-0.294688,-0.291801,1,1
200,6,-0.793710,0.151924,-0.197777,-0.235972,-0.234276,1,1
237,6,-0.837324,0.129047,-0.275914,-0.299266,-0.231212,1,1
234,6,-0.753603,0.125610,-0.377382,-0.210826,-0.213802,1,1
228,6,-0.837300,0.105485,-0.270375,-0.298697,-0.329609,1,1
239,6,-0.692289,0.224115,-0.323806,-0.272163,-0.263737,1,1
230,6,-0.787842,0.227591,-0.340846,-0.189127,-0.305943,1,1
231,6,-0.691738,0.192685,-0.325474,-0.219393,-0.243454,1,1
224,6,-0.861002,0.204761,-0.355165,-0.270497,-0.276165,1,1
210,6,-0.736639,0.256739,-0.323341,-0.204810,-0.135471,1,1
219,6,-0.670968,0.235799,-0.299904,-0.240548,-0.198974,1,1
208,6,-0.811653,0.217106,-0.187077,-0.229730,-0.235159,1,1
274,7,-0.817817,0.106935,-0.321735,-0.253190,-0.246849,1,1
278,7,-0.742744,0.183055,-0.327316,-0.322544,-0.283137,1,1
261,7,-0.760794,0.238407,-0.296245,-0.188130,-0.344272,1,1
244,7,-0.696257,0.141602,-0.299401,-0.203527,-0.199138,1,1
268,7,-0.774403,0.107499,-0.241673,-0.264072,-0.284251,1,1
252,7,-0.750895,0.128006,-0.306317,-0.289889,-0.167515,1,1
258,7,-0.701264,0.236836,-0.194389,-0.227427,-0.281944,1,1
256,7,-0.708410,0.179114,-0.164273,-0.276305,-0.221421,1,1
271,7,-0.738510,0.054983,-0.298345,-0.364574,-0.352048,0,1
242,7,-0.633032,0.266162,-0.228077,-0.263995,-0.226346,1,0
250,7,-0.609089,0.200545,-0.316875,-0.169711,-0.185982,1,0
248,7,-0.726611,0.249992,-0.330054,-0.226183,-0.236276,1,1
251,7,-0.754259,0.213351,-0.295525,-0.135615,-0.213525,1,1
269,7,-0.765090,0.143415,-0.252222,-0.307347,-0.294301,1,1
273,7,-0.769106,0.175966,-0.340465,-0.258346,-0.325316,1,1
245,7,-0.767305,0.226752,-0.292075,-0.212413,-0.291528,1,1
243,7,-0.752341,0.218124,-0.245246,-0.158762,-0.210888,1,1
267,7,-0.782510,0.173918,-0.256261,-0.287832,-0.347615,1,1
260,7,-0.708915,0.247536,-0.385117,-0.330499,-0.237907,1,1
241,7,-0.664138,0.202625,-0.217871,-0.213495,-0.171473,1,1
265,7,-0.700669,0.028630,-0.383672,-0.294408,-0.254710,0,1
277,7,-0.687885,0.170767,-0.281775,-0.201409,-0.213203,1,1
276,7,-0.814927,0.185414,-0.324115,-0.200647,-0.240290,1,1
270,7,-0.802877,0.152602,-0.435782,-0.278836,-0.298997,1,1
275,7,-0.751604,0.045358,-0.387548,-0.355166,-0.211625,0,1
255,7,-0.710662,0.186207,-0.170670,-0.291042,-0.256240,1,1
253,7,-0.745747,0.197018,-0.315291,-0.284899,-0.174074,1,1
279,7,-0.721396,0.209704,-0.218874,-0.190486,-0.238149,1,1
272,7,-0.782671,0.177562,-0.304230,-0.207134,-0.300218,1,1
266,7,-0.794785,0.090595,-0.236471,-0.250511,-0.283320,1,1
247,7,-0.727198,0.159598,-0.249413,-0.195272,-0.193274,1,1
254,7,-0.745487,0.255718,-0.251183,-0.243561,-0.310702,1,1
249,7,-0.748555,0.270958,-0.328869,-0.273680,-0.145362,1,1
257,7,-0.745009,0.217419,-0.277475,-0.242923,-0.279056,1,1
263,7,-0.669529,0.195312,-0.392644,-0.255717,-0.219198,1,1
259,7,-0.653943,0.181307,-0.241673,-0.106933,-0.117188,1,1
240,7,-0.667633,0.195880,-0.236815,-0.258385,-0.103895,1,1
262,7,-0.622431,0.221213,-0.279084,-0.321713,-0.256790,1,1
246,7,-0.798122,0.147510,-0.259023,-0.236752,-0.255151,1,1
264,7,-0.699420,0.080745,-0.362693,-0.288745,-0.240284,1,1
287,8,-0.705994,0.185808,-0.213555,-0.149665,-0.137041,1,1
281,8,-0.727382,0.274724,-0.224331,-0.235662,-0.209565,1,1
311,8,-0.850334,0.118854,-0.304375,-0.248782,-0.210625,0,1
293,8,-0.636553,0.161322,-0.224310,-0.207663,-0.112395,1,1
319,8,-0.816059,0.121537,-0.355031,-0.345414,-0.323300,1,1
303,8,-0.790122,0.125564,-0.305482,-0.320572,-0.188665,1,1
296,8,-0.716215,0.177434,-0.243437,-0.179806,-0.173581,1,1
288,8,-0.796972,0.244952,-0.285755,-0.200215,-0.243445,1,1
318,8,-0.675192,0.071683,-0.252191,-0.293671,-0.317028,1,1
298,8,-0.640329,0.261193,-0.239228,-0.183385,-0.258314,1,0
307,8,-0.633877,0.197089,-0.230354,-0.247681,-0.294713,1,1
291,8,-0.697794,0.280121,-0.247192,-0.226895,-0.153553,1,1
315,8,-0.691787,0.108856,-0.361843,-0.316130,-0.260058,1,1
292,8,-0.732444,0.191535,-0.184675,-0.149046,-0.172616,1,1
317,8,-0.720600,0.198562,-0.220547,-0.155370,-0.237461,1,1
284,8,-0.635031,0.140471,-0.282291,-0.350012,-0.212049,1,1
289,8,-0.650950,0.182483,-0.264528,-0.194516,-0.211561,1,1
313,8,-0.736656,0.227156,-0.314107,-0.282749,-0.318189,1,1
300,8,-0.631174,0.202308,-0.306839,-0.327961,-0.344444,1,1
312,8,-0.601339,0.142983,-0.272611,-0.377542,-0.210994,1,1
309,8,-0.798860,0.219517,-0.297770,-0.271101,-0.290729,1,1
290,8,-0.732354,0.206707,-0.262627,-0.230126,-0.242781,1,1
302,8,-0.620210,0.100130,-0.279236,-0.195362,-0.238612,1,1
310,8,-0.777925,0.132884,-0.266438,-0.282372,-0.207288,1,1
308,8,-0.787990,0.106393,-0.253023,-0.260440,-0.333023,1,1
295,8,-0.693338,0.350202,-0.233580,-0.205295,-0.206997,1,0
286,8,-0.695509,0.254169,-0.228758,-0.291668,-0.216771,1,1
314,8,-0.752375,0.175332,-0.353273,-0.319858,-0.174312,1,1
294,8,-0.706482,0.193196,-0.230188,-0.236683,-0.169359,1,1
297,8,-0.825266,0.202237,-0.286228,-0.211373,-0.272842,1,1
316,8,-0.788950,0.261082,-0.270632,-0.241553,-0.267967,1,1
301,8,-0.779912,0.164813,-0.374442,-0.238687,-0.221637,1,1
305,8,-0.651025,0.089491,-0.296114,-0.247295,-0.240648,1,1
285,8,-0.659592,0.193950,-0.210768,-0.228990,-0.079509,1,1
306,8,-0.761113,0.103403,-0.317574,-0.158362,-0.262784,1,1
299,8,-0.613853,0.211989,-0.158714,-0.222454,-0.318716,1,0
304,8,-0.737219,0.108896,-0.301524,-0.241534,-0.360311,1,1
280,8,-0.774623,0.237588,-0.159231,-0.171496,-0.247388,1,1
282,8,-0.691572,0.223497,-0.271732,-0.259453,-0.178397,1,1
283,8,-0.686106,0.174884,-0.289992,-0.202194,-0.269188,1,1
339,9,-0.614383,0.219246,-0.234529,-0.181552,-0.231966,1,0
349,9,-0.678779,0.114399,-0.258150,-0.342135,-0.266174,1,1
351,9,-0.715355,0.147716,-0.277252,-0.305701,-0.208286,1,1
331,9,-0.739100,0.193398,-0.271068,-0.147254,-0.127816,1,1
337,9,-0.723689,0.143592,-0.188154,-0.250699,-0.297177,1,1
356,9,-0.765349,0.042461,-0.309441,-0.158736,-0.207106,0,1
327,9,-0.722786,0.228207,-0.258970,-0.186274,-0.171739,1,1
346,9,-0.749914,0.155698,-0.220141,-0.324927,-0.220670,1,1
322,9,-0.686297,0.158925,-0.296056,-0.296422,-0.186758,1,1
359,9,-0.720099,0.124428,-0.202689,-0.318284,-0.336434,1,1
350,9,-0.794186,0.162271,-0.263199,-0.272571,-0.304344,1,1
320,9,-0.718210,0.184749,-0.201198,-0.256210,-0.173321,1,1
343,9,-0.767727,0.167814,-0.225076,-0.393829,-0.185494,1,1
336,9,-0.773333,0.213741,-0.288308,-0.268491,-0.139217,1,1
332,9,-0.569236,0.164526,-0.205089,-0.141689,-0.172764,1,0
326,9,-0.560487,0.145787,-0.202077,-0.118468,-0.256229,1,0
353,9,-0.813464,0.116078,-0.296645,-0.318572,-0.226778,0,1
340,9,-0.761771,0.253714,-0.349274,-0.232486,-0.229884,1,1
341,9,-0.846464,0.187191,-0.282587,-0.325657,-0.264021,0,1
358,9,-0.722417,0.090523,-0.297482,-0.352941,-0.318609,1,1
324,9,-0.679049,0.156474,-0.294443,-0.259101,-0.094804,1,1
345,9,-0.741467,0.117955,-0.342879,-0.401976,-0.231142,1,1
338,9,-0.705861,0.257826,-0.314934,-0.241910,-0.186121,1,1
323,9,-0.693786,0.262951,-0.257610,-0.261802,-0.146648,1,1
342,9,-0.844285,0.153051,-0.207413,-0.300021,-0.234426,0,1
328,9,-0.671886,0.186052,-0.270600,-0.292637,-0.236883,1,1
333,9,-0.714132,0.291736,-0.261078,-0.216347,-0.205522,1,0
355,9,-0.785409,0.186189,-0.350689,-0.303904,-0.332812,1,1
330,9,-0.665677,0.172492,-0.294712,-0.251084,-0.270290,1,1
344,9,-0.696849,0.249469,-0.189130,-0.347895,-0.230955,1,1
335,9,-0.615829,0.165314,-0.281364,-0.134047,-0.168884,1,1
325,9,-0.749121,0.150159,-0.285330,-0.264075,-0.165959,1,1
321,9,-0.705000,0.225104,-0.226647,-0.203907,-0.134620,1,1
347,9,-0.812873,0.135924,-0.268778,-0.366945,-0.231439,1,1
348,9,-0.760561,0.152609,-0.335622,-0.340434,-0.270491,1,1
352,9,-0.769842,0.155947,-0.203884,-0.284732,-0.319288,1,1
354,9,-0.772101,0.137323,-0.249653,-0.285293,-0.255859,1,1
334,9,-0.689863,0.226753,-0.253104,-0.247475,-0.227857,1,1
329,9,-0.633889,0.200202,-0.265790,-0.211803,-0.145542,1,1
357,9,-0.701006,0.210539,-0.348689,-0.303672,-0.195327,1,1
370,10,-0.697358,0.231352,-0.226190,-0.146592,-0.171004,1,1
385,10,-0.685409,0.187785,-0.268052,-0.243693,-0.309149,1,1
396,10,-0.685842,0.094434,-0.300831,-0.227030,-0.224980,1,1
380,10,-0.673396,0.081978,-0.247496,-0.355374,-0.260599,1,1
389,10,-0.630654,0.128137,-0.370608,-0.201719,-0.255037,1,1
397,10,-0.737742,0.198740,-0.289660,-0.215926,-0.325149,1,1
373,10,-0.657263,0.100365,-0.271071,-0.200683,-0.129239,1,1
391,10,-0.805444,0.107038,-0.351969,-0.296709,-0.279611,0,1
371,10,-0.723045,0.174835,-0.231932,-0.203480,-0.158537,1,1
386,10,-0.682887,0.115732,-0.336224,-0.224025,-0.118417,1,1
395,10,-0.752810,0.211762,-0.240836,-0.201819,-0.288453,1,1
381,10,-0.781048,0.198618,-0.260537,-0.261478,-0.204412,1,1
368,10,-0.653624,0.212757,-0.244590,-0.228960,-0.226934,1,1
364,10,-0.682462,0.241858,-0.243019,-0.212596,-0.208576,1,1
394,10,-0.749998,0.130529,-0.257315,-0.308147,-0.212383,1,1
361,10,-0.699310,0.196033,-0.277288,-0.273228,-0.188892,1,1
375,10,-0.753582,0.237641,-0.245599,-0.202268,-0.123075,1,1
379,10,-0.683180,0.208905,-0.261938,-0.164923,-0.155034,1,1
365,10,-0.686985,0.200321,-0.220928,-0.225125,-0.231481,1,1
377,10,-0.592490,0.173818,-0.278948,-0.212712,-0.152165,1,1
398,10,-0.660272,0.160791,-0.368461,-0.345067,-0.144413,1,1
376,10,-0.650666,0.234091,-0.281026,-0.251420,-0.170585,1,1
392,10,-0.734875,0.173913,-0.309063,-0.247193,-0.225020,1,1
384,10,-0.585168,0.249708,-0.325393,-0.251469,-0.142992,1,1
366,10,-0.732505,0.183229,-0.283469,-0.292201,-0.222715,1,1
382,10,-0.780761,0.094328,-0.261954,-0.274701,-0.235449,1,1
374,10,-0.615063,0.215278,-0.246420,-0.225224,-0.223875,1,1
387,10,-0.815236,0.118518,-0.272556,-0.267132,-0.251243,0,1
369,10,-0.702959,0.227425,-0.230978,-0.283786,-0.205689,1,1
388,10,-0.744577,0.184756,-0.311087,-0.288620,-0.230176,1,1
390,10,-0.754727,0.208470,-0.387781,-0.252936,-0.256606,1,1
393,10,-0.773224,0.114786,-0.337159,-0.271636,-0.294333,1,1
378,10,-0.712868,0.213807,-0.210514,-0.129791,-0.274796,1,1
383,10,-0.781773,0.060926,-0.345750,-0.306747,-0.303921,0,1
360,10,-0.652856,0.253747,-0.261416,-0.173462,-0.108394,1,1
363,10,-0.620593,0.161257,-0.240092,-0.231734,-0.136814,1,1
399,10,-0.707105,0.159163,-0.324710,-0.367384,-0.230532,1,1
362,10,-0.740835,0.149833,-0.127251,-0.200716,-0.137642,1,1
367,10,-0.714643,0.225888,-0.227654,-0.286163,-0.154668,1,1
372,10,-0.655581,0.214031,-0.250160,-0.234413,-0.240236,1,1
427,11,-0.750781,0.150796,-0.348581,-0.287346,-0.205997,1,1
406,11,-0.639881,0.168744,-0.243588,-0.264466,-0.178238,1,1
401,11,-0.613361,0.194363,-0.298583,-0.186969,-0.252980,1,1
430,11,-0.593097,0.202139,-0.310646,-0.339315,-0.280456,1,1
400,11,-0.652068,0.221762,-0.213913,-0.133692,-0.172659,1,1
431,11,-0.677114,0.065424,-0.324349,-0.239864,-0.266710,1,1
412,11,-0.757878,0.155726,-0.305354,-0.148719,-0.143282,1,1
409,11,-0.778691,0.163562,-0.179262,-0.207114,-0.208342,1,1
402,11,-0.627954,0.164333,-0.220725,-0.179054,-0.132343,1,1
411,11,-0.608779,0.189619,-0.297461,-0.169227,-0.156923,1,1
405,11,-0.659358,0.204240,-0.337467,-0.189164,-0.232514,1,1
415,11,-0.731108,0.209637,-0.206669,-0.169749,-0.228450,1,1
425,11,-0.718975,0.087702,-0.367972,-0.239366,-0.280463,1,1
416,11,-0.725114,0.229870,-0.242550,-0.199468,-0.137078,1,1
424,11,-0.716819,0.088677,-0.291246,-0.175030,-0.293131,1,1
433,11,-0.768466,0.214331,-0.387607,-0.168345,-0.287174,1,1
439,11,-0.737875,0.092003,-0.231328,-0.301332,-0.245366,1,1
413,11,-0.687431,0.195723,-0.199227,-0.168142,-0.164013,1,1
408,11,-0.661926,0.242190,-0.173230,-0.199831,-0.126917,1,1
429,11,-0.628446,0.085727,-0.178320,-0.341931,-0.151506,1,1
417,11,-0.597715,0.203169,-0.277787,-0.196802,-0.123185,1,1
410,11,-0.672605,0.091165,-0.311383,-0.241859,-0.213338,1,1
407,11,-0.696087,0.205957,-0.227259,-0.271135,-0.166806,1,1
421,11,-0.729134,0.168275,-0.336741,-0.225491,-0.254995,1,1
434,11,-0.621088,0.118056,-0.372984,-0.231847,-0.280162,1,1
426,11,-0.692644,0.083111,-0.328806,-0.191481,-0.211842,1,1
419,11,-0.576585,0.177112,-0.311015,-0.176510,-0.142457,1,1
423,11,-0.671745,0.184299,-0.290004,-0.283444,-0.217447,1,1
404,11,-0.698391,0.098115,-0.215416,-0.269384,-0.094646,1,1
432,11,-0.700329,0.070629,-0.334990,-0.207562,-0.276555,1,1
403,11,-0.708132,0.215557,-0.233005,-0.106050,-0.229553,1,1
438,11,-0.734479,0.195874,-0.282357,-0.318443,-0.193108,1,1
435,11,-0.653156,0.158713,-0.312125,-0.288044,-0.209711,1,1
414,11,-0.627213,0.190362,-0.198141,-0.221623,-0.142950,1,1
418,11,-0.742443,0.297376,-0.213275,-0.194688,-0.247673,1,0
428,11,-0.854259,0.119373,-0.277635,-0.261313,-0.277162,0,1
436,11,-0.614795,0.128558,-0.338157,-0.175899,-0.294001,1,1
420,11,-0.713164,0.122496,-0.282680,-0.185366,-0.219644,1,1
437,11,-0.732308,0.210311,-0.313240,-0.186093,-0.213890,1,1
422,11,-0.726740,0.130803,-0.281974,-0.331868,-0.306517,1,1
440,12,-0.730954,0.161791,-0.180832,-0.218916,-0.103939,1,1
450,12,-0.704742,0.277923,-0.174214,-0.212345,-0.076262,1,1
452,12,-0.635403,0.208886,-0.262746,-0.215430,-0.199245,1,1
451,12,-0.721996,0.146888,-0.222901,-0.244607,-0.122521,1,1
442,12,-0.681318,0.213788,-0.173655,-0.216884,-0.167372,1,1
465,12,-0.696359,0.130653,-0.260523,-0.258924,-0.193404,1,1
441,12,-0.804910,0.145553,-0.315471,-0.160798,-0.227042,1,1
455,12,-0.703200,0.209063,-0.181817,-0.227061,-0.134137,1,1
475,12,-0.693543,0.126361,-0.247459,-0.297286,-0.267878,1,1
445,12,-0.694889,0.233803,-0.334822,-0.238591,-0.183302,1,1
460,12,-0.696266,0.139518,-0.325604,-0.257712,-0.261587,1,1
449,12,-0.731407,0.253264,-0.275413,-0.282783,-0.116372,1,1
457,12,-0.619633,0.322127,-0.204150,-0.246664,-0.141160,1,0
472,12,-0.642844,0.159144,-0.285317,-0.281824,-0.156047,1,1
467,12,-0.696873,0.153940,-0.264671,-0.213446,-0.178699,1,1
447,12,-0.717203,0.180324,-0.198928,-0.259333,-0.194801,1,1
470,12,-0.654673,0.138597,-0.228473,-0.296520,-0.308914,1,1
468,12,-0.651536,0.075117,-0.309107,-0.246513,-0.175161,1,1
474,12,-0.753171,0.204235,-0.290808,-0.320648,-0.246007,1,1
456,12,-0.695167,0.213128,-0.192052,-0.236081,-0.187611,1,1
453,12,-0.723879,0.199592,-0.269115,-0.232006,-0.139951,1,1
473,12,-0.770875,0.156769,-0.228100,-0.268004,-0.330481,1,1
469,12,-0.670125,0.169217,-0.358820,-0.235844,-0.208108,1,1
477,12,-0.721435,0.156919,-0.328539,-0.236562,-0.235644,1,1
454,12,-0.648910,0.206171,-0.305569,-0.148027,-0.213904,1,1
458,12,-0.671968,0.182029,-0.269659,-0.348370,-0.175586,1,1
446,12,-0.660239,0.159575,-0.226800,-0.246712,-0.199210,1,1
463,12,-0.722181,0.169956,-0.311355,-0.254038,-0.216211,1,1
471,12,-0.659977,0.088125,-0.295517,-0.268227,-0.273051,1,1
478,12,-0.764200,0.103783,-0.264843,-0.173009,-0.199065,1,1
476,12,-0.679125,0.161090,-0.213837,-0.354436,-0.230254,1,1
444,12,-0.514551,0.206053,-0.146084,-0.266111,-0.179236,1,0
443,12,-0.654859,0.211441,-0.173585,-0.224553,-0.208005,1,1
448,12,-0.625168,0.291378,-0.216465,-0.246311,-0.288731,1,0
462,12,-0.706087,0.209683,-0.289260,-0.191870,-0.315149,1,1
461,12,-0.676284,0.172302,-0.290773,-0.258195,-0.249113,1,1
466,12,-0.721773,0.084654,-0.248410,-0.301802,-0.193505,1,1
459,12,-0.650158,0.150205,-0.228108,-0.205191,-0.156047,1,1
479,12,-0.694001,0.132361,-0.329902,-0.246312,-0.258405,1,1
464,12,-0.627572,0.134468,-0.273953,-0.268004,-0.166323,1,1
511,13,-0.684033,0.144464,-0.337924,-0.301846,-0.271165,1,1
501,13,-0.596864,0.201411,-0.333377,-0.198998,-0.195947,1,1
480,13,-0.620104,0.267361,-0.280488,-0.226102,-0.213723,1,1
506,13,-0.721253,0.158664,-0.288671,-0.280663,-0.122682,1,1
490,13,-0.672287,0.279893,-0.216430,-0.163926,-0.123072,1,1
498,13,-0.633053,0.154683,-0.301452,-0.139554,-0.233854,1,1
505,13,-0.672625,0.098407,-0.190253,-0.180374,-0.234577,1,1
494,13,-0.714641,0.234760,-0.260447,-0.242392,-0.184611,1,1
486,13,-0.599796,0.187344,-0.243114,-0.183588,-0.230278,1,1
502,13,-0.574095,0.167742,-0.190085,-0.258608,-0.255514,1,1
509,13,-0.660482,0.150296,-0.265356,-0.318012,-0.266498,1,1
492,13,-0.728246,0.276969,-0.159855,-0.193843,-0.160188,1,1
488,13,-0.676234,0.292313,-0.228545,-0.234053,-0.188132,1,0
491,13,-0.672608,0.262150,-0.242655,-0.167518,-0.173244,1,1
517,13,-0.673893,0.109269,-0.268378,-0.275266,-0.154008,1,1
499,13,-0.647842,0.211360,-0.270742,-0.190568,-0.162842,1,1
508,13,-0.663195,0.175751,-0.263639,-0.306442,-0.196395,1,1
500,13,-0.711307,0.165310,-0.321578,-0.198635,-0.256335,1,1
503,13,-0.599841,0.114221,-0.309947,-0.281448,-0.202623,1,1
515,13,-0.639901,0.168829,-0.291204,-0.157525,-0.172467,1,1
495,13,-0.615384,0.216722,-0.146383,-0.174025,-0.114420,1,1
489,13,-0.690738,0.165631,-0.285628,-0.287855,-0.173289,1,1
485,13,-0.576324,0.051216,-0.235140,-0.215836,-0.296548,1,1
484,13,-0.604492,0.179576,-0.215271,-0.287182,-0.170141,1,1
507,13,-0.686287,0.070682,-0.225078,-0.275183,-0.201110,1,1
493,13,-0.601418,0.170842,-0.190164,-0.162298,-0.122048,1,1
513,13,-0.745575,0.029292,-0.330374,-0.258021,-0.280867,0,1
497,13,-0.686290,0.259910,-0.127560,-0.252014,-0.105040,1,1
516,13,-0.716725,0.111132,-0.157188,-0.280930,-0.162863,1,1
487,13,-0.574725,-0.008022,-0.241703,-0.191696,-0.128592,1,0
483,13,-0.641681,0.230632,-0.098045,-0.196500,-0.154785,1,1
482,13,-0.681051,0.308315,-0.268175,-0.115286,-0.228456,1,0
518,13,-0.721175,0.165489,-0.308796,-0.211034,-0.252357,1,1
514,13,-0.583534,0.068649,-0.237657,-0.201449,-0.179475,1,1
504,13,-0.691954,0.093628,-0.264747,-0.198116,-0.218959,1,1
512,13,-0.720711,0.123002,-0.276341,-0.367941,-0.204953,1,1
496,13,-0.626074,0.249099,-0.239892,-0.172476,-0.272594,1,1
481,13,-0.749059,0.159945,-0.269270,-0.140755,-0.201137,1,1
519,13,-0.661338,0.210941,-0.197794,-0.234716,-0.276177,1,1
510,13,-0.676344,0.142515,-0.219572,-0.222469,-0.264192,1,1
552,14,-0.637285,0.217041,-0.233797,-0.265099,-0.174124,1,1
540,14,-0.682553,0.201641,-0.304730,-0.203063,-0.280851,1,1
532,14,-0.588835,0.200981,-0.103981,-0.209580,-0.184270,1,1
547,14,-0.596411,0.227765,-0.290265,-0.274647,-0.188913,1,1
524,14,-0.651722,0.197371,-0.206378,-0.133917,-0.166775,1,1
550,14,-0.661455,0.165480,-0.239381,-0.217020,-0.144777,1,1
523,14,-0.636021,0.257483,-0.239456,-0.165635,-0.184848,1,1
539,14,-0.588699,0.054990,-0.268642,-0.155352,-0.229810,1,1
528,14,-0.636885,0.222890,-0.218786,-0.113414,-0.129343,1,1
525,14,-0.584679,0.249212,-0.187388,-0.202915,-0.105565,1,1
549,14,-0.649746,0.197422,-0.251537,-0.159874,-0.126095,1,1
520,14,-0.618958,0.191885,-0.192240,-0.162715,-0.092479,1,1
535,14,-0.559830,0.318734,-0.328459,-0.226189,-0.272826,1,0
541,14,-0.625320,0.071589,-0.248177,-0.233763,-0.202388,1,1
527,14,-0.572640,0.088105,-0.183416,-0.143742,-0.167224,1,1
543,14,-0.573333,0.173567,-0.255476,-0.249612,-0.215628,1,1
546,14,-0.638132,0.233429,-0.301868,-0.197706,-0.255193,1,1
544,14,-0.651684,0.130367,-0.248744,-0.302788,-0.222605,1,1
531,14,-0.715018,0.199930,-0.156224,-0.215219,-0.175218,1,1
554,14,-0.635829,0.051939,-0.345847,-0.243546,-0.185265,1,1
526,14,-0.700862,0.218247,-0.196941,-0.157528,-0.126344,1,1
551,14,-0.718935,0.093510,-0.230088,-0.186873,-0.173954,1,1
545,14,-0.674228,0.155444,-0.231143,-0.294815,-0.232975,1,1
555,14,-0.636618,0.114228,-0.297373,-0.268289,-0.298791,1,1
542,14,-0.670658,0.190730,-0.338326,-0.155862,-0.232633,1,1
537,14,-0.675620,0.253972,-0.223266,-0.151987,-0.198607,1,1
557,14,-0.644557,0.216983,-0.262560,-0.309650,-0.197581,1,1
533,14,-0.642350,0.168550,-0.291522,-0.158001,-0.259727,1,1
548,14,-0.662231,0.212307,-0.193915,-0.263850,-0.205955,1,1
553,14,-0.551686,0.109040,-0.229354,-0.219284,-0.197896,1,1
534,14,-0.642827,0.180955,-0.164931,-0.168801,-0.150806,1,1
556,14,-0.572881,0.159142,-0.265126,-0.281836,-0.302574,1,1
536,14,-0.609221,0.329994,-0.270961,-0.169687,-0.159959,1,0
558,14,-0.738174,0.142976,-0.275440,-0.184249,-0.237403,1,1
530,14,-0.683701,0.192186,-0.228841,-0.241424,-0.212467,1,1
529,14,-0.653400,0.222038,-0.179203,-0.234286,-0.217700,1,1
559,14,-0.736912,0.208599,-0.168836,-0.286772,-0.273936,1,1
522,14,-0.614212,0.153569,-0.331368,-0.151361,-0.076865,1,1
521,14,-0.584347,0.220944,-0.176729,-0.201240,-0.179277,1,1
538,14,-0.613973,0.167701,-0.140760,-0.202276,-0.143297,1,1
588,15,-0.531038,0.138681,-0.266285,-0.228299,-0.203498,1,1
585,15,-0.674596,0.253603,-0.309500,-0.188227,-0.181070,1,1
577,15,-0.544138,0.123045,-0.182704,-0.208466,-0.273520,1,1
574,15,-0.631172,0.172436,-0.231571,-0.232260,-0.183022,1,1
560,15,-0.729138,0.214725,-0.142361,-0.159103,-0.211404,1,1
584,15,-0.600703,0.119317,-0.271835,-0.239505,-0.185209,1,1
593,15,-0.583185,0.016577,-0.249406,-0.287777,-0.173473,0,1
580,15,-0.665147,0.177877,-0.325018,-0.193655,-0.221962,1,1
590,15,-0.610282,0.137056,-0.280353,-0.210947,-0.228548,1,1
582,15,-0.593734,0.187086,-0.208935,-0.270436,-0.170328,1,1
586,15,-0.663771,0.147865,-0.290391,-0.226354,-0.307105,1,1
581,15,-0.679850,0.119541,-0.355415,-0.147318,-0.255906,1,1
587,15,-0.618620,0.088992,-0.240548,-0.312609,-0.123461,1,1
599,15,-0.662857,0.204411,-0.264749,-0.273117,-0.183363,1,1
589,15,-0.612824,0.191029,-0.256455,-0.259344,-0.263892,1,1
576,15,-0.615356,0.177930,-0.194832,-0.191616,-0.220935,1,1
566,15,-0.535061,0.253073,-0.382029,-0.153704,-0.161811,1,1
561,15,-0.687190,0.292850,-0.141658,-0.214748,-0.118759,1,0
563,15,-0.583905,0.260935,-0.212808,-0.091105,-0.190800,1,1
592,15,-0.572884,0.149503,-0.279387,-0.272260,-0.270266,1,1
569,15,-0.605823,0.286481,-0.227655,-0.264533,-0.190307,1,1
565,15,-0.603735,0.246382,-0.197603,-0.230076,-0.191855,1,1
594,15,-0.598366,0.137345,-0.210106,-0.204608,-0.290964,1,1
583,15,-0.544323,0.155855,-0.246632,-0.187890,-0.211952,1,1
575,15,-0.612612,0.269641,-0.130736,-0.214350,-0.163999,1,1
573,15,-0.559273,0.116880,-0.181667,-0.188691,-0.160440,1,1
596,15,-0.626671,0.138269,-0.236826,-0.169276,-0.182889,1,1
564,15,-0.552191,0.232778,-0.250000,-0.300772,-0.142186,1,1
598,15,-0.642992,0.168958,-0.251278,-0.246689,-0.165514,1,1
595,15,-0.638829,0.180559,-0.284965,-0.191366,-0.140288,1,1
571,15,-0.674760,0.168376,-0.310444,-0.101801,-0.221222,1,1
570,15,-0.652455,0.161588,-0.255860,-0.137922,-0.156506,1,1
591,15,-0.523636,0.221674,-0.229392,-0.233157,-0.191561,1,1
568,15,-0.625225,0.205965,-0.156500,-0.244185,-0.044252,1,1
579,15,-0.619373,0.193411,-0.239785,-0.180274,-0.141837,1,1
572,15,-0.679937,0.145405,-0.182664,-0.174560,-0.110562,1,1
597,15,-0.608416,0.131002,-0.287099,-0.187828,-0.200210,1,1
578,15,-0.492235,0.127490,-0.355603,-0.139388,-0.036261,1,1
567,15,-0.575303,0.221254,-0.294272,-0.160965,-0.153681,1,1
562,15,-0.589871,0.211626,-0.164020,-0.171810,-0.139145,1,1
616,16,-0.560869,0.193279,-0.259032,-0.233255,-0.145557,1,1
624,16,-0.545349,0.137695,-0.211960,-0.192738,-0.195794,1,1
606,16,-0.542900,0.280037,-0.195878,-0.179327,-0.092746,1,0
615,16,-0.546130,0.316904,-0.225415,-0.183879,-0.095231,1,0
625,16,-0.505113,0.173588,-0.190287,-0.145531,-0.089926,1,1
600,16,-0.549030,0.216369,-0.259850,-0.226733,-0.190699,1,1
636,16,-0.621563,0.166458,-0.377310,-0.207308,-0.090533,1,1
605,16,-0.566880,0.193478,-0.155820,-0.238930,-0.083958,1,1
617,16,-0.545043,0.313543,-0.211624,-0.110148,-0.092691,1,0
618,16,-0.503209,0.334937,-0.225985,-0.201222,-0.123574,1,0
639,16,-0.595483,0.184533,-0.317616,-0.310969,-0.187268,1,1
602,16,-0.573919,0.179909,-0.111091,-0.182695,-0.236397,1,1
630,16,-0.677752,0.202331,-0.210405,-0.152223,-0.220200,1,1
620,16,-0.610994,0.199796,-0.227611,-0.291687,-0.170638,1,1
622,16,-0.671189,0.169047,-0.225226,-0.332114,-0.249460,1,1
619,16,-0.609646,0.210386,-0.266921,-0.108059,-0.140201,1,1
634,16,-0.619754,0.155898,-0.210412,-0.272906,-0.147463,1,1
604,16,-0.644901,0.197131,-0.245242,-0.137354,-0.027346,1,1
631,16,-0.533577,0.126227,-0.266170,-0.184361,-0.157205,1,1
635,16,-0.533388,0.075307,-0.200911,-0.209424,-0.196183,1,1
626,16,-0.636875,0.130369,-0.188759,-0.202177,-0.229451,1,1
610,16,-0.567051,0.136609,-0.155640,-0.171013,-0.063961,1,1
638,16,-0.565904,0.184286,-0.259016,-0.270246,-0.192941,1,1
628,16,-0.589817,0.174840,-0.263698,-0.136838,-0.141796,1,1
613,16,-0.568898,0.258634,-0.236853,-0.200062,-0.155829,1,1
611,16,-0.587702,0.214632,-0.195351,-0.148024,-0.162098,1,1
608,16,-0.582915,0.122651,-0.180938,-0.187999,-0.035136,1,1
627,16,-0.714378,0.063391,-0.234442,-0.311243,-0.180521,0,1
609,16,-0.546759,0.237252,-0.138471,-0.200702,-0.067522,1,1
633,16,-0.632411,0.148755,-0.250741,-0.240290,-0.174697,1,1
637,16,-0.645227,0.111266,-0.166037,-0.261466,-0.148602,1,1
621,16,-0.646694,0.146750,-0.262750,-0.214030,-0.069512,1,1
632,16,-0.710709,0.063973,-0.305550,-0.290527,-0.116610,0,1
612,16,-0.540667,0.207720,-0.167349,-0.206736,-0.160541,1,1
601,16,-0.570760,0.247008,-0.195017,-0.108469,-0.160208,1,1
603,16,-0.654290,0.240780,-0.092705,-0.214641,-0.038051,1,1
614,16,-0.574965,0.184934,-0.228302,-0.180675,-0.185739,1,1
629,16,-0.590595,-0.001192,-0.137165,-0.211364,-0.228105,0,1
623,16,-0.594590,0.068324,-0.138068,-0.224904,-0.243614,1,1
607,16,-0.577295,0.223277,-0.192593,-0.139279,-0.140233,1,1
651,17,-0.529170,0.178539,-0.141119,-0.129270,-0.099366,1,1
678,17,-0.539354,0.170297,-0.267366,-0.203500,-0.139367,1,1
648,17,-0.570760,0.222400,-0.165568,-0.130096,-0.114108,1,1
672,17,-0.602979,0.103226,-0.248122,-0.201300,-0.136042,1,1
662,17,-0.610235,0.192680,-0.186692,-0.195178,-0.148309,1,1
643,17,-0.541126,0.192308,-0.154830,-0.215380,-0.135829,1,1
646,17,-0.586997,0.329414,-0.143028,-0.236790,-0.120398,1,0
668,17,-0.622296,0.229307,-0.147669,-0.167825,-0.158490,1,1
653,17,-0.551664,0.215218,-0.096654,-0.166694,-0.113442,1,1
679,17,-0.553245,0.227687,-0.260722,-0.185689,-0.141860,1,1
669,17,-0.631490,0.119843,-0.277700,-0.250139,-0.116006,1,1
677,17,-0.635411,0.119870,-0.276985,-0.258579,-0.129432,1,1
656,17,-0.601847,0.123070,-0.334925,-0.200369,-0.160021,1,1
670,17,-0.661918,0.101137,-0.277177,-0.196538,-0.181594,1,1
674,17,-0.602283,0.165371,-0.145078,-0.087294,-0.237404,1,1
665,17,-0.510773,0.122199,-0.248180,-0.146897,-0.259078,1,1
663,17,-0.609179,0.111076,-0.243413,-0.159016,-0.221466,1,1
649,17,-0.551918,0.221704,-0.151269,-0.090749,-0.136359,1,1
673,17,-0.660008,0.077768,-0.212459,-0.168336,-0.262827,0,1
645,17,-0.587938,0.134342,-0.167842,-0.210923,-0.195085,1,1
658,17,-0.503901,0.132740,-0.249386,-0.045160,-0.159574,1,1
642,17,-0.613217,0.148812,-0.142400,-0.186723,-0.146304,1,1
664,17,-0.652809,0.195262,-0.211448,-0.188141,-0.107538,1,1
654,17,-0.490459,0.146114,-0.229201,-0.141879,-0.090412,1,1
661,17,-0.617626,0.133961,-0.275951,-0.198040,-0.207522,1,1
644,17,-0.612240,0.127643,-0.148363,-0.147543,-0.125341,1,1
652,17,-0.521859,0.264108,-0.200709,-0.236919,-0.195431,1,1
675,17,-0.529848,0.194722,-0.254520,-0.230000,-0.131762,1,1
657,17,-0.624706,0.184774,-0.180099,-0.208489,-0.126756,1,1
640,17,-0.613141,0.172746,-0.130308,-0.132727,-0.137815,1,1
641,17,-0.588643,0.160258,-0.139852,-0.112017,-0.183942,1,1
667,17,-0.584464,0.127698,-0.234253,-0.138243,-0.173959,1,1
676,17,-0.607226,0.233346,-0.185805,-0.252474,-0.156015,1,1
659,17,-0.464651,0.178629,-0.091818,-0.168610,-0.158154,1,1
666,17,-0.662497,0.135417,-0.321946,-0.202005,-0.251955,1,1
671,17,-0.598483,0.192374,-0.229643,-0.231837,-0.216291,1,1
660,17,-0.537411,0.077212,-0.140361,-0.206401,-0.152734,1,1
647,17,-0.618301,0.141787,-0.169877,-0.157355,-0.093648,1,1
655,17,-0.630929,0.257774,-0.187575,-0.143148,-0.048947,1,1
650,17,-0.558893,0.175252,-0.169114,-0.171613,-0.110431,1,1
709,18,-0.584301,0.154147,-0.215051,-0.132706,-0.185313,1,1
694,18,-0.502279,0.195343,-0.158809,-0.119112,-0.088781,1,1
699,18,-0.578748,0.170759,-0.182740,-0.201993,-0.066591,1,1
684,18,-0.568399,0.134543,-0.152745,-0.178373,-0.200847,1,1
691,18,-0.493404,0.178763,-0.204923,-0.133359,-0.054282,1,1
696,18,-0.492884,0.207731,-0.109163,-0.112851,-0.074628,1,1
700,18,-0.572788,0.172737,-0.232378,-0.271063,-0.189799,1,1
685,18,-0.586496,0.255904,-0.180804,-0.187407,-0.239325,1,1
697,18,-0.523522,0.203440,-0.141198,-0.196259,-0.143686,1,1
713,18,-0.661160,0.026399,-0.255809,-0.277721,-0.104035,0,1
687,18,-0.467483,0.159479,-0.242070,-0.208859,-0.158987,1,1
714,18,-0.600567,0.078245,-0.152283,-0.180838,-0.197751,1,1
689,18,-0.532626,0.130922,-0.163809,-0.048250,-0.076542,1,1
707,18,-0.642854,0.154171,-0.197791,-0.264144,-0.235227,1,1
701,18,-0.531973,0.189003,-0.198158,-0.220202,-0.157337,1,1
693,18,-0.570932,0.163055,-0.142335,-0.106057,-0.126641,1,1
712,18,-0.620898,0.223564,-0.236175,-0.225428,-0.196731,1,1
716,18,-0.605846,0.223394,-0.188169,-0.223323,-0.163901,1,1
681,18,-0.540746,0.236282,-0.156807,-0.168651,-0.135857,1,1
690,18,-0.534591,0.161125,-0.190557,-0.079841,-0.103587,1,1
708,18,-0.659224,0.106129,-0.218295,-0.131455,-0.203588,0,1
704,18,-0.528544,0.125688,-0.201245,-0.179519,-0.139713,1,1
686,18,-0.597745,0.070774,-0.205611,-0.111255,-0.132343,1,1
695,18,-0.530700,0.235785,-0.203645,-0.135800,-0.151090,1,1
683,18,-0.570309,0.202130,-0.151956,-0.102975,-0.105241,1,1
682,18,-0.598218,0.143987,-0.172432,-0.187044,-0.040384,1,1
692,18,-0.516405,0.302295,-0.145355,-0.124050,-0.129205,1,0
688,18,-0.492661,0.200280,-0.134736,-0.304264,-0.117718,1,1
702,18,-0.628336,0.153341,-0.303378,-0.151994,-0.152828,1,1
719,18,-0.517551,0.230762,-0.301183,-0.222134,-0.159524,1,1
680,18,-0.459327,0.212283,-0.128181,-0.250250,-0.205728,1,0
715,18,-0.550512,0.194277,-0.135874,-0.153826,-0.156441,1,1
706,18,-0.508868,0.050416,-0.184101,-0.260342,-0.134958,1,1
717,18,-0.531121,0.134272,-0.094199,-0.222405,-0.220476,1,1
710,18,-0.511668,0.160424,-0.243099,-0.190394,-0.141849,1,1
698,18,-0.568443,0.246920,-0.146992,-0.068840,-0.129913,1,1
718,18,-0.610530,0.153267,-0.188258,-0.173591,-0.095598,1,1
703,18,-0.661392,0.122951,-0.187017,-0.147970,-0.183221,1,1
705,18,-0.658017,0.147584,-0.212051,-0.294610,-0.214765,1,1
711,18,-0.510627,0.093144,-0.204050,-0.244375,-0.159727,1,1
746,19,-0.449542,0.203853,-0.223895,-0.175779,-0.146598,1,1
740,19,-0.598300,0.099080,-0.149318,-0.226856,-0.211385,1,1
725,19,-0.557298,0.228226,-0.262820,-0.135345,-0.100335,1,1
736,19,-0.594976,0.223857,-0.223949,-0.189663,-0.125549,1,1
757,19,-0.673788,0.146853,-0.336170,-0.241572,-0.131328,0,1
748,19,-0.541578,0.241734,-0.274599,-0.203466,-0.209432,1,1
752,19,-0.497860,0.072710,-0.206100,-0.188907,-0.174144,1,1
756,19,-0.578194,0.023811,-0.180553,-0.175943,-0.184642,0,1
738,19,-0.464814,0.195171,-0.205317,-0.155032,-0.093359,1,1
759,19,-0.659397,0.132673,-0.203752,-0.204578,-0.205082,1,1
739,19,-0.605789,0.129519,-0.246201,-0.157025,-0.068773,1,1
728,19,-0.530499,0.189958,-0.111665,-0.138026,-0.083442,1,1
743,19,-0.548332,0.109952,-0.290797,-0.031902,-0.096543,1,1
730,19,-0.587788,0.071687,-0.249589,-0.082409,-0.091301,1,1
735,19,-0.568527,0.064304,-0.197384,-0.084981,-0.107870,1,1
737,19,-0.406784,0.241944,-0.206005,-0.170056,-0.079096,1,0
722,19,-0.513832,0.241239,-0.203841,-0.108262,-0.119223,1,1
742,19,-0.557834,0.106718,-0.241185,-0.141431,-0.221472,1,1
749,19,-0.503039,0.158152,-0.213491,-0.228979,-0.174252,1,1
729,19,-0.441222,0.129028,-0.121374,-0.249187,-0.134843,1,1
721,19,-0.629861,0.254262,-0.132264,-0.127415,-0.111106,1,1
726,19,-0.525875,0.220497,-0.256701,-0.268096,-0.161700,1,1
723,19,-0.608252,0.124304,-0.115661,-0.115261,-0.148509,1,1
747,19,-0.530917,0.223340,-0.257902,-0.173536,-0.224311,1,1
731,19,-0.527086,0.227174,-0.241670,-0.232810,-0.137511,1,1
734,19,-0.515044,0.141710,-0.101849,-0.278547,-0.124105,1,1
732,19,-0.429110,0.177981,-0.146828,-0.122033,-0.130292,1,0
727,19,-0.519573,0.217608,-0.249833,-0.149801,-0.160866,1,1
720,19,-0.626509,0.190577,-0.055282,-0.138750,-0.110848,1,1
758,19,-0.547754,0.079086,-0.176198,-0.162398,-0.118202,1,1
753,19,-0.566408,0.097693,-0.273175,-0.254180,-0.075700,1,1
745,19,-0.596370,0.137566,-0.266849,-0.209928,-0.088009,1,1
724,19,-0.494239,0.222695,-0.157378,-0.149573,-0.073913,1,1
751,19,-0.589856,0.134928,-0.257178,-0.223885,-0.196607,1,1
750,19,-0.561351,0.192377,-0.225092,-0.265213,-0.120735,1,1
741,19,-0.596036,0.074843,-0.272026,-0.183788,-0.211084,1,1
754,19,-0.542513,0.135006,-0.223280,-0.190223,-0.129805,1,1
733,19,-0.537785,0.203806,-0.164574,-0.088534,-0.152841,1,1
755,19,-0.689097,0.108661,-0.237022,-0.127690,-0.167878,0,1
744,19,-0.501746,0.130498,-0.170367,-0.221020,-0.145752,1,1
783,20,-0.556194,0.127604,-0.174043,-0.216048,-0.163034,1,1
776,20,-0.514637,0.153419,-0.135500,-0.204127,0.094998,1,1
782,20,-0.485485,0.108634,-0.181396,-0.194283,-0.149568,1,1
771,20,-0.477479,0.239277,-0.128403,-0.221351,-0.141940,1,1
764,20,-0.576827,0.097475,-0.157353,-0.175528,0.008650,1,1
794,20,-0.472836,0.080720,-0.135494,-0.164687,-0.264285,1,1
788,20,-0.578649,0.207913,-0.289270,-0.249457,-0.264817,1,1
791,20,-0.498910,0.128247,-0.313276,-0.180751,-0.104798,1,1
768,20,-0.571391,0.140042,-0.115375,-0.157047,-0.127396,1,1
790,20,-0.611732,0.140625,-0.267884,-0.199101,-0.116441,1,1
786,20,-0.525789,0.168874,-0.200884,-0.173202,-0.156199,1,1
766,20,-0.477985,0.152644,-0.129348,-0.094773,-0.126636,1,1
795,20,-0.537927,0.099257,-0.247218,-0.156130,-0.171499,1,1
779,20,-0.523976,0.174516,-0.140970,-0.187579,-0.156626,1,1
778,20,-0.470796,0.240400,-0.187371,-0.046912,-0.121752,1,1
775,20,-0.510222,0.200634,-0.178504,-0.147385,-0.178419,1,1
761,20,-0.469735,0.232122,-0.188767,-0.068855,-0.059814,1,1
769,20,-0.489785,0.144125,-0.192823,-0.211199,-0.141468,1,1
780,20,-0.602167,0.151127,-0.222645,-0.048041,-0.182406,1,1
773,20,-0.523294,0.225689,-0.232198,-0.166360,-0.116584,1,1
770,20,-0.534364,0.168020,-0.182089,-0.100985,-0.090125,1,1
787,20,-0.611884,0.051972,-0.156827,-0.154630,-0.254444,0,1
762,20,-0.486244,0.182668,-0.177858,-0.236375,-0.145366,1,1
767,20,-0.466162,0.194058,-0.233685,-0.149687,-0.087528,1,1
774,20,-0.494394,0.108711,-0.146334,-0.255610,-0.182701,1,1
763,20,-0.570400,0.221186,-0.150453,-0.196120,-0.192999,1,1
785,20,-0.472064,0.040630,-0.265986,-0.117662,-0.137092,0,1
772,20,-0.465133,0.222137,-0.148737,-0.124036,-0.065874,1,1
789,20,-0.574441,0.040853,-0.218170,-0.200223,-0.193808,0,1
765,20,-0.610544,0.182812,-0.111462,-0.035721,-0.158076,1,1
781,20,-0.535316,0.179906,-0.235657,-0.225442,-0.177037,1,1
799,20,-0.512722,0.137094,-0.302921,-0.170368,-0.052769,1,1
793,20,-0.541693,0.109989,-0.136590,-0.203716,-0.154717,1,1
760,20,-0.483526,0.173207,-0.202673,-0.194872,-0.084746,1,1
777,20,-0.543740,0.266305,-0.117866,-0.151695,-0.117899,1,1
784,20,-0.533444,0.149329,-0.239545,-0.110102,-0.071906,1,1
792,20,-0.592220,0.235849,-0.219488,-0.163675,-0.182518,1,1
798,20,-0.521710,0.121298,-0.310890,-0.151816,-0.147221,1,1
796,20,-0.621967,0.170049,-0.243454,-0.202285,-0.168984,1,1
797,20,-0.546308,0.111488,-0.161724,-0.186432,-0.175183,1,1
818,21,-0.610522,0.240997,-0.210591,-0.108528,-0.039756,1,1
802,21,-0.520402,0.206175,-0.086914,-0.184235,-0.087185,1,1
831,21,-0.549395,0.092196,-0.221961,-0.091258,-0.133772,1,1
808,21,-0.495249,0.258940,-0.168193,-0.016741,-0.118376,1,1
819,21,-0.515847,0.194175,-0.164612,-0.209526,-0.053896,1,1
809,21,-0.527109,0.130649,-0.129563,-0.143749,-0.118306,1,1
825,21,-0.534189,0.113559,-0.229848,-0.219837,-0.154645,1,1
837,21,-0.522815,0.178781,-0.161327,-0.164193,-0.291332,1,1
807,21,-0.600109,0.124855,-0.188051,-0.121210,-0.128450,1,1
824,21,-0.547763,0.138556,-0.145759,-0.234159,-0.167428,1,1
816,21,-0.484082,0.177794,-0.126442,-0.131641,-0.081493,1,1
839,21,-0.592980,0.162062,-0.254971,-0.220243,-0.101690,1,1
804,21,-0.492457,0.135569,-0.107149,-0.116523,-0.117939,1,1
838,21,-0.601411,0.133470,-0.227430,-0.145425,-0.023940,1,1
833,21,-0.645716,0.257692,-0.093939,-0.209301,-0.180689,0,1
805,21,-0.594693,0.250009,-0.143745,-0.187078,-0.034664,1,1
801,21,-0.536776,0.237433,-0.209205,-0.161573,-0.187620,1,1
835,21,-0.584467,0.121000,-0.150716,-0.160226,-0.097631,1,1
827,21,-0.642985,0.089860,-0.090439,-0.212003,-0.204515,0,1
828,21,-0.510910,0.160662,-0.230875,-0.257532,-0.082535,1,1
832,21,-0.582076,0.087312,-0.253618,-0.209777,-0.176849,1,1
829,21,-0.580463,0.123397,-0.264183,-0.209112,-0.149561,1,1
836,21,-0.571804,0.185570,-0.154161,-0.122238,-0.173363,1,1
803,21,-0.557035,0.207371,-0.190671,-0.136346,-0.143349,1,1
822,21,-0.430309,0.058949,-0.201139,-0.143847,-0.177795,0,1
814,21,-0.481400,0.267361,-0.173745,-0.138997,-0.029476,1,1
823,21,-0.565923,0.140994,-0.159381,-0.174985,-0.138070,1,1
815,21,-0.478092,0.188403,-0.173270,-0.175857,-0.202138,1,1
813,21,-0.564689,0.203916,-0.132923,-0.116968,-0.143321,1,1
800,21,-0.441808,0.189254,-0.164882,-0.089272,-0.081250,1,1
806,21,-0.553221,0.194022,-0.136278,-0.119054,-0.084379,1,1
810,21,-0.467415,0.190391,-0.157889,-0.147994,-0.200239,1,1
826,21,-0.494003,0.289369,-0.141910,-0.059181,-0.137314,1,1
830,21,-0.630258,0.149246,-0.217967,-0.215070,-0.142047,1,1
817,21,-0.457986,0.174437,-0.105259,-0.164460,-0.158517,1,1
820,21,-0.531173,0.129462,-0.169516,-0.269122,-0.211777,1,1
811,21,-0.502620,0.203573,-0.202402,-0.099993,-0.058999,1,1
812,21,-0.466444,0.142625,-0.165373,-0.190221,-0.150766,1,1
834,21,-0.654125,0.202989,-0.139943,-0.169870,-0.175841,0,1
821,21,-0.505411,0.184045,-0.175570,-0.221233,-0.181225,1,1
845,22,-0.490548,0.155959,-0.086036,-0.145504,-0.112520,1,1
851,22,-0.511252,0.156472,-0.184468,-0.039698,-0.139009,1,1
866,22,-0.637953,0.139543,-0.151294,-0.225418,-0.127298,0,1
863,22,-0.520410,0.099526,-0.198928,-0.198539,-0.195365,1,1
843,22,-0.413279,0.248238,-0.217474,-0.107295,-0.114202,1,1
840,22,-0.459211,0.229298,-0.163025,-0.124240,-0.098072,1,1
862,22,-0.472844,0.111550,-0.261803,-0.073876,-0.077967,1,1
877,22,-0.495421,0.205670,-0.225446,-0.152954,-0.063181,1,1
848,22,-0.562524,0.169743,-0.155490,-0.152441,-0.061856,1,1
878,22,-0.480946,0.087054,-0.183174,-0.077773,-0.126124,1,1
874,22,-0.562430,0.077922,-0.200408,-0.188385,-0.144190,1,1
864,22,-0.565002,0.187425,-0.217518,-0.042380,-0.090328,1,1
875,22,-0.525288,0.145726,-0.124198,-0.030959,-0.065898,1,1
841,22,-0.507889,0.192400,-0.120136,-0.147129,-0.098751,1,1
872,22,-0.564873,0.065050,-0.257055,-0.253384,-0.177475,0,1
852,22,-0.520001,0.188035,-0.169304,-0.097907,-0.085311,1,1
873,22,-0.572122,0.202887,-0.170641,-0.174272,-0.048968,1,1
871,22,-0.527253,0.120191,-0.241176,-0.222750,-0.131132,1,1
859,22,-0.494186,0.150167,-0.174984,-0.114869,-0.070634,1,1
867,22,-0.495696,0.117876,-0.274008,-0.132447,-0.137902,1,1
850,22,-0.429741,0.217736,-0.173963,-0.078526,-0.088058,1,1
854,22,-0.455324,0.101814,-0.189383,-0.168071,0.053548,1,1
856,22,-0.485572,0.227423,-0.078185,-0.201666,-0.094696,1,1
865,22,-0.600732,0.071788,-0.237045,-0.105311,-0.228418,0,1
853,22,-0.547842,0.210216,-0.180471,-0.145154,-0.197456,1,1
860,22,-0.473141,0.135247,-0.277337,-0.131942,-0.168375,1,1
857,22,-0.478558,0.215156,-0.228888,-0.156377,-0.021334,1,1
858,22,-0.438015,0.149284,-0.254053,-0.040557,0.009445,1,1
847,22,-0.452692,0.140507,-0.075581,-0.065686,-0.205925,1,1
870,22,-0.552346,0.157217,-0.154144,-0.175104,-0.207818,1,1
846,22,-0.509360,0.167015,-0.243260,-0.171144,-0.049971,1,1
876,22,-0.557729,0.120980,-0.188444,-0.144274,-0.098515,1,1
868,22,-0.456956,0.143675,-0.135880,-0.137168,-0.055347,1,1
842,22,-0.450899,0.225199,-0.153406,-0.101596,-0.089296,1,1
869,22,-0.548058,0.195291,-0.174082,-0.146001,-0.168737,1,1
849,22,-0.517044,0.141417,-0.001046,-0.206036,-0.167261,1,1
855,22,-0.357448,0.216984,-0.048161,-0.015898,0.028759,1,0
879,22,-0.506944,0.221825,-0.193021,-0.101573,-0.077912,1,1
844,22,-0.435298,0.254831,-0.145996,-0.196643,-0.109333,1,1
861,22,-0.414663,0.102636,-0.247723,-0.210661,-0.138160,1,1
918,23,-0.527749,0.184885,-0.161011,-0.183975,-0.098004,1,1
897,23,-0.416008,0.166830,-0.192947,-0.167276,-0.116239,1,1
887,23,-0.447380,0.132317,-0.186564,-0.135950,-0.163806,1,1
919,23,-0.490588,0.167847,-0.290403,-0.118846,-0.087696,1,1
885,23,-0.460697,0.157880,-0.180897,-0.118389,-0.085951,1,1
917,23,-0.477225,0.163435,-0.198029,-0.176415,-0.089082,1,1
892,23,-0.516680,0.222201,-0.162752,-0.051286,-0.127532,1,1
907,23,-0.501445,0.147473,-0.249871,-0.166622,-0.041906,1,1
898,23,-0.417596,0.204499,-0.210061,-0.109088,-0.109344,1,1
909,23,-0.522316,0.176909,-0.289180,-0.230412,-0.126008,1,1
893,23,-0.593908,0.209818,-0.075085,-0.068878,-0.048772,1,1
916,23,-0.463298,0.090993,-0.215192,-0.158997,0.005353,1,1
886,23,-0.481570,0.178213,-0.124211,-0.213715,-0.069320,1,1
905,23,-0.569413,0.172798,-0.212164,-0.149762,-0.138446,1,1
888,23,-0.400177,0.198771,-0.139375,-0.085132,-0.056145,1,1
912,23,-0.455328,0.096732,-0.183598,-0.190666,-0.126266,1,1
880,23,-0.548658,0.165965,-0.131549,-0.075271,-0.161541,1,1
902,23,-0.504949,0.105929,-0.215822,-0.173625,-0.138082,1,1
914,23,-0.457432,0.063479,-0.281368,-0.082173,-0.107458,1,1
906,23,-0.456529,0.109124,-0.289470,-0.175847,-0.171163,1,1
894,23,-0.499711,0.222465,-0.090961,-0.156955,-0.173583,1,1
895,23,-0.438097,0.203134,-0.061064,-0.115444,-0.122628,1,1
891,23,-0.401162,0.102902,-0.140308,-0.093113,-0.122350,1,1
889,23,-0.440907,0.266131,-0.219885,-0.114573,-0.148465,1,1
890,23,-0.489153,0.211664,-0.102218,-0.194292,-0.163484,1,1
901,23,-0.520277,0.147091,-0.180741,-0.137529,-0.134392,1,1
913,23,-0.517837,0.164342,-0.107956,-0.143533,-0.124586,1,1
908,23,-0.520539,0.076699,-0.215989,-0.114274,-0.135268,1,1
903,23,-0.463639,0.180365,-0.074854,-0.186785,-0.131223,1,1
910,23,-0.525221,0.165538,-0.202498,-0.130140,-0.182508,1,1
900,23,-0.535984,0.221664,-0.136218,-0.209359,-0.138688,1,1
896,23,-0.485873,0.146971,-0.094013,-0.071757,-0.144854,1,1
911,23,-0.480913,0.108852,-0.208324,-0.167842,-0.090943,1,1
881,23,-0.453493,0.216468,-0.107282,-0.103719,-0.025189,1,1
899,23,-0.495251,0.167177,-0.158395,-0.102807,-0.102663,1,1
904,23,-0.496255,0.189955,-0.160153,-0.089184,-0.155453,1,1
915,23,-0.528233,0.191242,-0.110909,-0.106207,-0.168788,1,1
883,23,-0.388488,0.142565,-0.141312,-0.018936,-0.133811,1,1
882,23,-0.412511,0.166709,-0.125427,-0.087782,-0.082857,1,1
884,23,-0.413017,0.172862,-0.185335,-0.136716,-0.091937,1,1
935,24,-0.491736,0.277508,-0.155310,-0.168736,-0.303605,1,1
950,24,-0.494558,0.133063,-0.131696,-0.182281,-0.155680,1,1
945,24,-0.437597,0.159372,-0.109826,-0.060519,-0.108591,1,1
952,24,-0.571241,0.161014,-0.231245,-0.098075,-0.135307,1,1
954,24,-0.643754,0.153045,-0.216925,-0.169981,-0.163581,0,1
920,24,-0.383737,0.157403,-0.130728,-0.014283,-0.044967,1,1
932,24,-0.447524,0.218467,-0.149016,-0.049266,-0.015099,1,1
927,24,-0.520825,0.173018,-0.043304,-0.082876,-0.125244,1,1
924,24,-0.367753,0.128839,-0.129305,-0.052101,-0.017726,1,1
947,24,-0.473775,0.122531,-0.167568,-0.052759,-0.180637,1,1
942,24,-0.452030,0.054115,-0.111309,-0.147273,-0.051662,1,1
937,24,-0.381311,0.258249,-0.047707,-0.086522,-0.108559,1,1
922,24,-0.441064,0.218932,-0.159835,-0.152174,-0.130592,1,1
933,24,-0.503070,0.241291,-0.162027,-0.184993,-0.121354,1,1
936,24,-0.479274,0.123515,-0.152097,-0.131577,-0.034229,1,1
948,24,-0.472767,0.159233,-0.162370,-0.188542,-0.049628,1,1
938,24,-0.462536,0.180977,-0.167073,-0.112213,-0.146756,1,1
949,24,-0.459060,0.138960,-0.243675,-0.173127,-0.083101,1,1
959,24,-0.530700,0.196072,-0.228833,-0.152497,-0.109105,1,1
957,24,-0.507361,0.181970,-0.127589,-0.124286,-0.105396,1,1
953,24,-0.500840,0.074259,-0.170486,-0.134852,-0.140336,1,1
956,24,-0.440626,0.191622,-0.194610,-0.133030,-0.093019,1,1
944,24,-0.453509,0.176249,-0.184583,-0.155263,-0.216676,1,1
928,24,-0.487370,0.175698,-0.101808,-0.101350,-0.063681,1,1
958,24,-0.470213,0.114019,-0.273420,-0.130202,-0.083679,1,1
934,24,-0.458423,0.244193,-0.213217,-0.079086,-0.065806,1,1
939,24,-0.501951,0.212910,-0.119015,-0.111403,-0.068332,1,1
946,24,-0.503258,0.206298,-0.104875,-0.123978,-0.137936,1,1
955,24,-0.334871,0.110325,-0.189789,-0.155348,-0.218109,0,1
951,24,-0.494490,0.150002,-0.110246,-0.121850,-0.104222,1,1
941,24,-0.394465,0.164546,-0.216441,-0.026421,-0.058396,1,1
931,24,-0.437986,0.128380,-0.023264,-0.006010,-0.138122,1,1
921,24,-0.422174,0.218752,-0.046569,-0.078221,-0.089435,1,1
926,24,-0.512478,0.169880,-0.200967,-0.050524,-0.098472,1,1
923,24,-0.479671,0.204086,-0.272512,-0.168162,-0.083322,1,1
943,24,-0.450115,0.161647,-0.245777,-0.108175,-0.142067,1,1
930,24,-0.537552,0.186822,-0.124022,-0.113702,-0.139461,1,1
925,24,-0.496906,0.156576,-0.116517,-0.161392,-0.124838,1,1
929,24,-0.448449,0.207114,-0.105935,-0.153592,-0.117936,1,1
940,24,-0.538619,0.195154,-0.279976,-0.011623,-0.156651,1,1
982,25,-0.492960,0.176313,-0.162644,-0.147182,-0.093904,1,1
986,25,-0.446468,0.208092,-0.106073,-0.101998,-0.091301,1,1
988,25,-0.399105,0.087486,-0.303497,-0.107979,-0.070620,1,1
991,25,-0.461893,0.225040,-0.130422,-0.219286,-0.107663,1,1
998,25,-0.331461,0.132607,-0.206066,-0.102612,-0.127911,1,1
969,25,-0.545822,0.187722,-0.039848,-0.021548,-0.048328,1,1
995,25,-0.361956,0.158199,-0.147911,-0.030401,0.005783,1,1
966,25,-0.524003,0.185082,-0.114981,-0.146430,-0.041086,1,1
963,25,-0.483337,0.241484,-0.107390,-0.082937,-0.096163,1,1
964,25,-0.461695,0.177647,-0.180182,-0.091759,-0.098823,1,1
997,25,-0.526790,0.192480,-0.237838,-0.188190,-0.136036,1,1
973,25,-0.457700,0.200787,-0.094972,-0.148450,-0.101456,1,1
999,25,-0.429309,0.077087,-0.275599,-0.141408,-0.192498,1,1
960,25,-0.372635,0.205764,-0.082398,-0.053041,-0.053178,1,1
981,25,-0.455219,0.136369,-0.159883,-0.192638,-0.138802,1,1
961,25,-0.495672,0.186889,-0.154844,-0.063971,-0.134158,1,1
974,25,-0.380793,0.156866,-0.097088,-0.055114,-0.136504,1,1
977,25,-0.515593,0.240162,-0.172473,-0.147514,-0.042419,1,1
978,25,-0.416566,0.148759,-0.231412,-0.170630,-0.024869,1,1
996,25,-0.462714,0.099827,-0.167887,-0.160467,-0.183304,1,1
962,25,-0.502812,0.184950,-0.191030,-0.059715,-0.080843,1,1
980,25,-0.414017,0.158983,-0.126310,-0.156166,-0.121888,1,1
965,25,-0.486483,0.181968,-0.116411,-0.077255,-0.035680,1,1
985,25,-0.457899,0.206207,-0.211268,-0.132889,-0.091525,1,1
984,25,-0.538153,0.114693,-0.231484,-0.112540,-0.116339,1,1
993,25,-0.529324,0.186839,-0.196584,-0.072727,-0.108123,1,1
975,25,-0.449671,0.202590,-0.046835,-0.120323,-0.067335,1,1
990,25,-0.499683,0.142710,-0.179180,-0.205912,-0.069100,1,1
983,25,-0.439825,0.166971,-0.110802,-0.163460,-0.071825,1,1
994,25,-0.424603,0.187610,-0.129040,0.017027,-0.108724,1,1
971,25,-0.453968,0.219136,-0.158386,-0.040157,-0.041519,1,1
967,25,-0.431153,0.217269,-0.142136,-0.101241,-0.116384,1,1
987,25,-0.462393,0.175620,-0.144383,-0.097785,-0.070855,1,1
972,25,-0.419391,0.268806,-0.073007,-0.040372,-0.054140,1,1
989,25,-0.413460,0.202532,-0.073538,-0.118282,-0.020461,1,1
992,25,-0.470206,0.156614,-0.241664,-0.173618,-0.045938,1,1
979,25,-0.437273,0.135866,-0.096423,-0.079979,-0.031734,1,1
970,25,-0.454916,0.256237,-0.117224,-0.169951,-0.227317,1,1
968,25,-0.477343,0.256043,-0.142472,-0.049547,-0.090554,1,1
976,25,-0.478602,0.213797,-0.058915,-0.115310,-0.138787,1,1
1036,26,-0.437519,0.168838,-0.077587,-0.151622,-0.100992,1,1
1017,26,-0.454131,0.215263,-0.157711,-0.106579,-0.056755,1,1
1028,26,-0.479146,0.181058,-0.260309,-0.055412,-0.054714,1,1
1019,26,-0.452215,0.083813,-0.127127,-0.093439,-0.110388,1,1
1000,26,-0.417004,0.198383,-0.107079,-0.146386,-0.144759,1,1
1016,26,-0.390662,0.273612,-0.151303,-0.069160,-0.145459,1,1
1007,26,-0.442798,0.302259,-0.146547,-0.109602,-0.077017,1,1
1015,26,-0.422106,0.189853,-0.163893,-0.045393,-0.068769,1,1
1014,26,-0.403006,0.169476,-0.131260,-0.131981,-0.114284,1,1
1038,26,-0.439018,0.110020,-0.228595,-0.175438,-0.212334,1,1
1006,26,-0.442830,0.206982,-0.108711,-0.077537,-0.090947,1,1
1008,26,-0.397241,0.170835,-0.157164,-0.109748,-0.026689,1,1
1023,26,-0.456261,0.152112,-0.195817,0.016115,-0.131892,1,1
1012,26,-0.480982,0.044438,-0.033934,-0.095111,-0.153406,1,1
1003,26,-0.473256,0.318953,-0.068318,-0.089602,-0.088614,1,0
1001,26,-0.489222,0.213563,-0.136812,-0.067865,-0.007175,1,1
1013,26,-0.389785,0.170527,-0.149529,-0.127298,-0.061273,1,1
1009,26,-0.516149,0.150954,-0.107694,-0.161356,-0.055162,1,1
1018,26,-0.389622,0.138657,-0.153664,-0.046657,-0.005762,1,1
1024,26,-0.402257,0.109543,-0.149546,-0.150589,-0.101466,1,1
1002,26,-0.392732,0.184224,-0.084983,-0.087893,-0.104581,1,1
1010,26,-0.406732,0.156133,-0.096995,-0.008222,-0.100464,1,1
1031,26,-0.349200,0.155234,-0.055263,-0.166102,-0.039648,1,1
1030,26,-0.402692,0.125724,-0.104752,-0.157568,-0.011053,1,1
1011,26,-0.437349,0.173234,-0.096393,-0.103594,-0.018383,1,1
1029,26,-0.414162,0.147676,-0.142279,-0.038940,0.012634,1,1
1025,26,-0.488210,0.123282,-0.147565,-0.043503,-0.122313,1,1
1027,26,-0.399520,0.238512,-0.112847,-0.156455,-0.256970,1,1
1034,26,-0.364638,0.213756,-0.140967,-0.104606,-0.161474,1,1
1021,26,-0.535514,0.159841,-0.083945,-0.147315,-0.032154,1,1
1032,26,-0.464712,0.144990,-0.046118,-0.131587,-0.156344,1,1
1039,26,-0.449580,0.190274,-0.181597,-0.123856,-0.062444,1,1
1022,26,-0.471463,0.100700,-0.204470,-0.152166,-0.141976,1,1
1035,26,-0.419772,0.087378,-0.179914,-0.152519,-0.065091,1,1
1037,26,-0.467218,0.137182,-0.103469,-0.154955,-0.100795,1,1
1005,26,-0.462788,0.212858,-0.109818,-0.037587,-0.071634,1,1
1004,26,-0.442483,0.211460,-0.138236,-0.042401,-0.077545,1,1
1033,26,-0.422608,0.143803,-0.215272,-0.160602,-0.150003,1,1
1026,26,-0.366868,0.191328,-0.142940,-0.145284,-0.105814,1,1
1020,26,-0.484002,0.183384,-0.233188,-0.058265,-0.141192,1,1
1046,27,-0.433540,0.205384,-0.167812,-0.143964,-0.106622,1,1
1053,27,-0.302173,0.240748,-0.080245,-0.171884,-0.008972,1,0
1056,27,-0.398661,0.197829,-0.063944,-0.056544,-0.125554,1,1
1050,27,-0.360796,0.092025,-0.142306,-0.082424,-0.076144,1,1
1055,27,-0.474765,0.257430,-0.113825,-0.032540,-0.073053,1,1
1074,27,-0.478660,0.191202,-0.169558,-0.084013,-0.141636,1,1
1069,27,-0.442490,0.210871,-0.165135,-0.099338,-0.103712,1,1
1075,27,-0.465033,0.109066,-0.170321,-0.095721,-0.101328,1,1
1058,27,-0.397495,0.224319,-0.146277,-0.066149,-0.124642,1,1
1073,27,-0.364164,0.146770,-0.190977,-0.067536,-0.102045,1,1
1070,27,-0.442944,0.126103,-0.178782,-0.134997,-0.121830,1,1
1052,27,-0.363877,0.193164,-0.084695,-0.086124,-0.117982,1,1
1057,27,-0.449030,0.136647,-0.081782,-0.135653,-0.102236,1,1
1063,27,-0.535070,0.172788,-0.169013,-0.099657,-0.066154,1,1
1066,27,-0.439700,0.167823,-0.190663,-0.173107,-0.144968,1,1
1045,27,-0.423132,0.251825,-0.063933,-0.018336,-0.002074,1,1
1072,27,-0.423898,0.203795,-0.179810,-0.131197,-0.089926,1,1
1049,27,-0.424374,0.213677,-0.121383,-0.093240,-0.067424,1,1
1060,27,-0.382682,0.135010,-0.119285,-0.247320,-0.100944,1,1
1065,27,-0.468205,0.207353,-0.064035,-0.151291,-0.104804,1,1
1067,27,-0.485068,0.078250,-0.149019,-0.136657,-0.103077,1,1
1077,27,-0.425381,0.124351,-0.052613,-0.167458,-0.028145,1,1
1061,27,-0.403428,0.179361,-0.207655,-0.138772,-0.068521,1,1
1043,27,-0.450489,0.180984,-0.139913,-0.186561,0.033230,1,1
1068,27,-0.445627,0.067973,0.009538,-0.103323,-0.019804,1,1
1054,27,-0.482142,0.123969,-0.096926,-0.039978,-0.066816,1,1
1040,27,-0.401092,0.139304,-0.051301,-0.083094,-0.059882,1,1
1041,27,-0.482918,0.201910,-0.069753,-0.120257,-0.054692,1,1
1044,27,-0.360980,0.095419,-0.094730,-0.055902,-0.114922,1,1
1047,27,-0.349098,0.212563,-0.080770,-0.037971,-0.029678,1,1
1076,27,-0.389599,0.163846,-0.093873,-0.089576,-0.053100,1,1
1064,27,-0.512391,0.183448,-0.089718,-0.101180,-0.087479,1,1
1059,27,-0.420438,0.167163,-0.090163,-0.131155,-0.020973,1,1
1071,27,-0.430265,0.112974,-0.133017,-0.102101,-0.135603,1,1
1079,27,-0.461314,0.114410,-0.115441,-0.095066,-0.075218,1,1
1048,27,-0.482342,0.254436,-0.093349,-0.126338,-0.061592,1,1
1062,27,-0.475367,0.165480,-0.147536,-0.098707,-0.103087,1,1
1051,27,-0.386315,0.190809,-0.195081,-0.157735,-0.120960,1,1
1078,27,-0.440341,0.150681,-0.189794,-0.157850,-0.022914,1,1
1042,27,-0.423605,0.092942,-0.049702,-0.134700,-0.096140,1,1
1094,28,-0.356813,0.143703,-0.060715,-0.040815,-0.038592,1,1
1081,28,-0.372929,0.230781,-0.125358,-0.051582,-0.131868,1,1
1106,28,-0.507381,0.167225,-0.144802,-0.113524,-0.121546,1,1
1093,28,-0.455167,0.225914,-0.153622,-0.099031,-0.041534,1,1
1105,28,-0.352948,0.134337,-0.121393,-0.122563,-0.073002,1,1
1108,28,-0.415070,0.137025,-0.136902,-0.067043,-0.088952,1,1
1097,28,-0.439471,0.204449,-0.014520,-0.134571,-0.012589,1,1
1117,28,-0.382174,0.092530,-0.066864,-0.095882,-0.082052,1,1
1115,28,-0.403993,0.241832,-0.180079,-0.151985,-0.038120,1,1
1090,28,-0.348843,0.150135,-0.191239,-0.077930,-0.062851,1,1
1086,28,-0.443874,0.181614,-0.069888,-0.069986,-0.076159,1,1
1113,28,-0.446629,0.146761,-0.277398,-0.083033,-0.137758,1,1
1102,28,-0.449327,0.135006,-0.136433,-0.034280,-0.102050,1,1
1080,28,-0.408956,0.279849,-0.014520,-0.131754,0.014844,1,1
1096,28,-0.427554,0.307773,-0.079489,-0.036256,0.032978,1,0
1114,28,-0.453978,0.165175,-0.189700,-0.038066,-0.156181,1,1
1087,28,-0.426511,0.216846,-0.101822,-0.095385,-0.011234,1,1
1098,28,-0.402316,0.124124,-0.106107,-0.031340,-0.111787,1,1
1100,28,-0.501023,0.142472,-0.207840,-0.184995,-0.111841,1,1
1104,28,-0.418941,0.184510,-0.075979,-0.070341,-0.002770,1,1
1092,28,-0.366025,0.208088,-0.142346,0.009807,0.006822,1,1
1119,28,-0.530897,0.224896,-0.186859,-0.085275,-0.061176,1,1
1103,28,-0.470779,0.090401,-0.033020,-0.147973,-0.117984,1,1
1085,28,-0.307697,0.233181,-0.136169,-0.146557,-0.160973,1,1
1112,28,-0.427581,0.224702,-0.156565,-0.066648,-0.034171,1,1
1095,28,-0.389320,0.216750,-0.097038,-0.049142,-0.115811,1,1
1083,28,-0.366546,0.215138,-0.166920,-0.046661,-0.080607,1,1
1116,28,-0.389833,0.110624,-0.130977,-0.164770,-0.202037,1,1
1107,28,-0.476076,0.170724,-0.146488,-0.077642,-0.061311,1,1
1118,28,-0.444852,0.189237,-0.145798,-0.072129,-0.054693,1,1
1111,28,-0.467615,0.179313,-0.112351,-0.152867,-0.075223,1,1
1091,28,-0.418929,0.187140,-0.045860,-0.043528,-0.049506,1,1
1088,28,-0.366493,0.215518,-0.151397,-0.059641,-0.112504,1,1
1109,28,-0.398811,0.142170,-0.093161,-0.056095,-0.045975,1,1
1084,28,-0.466527,0.135973,-0.101392,-0.096540,-0.077565,1,1
1110,28,-0.435503,0.211134,-0.131116,-0.080881,-0.015388,1,1
1101,28,-0.369888,0.203358,-0.137432,-0.094434,-0.075684,1,1
1089,28,-0.386231,0.126194,-0.090280,-0.093700,-0.060936,1,1
1099,28,-0.355884,0.197892,-0.130853,-0.059273,-0.039518,1,1
1082,28,-0.433536,0.171357,-0.058628,-0.139893,0.037146,1,1
1124,29,-0.336844,0.218774,-0.134680,-0.081220,-0.035639,1,1
1141,29,-0.365235,0.135149,-0.081081,-0.132686,-0.063234,1,1
1132,29,-0.382709,0.252502,-0.179193,-0.147050,-0.040808,1,1
1142,29,-0.435204,0.091953,-0.175518,-0.185301,-0.128237,1,1
1154,29,-0.423120,0.220408,-0.052130,-0.131420,-0.068745,1,1
1140,29,-0.522770,0.138083,-0.170216,-0.076797,-0.128805,0,1
1120,29,-0.326633,0.187196,-0.112793,-0.048092,-0.080481,1,1
1155,29,-0.394342,0.155524,-0.159323,-0.133055,-0.059596,1,1
1144,29,-0.413954,0.155931,-0.098182,-0.097542,-0.080470,1,1
1151,29,-0.476299,0.092803,-0.142921,-0.086740,-0.009689,1,1
1128,29,-0.375625,0.177920,-0.037871,-0.078393,-0.139701,1,1
1131,29,-0.440868,0.287132,-0.108635,-0.047791,-0.152952,1,1
1135,29,-0.431867,0.203672,-0.179401,-0.086344,-0.029415,1,1
1148,29,-0.538217,0.213476,-0.064050,-0.127723,-0.039362,0,1
1143,29,-0.377391,0.101770,-0.149113,-0.092051,-0.070481,1,1
1126,29,-0.335061,0.105705,-0.051082,-0.108212,-0.049106,1,1
1134,29,-0.405572,0.175927,-0.090566,-0.048697,-0.044185,1,1
1133,29,-0.337564,0.176216,-0.103218,-0.123252,-0.021571,1,1
1123,29,-0.313756,0.171368,-0.035631,-0.025572,-0.070511,1,1
1136,29,-0.267449,0.198025,-0.127942,0.025807,0.051753,1,0
1138,29,-0.388857,0.148924,-0.079603,-0.005686,-0.029782,1,1
1127,29,-0.381448,0.225095,-0.016835,0.045044,-0.022163,1,1
1152,29,-0.469028,0.146329,-0.132623,-0.122401,-0.098230,1,1
1147,29,-0.373156,0.209819,-0.122788,-0.085199,-0.129039,1,1
1139,29,-0.311451,0.230166,-0.089955,0.036450,-0.101423,1,1
1153,29,-0.529530,0.101150,-0.201000,-0.145153,-0.051225,0,1
1149,29,-0.451019,0.155647,-0.144706,-0.075454,-0.114644,1,1
1156,29,-0.438523,0.190985,-0.064653,-0.176806,-0.099762,1,1
1150,29,-0.427417,0.122307,-0.129740,-0.165613,-0.161477,1,1
1121,29,-0.340394,0.193833,-0.161832,-0.167091,-0.013584,1,1
1122,29,-0.372749,0.152976,-0.129799,-0.085282,0.086874,1,1
1129,29,-0.354308,0.182630,-0.112010,-0.103927,0.012113,1,1
1157,29,-0.408852,0.153958,-0.165232,-0.104534,-0.077496,1,1
1125,29,-0.423533,0.317426,-0.120470,-0.064295,0.019170,1,0
1145,29,-0.409940,0.184347,-0.127241,-0.135739,-0.139593,1,1
1159,29,-0.355222,0.101072,-0.129329,-0.046518,-0.098824,1,1
1137,29,-0.476251,0.303923,-0.138589,-0.065539,-0.039856,1,0
1158,29,-0.418261,0.186617,-0.149174,-0.042951,0.002737,1,1
1130,29,-0.427204,0.199235,-0.096078,-0.121961,-0.001102,1,1
1146,29,-0.310664,0.107072,-0.111518,-0.187089,-0.010868,1,1
1176,30,-0.314441,0.208890,-0.123025,-0.108414,0.005718,1,1
1188,30,-0.436401,0.128188,-0.125345,-0.097490,-0.064113,1,1
1197,30,-0.275883,0.130659,-0.132078,-0.103112,-0.035825,1,1
1165,30,-0.293381,0.166031,-0.066689,-0.082500,-0.014125,1,1
1185,30,-0.390927,0.166794,-0.184107,-0.157947,-0.153313,1,1
1184,30,-0.379638,0.055484,-0.194364,-0.119464,-0.073685,1,1
1187,30,-0.421563,0.166915,-0.164813,-0.119621,-0.066842,1,1
1168,30,-0.371825,0.168967,-0.074464,-0.033911,-0.013053,1,1
1194,30,-0.451971,0.221962,-0.219637,-0.091172,0.060396,1,1
1195,30,-0.304402,0.192868,-0.094030,0.091817,-0.016687,1,1
1186,30,-0.464188,0.158221,-0.177981,-0.175048,-0.083396,1,1
1191,30,-0.480592,0.062411,-0.119236,-0.146478,-0.082260,0,1
1178,30,-0.428186,0.161507,-0.036704,-0.023710,-0.061225,1,1
1180,30,-0.435184,0.191005,-0.062217,-0.115929,-0.084710,1,1
1190,30,-0.385705,0.239893,-0.166114,-0.136888,-0.024025,1,1
1166,30,-0.295902,0.231080,-0.151261,0.033910,0.041441,1,1
1189,30,-0.423963,0.158016,-0.079615,-0.122769,-0.096278,1,1
1163,30,-0.293045,0.168264,-0.077997,-0.036337,0.015795,1,1
1196,30,-0.366150,0.194883,-0.106780,-0.103649,-0.096871,1,1
1169,30,-0.327452,0.105975,-0.075511,0.013211,-0.047332,1,1
1175,30,-0.328400,0.189692,-0.152253,-0.018010,0.041571,1,1
1182,30,-0.371138,0.116178,-0.092301,-0.188203,-0.002638,1,1
1179,30,-0.412041,0.194253,-0.060215,-0.017160,0.045375,1,1
1193,30,-0.387098,0.246087,-0.165883,-0.132932,-0.224802,1,1
1160,30,-0.365345,0.201506,-0.102377,0.070668,-0.007034,1,1
1170,30,-0.358568,0.170993,-0.095570,-0.031342,0.086362,1,1
1199,30,-0.368853,0.067226,-0.063048,-0.083273,-0.069033,1,1
1181,30,-0.437150,0.164233,-0.044441,-0.087504,0.025750,1,1
1164,30,-0.418609,0.140559,0.004055,-0.014147,-0.097993,1,1
1177,30,-0.272406,0.185787,-0.079601,-0.114901,-0.056137,1,1
1167,30,-0.437560,0.229868,-0.110449,-0.140711,0.014096,1,1
1173,30,-0.249390,0.230441,-0.014120,-0.033109,-0.062240,1,0
1171,30,-0.374985,0.177164,-0.096484,-0.083295,-0.053743,1,1
1192,30,-0.314640,0.073335,-0.071091,-0.168029,-0.019061,1,1
1162,30,-0.324894,0.245735,-0.148821,-0.109773,0.042732,1,1
1172,30,-0.347257,0.180420,-0.053502,-0.097615,-0.075786,1,1
1183,30,-0.460459,0.191801,-0.060480,0.002935,0.007372,1,1
1198,30,-0.412183,0.045955,-0.119964,-0.114232,-0.063921,0,1
1161,30,-0.295932,0.287870,-0.064603,-0.026014,-0.042022,1,0
1174,30,-0.229267,0.209072,-0.048418,-0.042230,-0.018521,1,0
1221,31,-0.482821,0.043251,-0.173111,-0.055008,-0.115824,0,1
1219,31,-0.196342,0.118068,-0.020011,-0.085663,-0.071742,1,0
1224,31,-0.388200,0.136207,-0.151335,-0.172543,-0.115545,1,1
1206,31,-0.220029,0.161928,-0.109506,-0.085899,0.003071,1,0
1204,31,-0.266976,0.105436,-0.025714,-0.024608,-0.047486,1,1
1215,31,-0.246220,0.231398,-0.052857,-0.002026,-0.090831,1,0
1220,31,-0.332633,0.148311,-0.145429,-0.098733,-0.085778,1,1
1214,31,-0.342733,0.199148,-0.086570,-0.059542,-0.037192,1,1
1234,31,-0.327736,0.100624,-0.067310,-0.113054,-0.017570,1,1
1205,31,-0.291925,0.224216,-0.002088,0.009980,-0.027461,1,1
1228,31,-0.414675,0.175917,-0.096308,-0.094088,-0.033842,1,1
1222,31,-0.442917,0.180646,-0.122393,-0.072621,-0.059602,1,1
1207,31,-0.226793,0.159056,-0.075088,-0.073836,-0.085333,1,0
1231,31,-0.386870,0.106782,-0.075433,-0.199867,-0.036847,1,1
1226,31,-0.515981,0.143983,-0.113143,-0.106318,-0.094903,0,1
1208,31,-0.360300,0.182732,-0.147958,0.005013,-0.021496,1,1
1218,31,-0.419086,0.171889,-0.167364,-0.142416,-0.017201,1,1
1202,31,-0.266062,0.208240,-0.135719,-0.070894,-0.025369,1,1
1213,31,-0.308553,0.199074,-0.064364,-0.023121,-0.063488,1,1
1223,31,-0.443656,0.136015,-0.142602,-0.156238,-0.113723,1,1
1200,31,-0.331723,0.155738,-0.092646,-0.067962,-0.102597,1,1
1233,31,-0.359255,0.120429,-0.125827,-0.134286,-0.118020,1,1
1239,31,-0.351050,0.114195,-0.150053,-0.119202,-0.062789,1,1
1211,31,-0.447028,0.222365,-0.102638,-0.056849,-0.045657,1,1
1209,31,-0.294269,0.201524,0.000988,-0.012549,-0.074797,1,1
1236,31,-0.363098,0.129760,-0.074831,-0.112264,-0.022703,1,1
1212,31,-0.370248,0.155175,-0.118321,-0.073858,0.030731,1,1
1201,31,-0.329510,0.272804,-0.079180,0.026935,-0.021525,1,1
1227,31,-0.353594,0.170130,-0.054813,-0.071211,0.014611,1,1
1210,31,-0.292068,0.147613,-0.068689,-0.007166,-0.046513,1,1
1225,31,-0.442724,0.109054,-0.071816,-0.094060,-0.143013,1,1
1230,31,-0.503569,0.178089,-0.101182,-0.026964,-0.066655,0,1
1229,31,-0.388187,0.200364,-0.177355,0.009274,0.063408,1,1
1217,31,-0.332026,0.194044,-0.048521,-0.024174,-0.027181,1,1
1235,31,-0.365489,0.091568,-0.079283,-0.065412,-0.040865,1,1
1203,31,-0.351875,0.268166,-0.131077,-0.026144,-0.031568,1,1
1238,31,-0.384442,0.055485,-0.146532,-0.069030,-0.045312,1,1
1216,31,-0.248892,0.198297,-0.116543,0.081071,-0.021233,1,1
1232,31,-0.385603,0.262059,-0.169724,-0.179030,-0.036423,1,1
1237,31,-0.350200,0.270137,-0.119602,-0.038182,-0.132735,1,1
1250,32,-0.239277,0.195018,0.046481,0.030974,-0.086781,1,1
1268,32,-0.374612,0.111132,0.010143,-0.120918,-0.075001,1,1
1263,32,-0.426698,0.170663,-0.065837,-0.131459,-0.014551,1,1
1276,32,-0.334516,0.146701,-0.089143,-0.167073,-0.102597,1,1
1256,32,-0.311510,0.181923,-0.061310,-0.070896,-0.011732,1,1
1252,32,-0.286330,0.212676,-0.024028,-0.011452,-0.043796,1,1
1241,32,-0.344169,0.173040,0.001957,-0.071904,0.001604,1,1
1275,32,-0.371009,0.212577,-0.078984,0.011706,0.013493,1,1
1267,32,-0.387493,0.192583,-0.121020,-0.103170,-0.093445,1,1
1269,32,-0.317026,0.212505,-0.069346,-0.004300,-0.020595,1,1
1259,32,-0.254903,0.175082,-0.030992,-0.025316,-0.017791,1,1
1279,32,-0.379551,0.181873,-0.119758,-0.102786,-0.078912,1,1
1265,32,-0.358785,0.251927,-0.107325,-0.053551,0.001079,1,1
1266,32,-0.373400,0.085559,-0.040407,-0.138656,-0.004195,1,1
1240,32,-0.328783,0.176671,-0.089533,0.019304,-0.051831,1,1
1246,32,-0.284025,0.230878,0.010546,-0.066872,0.000293,1,1
1242,32,-0.247668,0.210414,-0.102361,-0.027162,-0.014675,1,1
1245,32,-0.404150,0.137077,-0.027608,-0.093948,0.090987,1,1
1248,32,-0.280041,0.075208,0.037471,-0.066696,0.070991,1,1
1262,32,-0.322203,0.140653,-0.022040,-0.192935,-0.008109,1,1
1270,32,-0.359673,0.272593,-0.162080,-0.078005,-0.030651,1,1
1243,32,-0.297862,0.111560,-0.049948,-0.028813,0.051465,1,1
1261,32,-0.429046,0.114117,-0.124099,-0.048135,-0.049560,1,1
1258,32,-0.345278,0.175940,-0.081287,-0.081745,-0.068198,1,1
1277,32,-0.412172,0.206683,-0.145429,0.022760,-0.020963,1,1
1249,32,-0.289458,0.177999,-0.100159,0.030862,0.026936,1,1
1255,32,-0.389664,0.207792,-0.083058,-0.089753,-0.060574,1,1
1278,32,-0.301447,0.222325,-0.155775,-0.086496,-0.033968,1,1
1274,32,-0.424623,0.168473,-0.118858,-0.002152,-0.025290,1,1
1251,32,-0.369175,0.221984,-0.172066,-0.003698,-0.001649,1,1
1244,32,-0.315065,0.225952,-0.099445,-0.117200,0.032666,1,1
1254,32,-0.268890,0.220121,-0.011979,-0.110396,-0.007588,1,1
1273,32,-0.388500,0.167392,-0.175936,-0.035239,0.011396,1,1
1257,32,-0.524871,0.124428,-0.105027,-0.067620,-0.034884,1,0
1264,32,-0.368313,0.104932,-0.039050,-0.082199,0.037674,1,1
1271,32,-0.429294,0.128836,-0.121650,-0.118350,-0.046599,1,1
1260,32,-0.434412,0.122191,-0.101228,-0.103374,0.004343,1,1
1247,32,-0.300771,0.185801,-0.115308,-0.049370,-0.022105,1,1
1253,32,-0.414369,0.319263,-0.017015,0.015209,-0.030794,1,0
1272,32,-0.353769,0.080967,0.032255,-0.087644,-0.048048,1,1
1306,33,-0.454359,0.151139,-0.073462,-0.020476,-0.122260,0,1
1318,33,-0.276878,0.166273,-0.075884,-0.131828,0.014217,1,1
1315,33,-0.271300,0.124714,-0.135990,0.083382,-0.023318,1,1
1299,33,-0.298178,0.123868,-0.022146,0.001403,-0.053679,1,1
1285,33,-0.316532,0.137881,-0.084419,-0.054646,0.034946,1,1
1297,33,-0.355372,0.238036,-0.026453,-0.102704,0.006671,1,1
1290,33,-0.316195,0.172990,-0.081813,-0.073882,-0.013361,1,1
1294,33,-0.298759,0.168773,-0.020155,-0.063492,0.076734,1,1
1317,33,-0.383879,0.133256,-0.205833,-0.083661,-0.064295,1,1
1280,33,-0.404195,0.171593,-0.019661,-0.128089,-0.051027,1,1
1300,33,-0.324075,0.179525,-0.139766,-0.127930,-0.119376,1,1
1310,33,-0.314906,0.143507,-0.140540,-0.020590,-0.033437,1,1
1307,33,-0.260908,0.177922,-0.082999,-0.142304,-0.079426,1,1
1305,33,-0.246549,0.124371,-0.094423,-0.006714,-0.060029,1,1
1281,33,-0.348418,0.197885,-0.112462,-0.006504,0.026563,1,1
1289,33,-0.300094,0.208348,-0.048539,0.021465,-0.046615,1,1
1295,33,-0.252910,0.214977,-0.074525,0.052711,-0.002587,1,1
1287,33,-0.230367,0.194048,-0.083904,-0.026448,0.038746,1,1
1284,33,-0.384357,0.153309,-0.049605,-0.007088,0.045398,1,1
1296,33,-0.261102,0.236659,-0.092906,-0.023075,0.046179,1,1
1292,33,-0.339332,0.264497,-0.112107,-0.038209,0.063564,1,1
1286,33,-0.312634,0.236404,-0.048650,-0.023445,0.003303,1,1
1303,33,-0.368672,0.088660,-0.028575,-0.091883,-0.089493,1,1
1293,33,-0.315634,0.183896,-0.126632,0.102836,-0.048268,1,1
1314,33,-0.408774,0.190299,-0.012948,-0.120956,-0.030423,1,1
1319,33,-0.409141,0.198443,-0.070421,-0.070732,-0.022003,1,1
1312,33,-0.263109,0.157648,-0.160249,0.043301,-0.163329,1,1
1308,33,-0.296283,0.193012,-0.236722,-0.050350,0.040399,1,1
1313,33,-0.379397,0.189988,-0.105184,-0.122616,0.003444,1,1
1304,33,-0.311133,0.201015,-0.111411,-0.121437,-0.096567,1,1
1298,33,-0.261363,0.269739,-0.086435,-0.086863,-0.090857,1,1
1311,33,-0.359902,0.188223,-0.101718,-0.053278,-0.000486,1,1
1309,33,-0.331202,0.155674,-0.079210,0.020115,-0.060455,1,1
1282,33,-0.215663,0.228615,-0.044849,-0.007107,-0.084468,1,1
1302,33,-0.307667,0.158870,-0.066366,-0.119062,0.054145,1,1
1288,33,-0.285788,0.213196,-0.051291,-0.062516,-0.071067,1,1
1283,33,-0.394102,0.141160,-0.087305,-0.043262,-0.031469,1,1
1316,33,-0.357436,0.162012,-0.115629,-0.160180,-0.040374,1,1
1291,33,-0.311905,0.251207,-0.072621,-0.055722,-0.002498,1,1
1301,33,-0.352103,0.098318,-0.082480,-0.035429,-0.058115,1,1
1354,34,-0.318676,0.126559,-0.064892,-0.167202,-0.025026,1,1
1355,34,-0.366800,0.120604,-0.088002,-0.049818,-0.017633,1,1
1331,34,-0.239064,0.157534,-0.061041,-0.058404,0.010792,1,1
1342,34,-0.344863,0.211574,-0.092013,0.012110,-0.028873,1,1
1320,34,-0.253386,0.156532,-0.010203,-0.019559,0.015943,1,1
1357,34,-0.293812,0.106308,-0.114036,-0.128283,-0.030315,1,1
1346,34,-0.281463,0.142486,-0.065207,-0.066783,-0.063811,1,1
1327,34,-0.286523,0.148183,0.036944,0.044446,0.055537,1,1
1334,34,-0.264036,0.137910,-0.009492,-0.044395,-0.025179,1,1
1351,34,-0.316296,0.133211,-0.054686,-0.036739,0.015430,1,1
1321,34,-0.329074,0.179567,-0.025780,-0.005119,0.067532,1,1
1353,34,-0.348450,0.164769,-0.084014,-0.080934,-0.018782,1,1
1343,34,-0.388594,0.107173,-0.179314,-0.096271,-0.051876,1,1
1329,34,-0.289509,0.201972,-0.033790,-0.023020,0.102522,1,1
1325,34,-0.252960,0.188488,-0.016132,-0.030844,0.071694,1,1
1332,34,-0.343248,0.176051,0.000251,-0.041127,0.029711,1,1
1322,34,-0.222447,0.142445,-0.032886,0.035465,-0.003643,1,1
1336,34,-0.293173,0.298321,-0.056771,-0.091395,0.031269,1,0
1359,34,-0.234529,0.174875,-0.135894,-0.058226,0.010870,1,1
1356,34,-0.237576,0.155686,-0.084291,-0.147942,0.004821,1,1
1345,34,-0.363720,0.147319,0.003368,-0.059297,-0.032598,1,1
1324,34,-0.330787,0.197164,0.048116,-0.130505,-0.010467,1,1
1347,34,-0.360947,0.111085,-0.017624,-0.088815,-0.049119,1,1
1352,34,-0.407655,0.182895,-0.048301,-0.031510,-0.016027,1,1
1358,34,-0.276388,0.194385,-0.150328,0.009733,0.029072,1,1
1333,34,-0.324201,0.120260,-0.048121,-0.075421,0.021026,1,1
1323,34,-0.417122,0.208918,-0.114814,-0.023692,0.003619,1,1
1328,34,-0.350426,0.202846,-0.090403,0.021801,0.038938,1,1
1339,34,-0.280741,0.259996,-0.044889,0.018478,-0.040511,1,1
1349,34,-0.401101,0.069721,-0.096411,-0.033542,0.024267,0,1
1344,34,-0.369695,0.091160,-0.158787,-0.128944,-0.027212,1,1
1338,34,-0.347384,0.172499,-0.067250,-0.094155,0.012598,1,1
1348,34,-0.278607,0.142490,-0.033420,-0.159993,0.005330,1,1
1326,34,-0.282060,0.236290,-0.034081,0.007967,-0.010896,1,1
1335,34,-0.304127,0.136408,-0.137413,0.042841,-0.017713,1,1
1337,34,-0.226998,0.162488,-0.038102,-0.058530,-0.091673,1,1
1340,34,-0.323595,0.072459,-0.051912,-0.072105,0.012268,1,1
1350,34,-0.291751,0.147454,-0.042850,-0.114152,0.056698,1,1
1330,34,-0.279333,0.194745,-0.129215,-0.044557,-0.021880,1,1
1341,34,-0.331945,0.115715,-0.083388,-0.084664,-0.006790,1,1
1373,35,-0.272740,0.220298,-0.050131,-0.044306,0.056278,1,1
1386,35,-0.308859,0.117309,-0.108141,-0.105107,0.060748,1,1
1375,35,-0.241369,0.189089,0.005370,0.004487,0.051431,1,1
1361,35,-0.318208,0.130025,-0.064777,0.039584,-0.039482,1,1
1389,35,-0.278159,0.161990,-0.092996,-0.058416,0.035452,1,1
1393,35,-0.329245,0.094990,-0.148189,-0.073860,-0.080479,1,1
1396,35,-0.317830,0.205156,-0.031725,-0.030145,-0.063710,1,1
1368,35,-0.281869,0.224869,-0.163779,-0.048058,0.061943,1,1
1394,35,-0.288109,0.113819,-0.169775,-0.115956,0.001173,1,1
1399,35,-0.291980,0.153414,-0.114030,-0.105164,-0.001264,1,1
1378,35,-0.282629,0.247808,-0.049415,-0.002274,0.044945,1,1
1370,35,-0.299965,0.248825,0.059028,-0.012354,-0.027860,1,1
1366,35,-0.327793,0.179597,-0.069662,0.023905,0.028058,1,1
1362,35,-0.270032,0.190209,-0.125928,-0.044281,0.000087,1,1
1364,35,-0.348631,0.213654,-0.056218,-0.074486,-0.024722,1,1
1374,35,-0.273862,0.103617,-0.089055,0.028643,-0.101069,1,1
1363,35,-0.322857,0.232647,-0.048929,0.026733,0.110918,1,1
1382,35,-0.243800,0.187448,-0.039132,0.009587,0.004861,1,1
1369,35,-0.329699,0.176968,-0.058281,-0.111978,-0.019367,1,1
1365,35,-0.156060,0.197314,-0.070576,0.031269,-0.034661,1,1
1384,35,-0.282623,0.079943,-0.055265,-0.114219,-0.100707,1,1
1395,35,-0.335663,0.113717,-0.004348,-0.032361,-0.011326,1,1
1388,35,-0.266656,0.225732,-0.123214,-0.086377,0.001595,1,1
1390,35,-0.272433,0.176856,-0.097892,-0.024781,-0.079535,1,1
1376,35,-0.275999,0.189767,-0.037921,-0.020605,0.002648,1,1
1367,35,-0.300912,0.082480,0.051466,0.000754,-0.033040,1,1
1381,35,-0.253621,0.274258,-0.073850,-0.019350,0.007135,1,1
1391,35,-0.314110,0.136676,-0.095136,-0.044793,0.010459,1,1
1360,35,-0.243139,0.128221,-0.044475,-0.084917,0.016920,1,1
1397,35,-0.289250,0.059154,-0.084608,-0.075630,-0.043998,1,1
1383,35,-0.341676,0.163175,-0.081408,-0.035751,-0.012025,1,1
1387,35,-0.366835,0.073838,-0.025526,-0.056774,0.005110,1,1
1380,35,-0.353337,0.082044,-0.099977,-0.074809,-0.011170,1,1
1392,35,-0.319997,0.133869,-0.053472,-0.152861,0.029315,1,1
1372,35,-0.276979,0.180079,-0.014730,-0.051732,-0.004417,1,1
1385,35,-0.356268,0.223885,-0.093987,-0.036571,-0.003186,1,1
1398,35,-0.228701,0.118003,-0.153922,-0.014247,-0.000919,1,1
1379,35,-0.248622,0.333346,-0.023356,0.026006,-0.057757,1,0
1377,35,-0.297111,0.096828,-0.034759,0.016720,-0.001281,1,1
1371,35,-0.377204,0.247004,-0.119953,0.092653,0.052922,1,1
1434,36,-0.291913,0.145515,0.009771,-0.012401,-0.055078,1,1
1424,36,-0.256316,0.072401,0.026101,-0.006893,-0.031245,1,1
1404,36,-0.288536,0.190547,-0.022066,-0.007925,-0.083369,1,1
1436,36,-0.321455,0.117186,-0.060631,-0.012365,0.001161,1,1
1414,36,-0.297595,0.112305,0.002798,-0.028190,0.151803,1,1
1428,36,-0.301837,0.073669,-0.037260,-0.007022,-0.070906,1,1
1413,36,-0.260646,0.217729,-0.036474,0.075409,-0.013007,1,1
1419,36,-0.268583,0.182579,-0.075925,-0.026317,0.029926,1,1
1431,36,-0.235708,0.151241,-0.132521,0.001076,-0.044529,1,1
1421,36,-0.309838,0.211241,-0.049837,-0.078461,0.022800,1,1
1403,36,-0.268144,0.202731,-0.064425,-0.054182,0.067715,1,1
1425,36,-0.263973,0.138754,-0.120320,-0.010276,-0.046978,1,1
1400,36,-0.364035,0.192872,-0.010126,0.018502,-0.018162,1,1
1409,36,-0.230066,0.261303,0.003066,0.011058,0.077357,1,1
1407,36,-0.280156,0.191821,-0.095502,0.079824,0.020033,1,1
1406,36,-0.257889,0.123219,-0.016322,0.000443,0.054157,1,1
1437,36,-0.235098,0.242185,-0.115458,-0.028744,0.015716,1,1
1420,36,-0.290437,0.188502,-0.018489,-0.102117,-0.026506,1,1
1439,36,-0.250435,0.101154,0.031944,-0.056956,-0.039898,1,1
1432,36,-0.285137,0.175981,-0.178444,-0.013672,-0.004918,1,1
1410,36,-0.324552,0.181588,-0.034487,-0.015599,-0.071738,1,1
1423,36,-0.292031,0.104619,-0.105759,-0.080912,-0.098322,1,1
1422,36,-0.328019,0.145603,-0.081260,-0.027018,0.020855,1,1
1426,36,-0.332800,0.058935,-0.055934,-0.032947,-0.093275,1,1
1418,36,-0.209777,0.216999,-0.019111,0.012478,0.026842,1,1
1408,36,-0.148651,0.131405,-0.016977,0.055589,0.022980,1,1
1416,36,-0.085317,0.222966,-0.020618,-0.041347,0.001430,1,0
1412,36,-0.313421,0.046746,0.008628,-0.075040,-0.153907,1,1
1417,36,-0.146108,0.220357,-0.074157,-0.063335,0.099307,1,0
1430,36,-0.277772,0.159975,-0.086147,-0.080328,0.000931,1,1
1415,36,-0.265438,0.184045,-0.020061,0.010710,0.052661,1,1
1435,36,-0.212962,0.109024,-0.044972,-0.070617,0.027100,1,1
1427,36,-0.328740,0.129320,-0.101129,0.014484,-0.062195,1,1
1429,36,-0.278374,0.086057,-0.054952,-0.008696,0.052767,1,1
1438,36,-0.241728,0.085556,-0.051496,-0.124387,-0.134674,1,1
1433,36,-0.302379,0.140297,-0.044619,-0.008642,-0.003693,1,1
1401,36,-0.258279,0.160511,-0.016443,0.027783,-0.010875,1,1
1402,36,-0.214220,0.180487,-0.079263,-0.034793,-0.018620,1,1
1411,36,-0.263173,0.093968,0.008976,-0.032045,0.000926,1,1
1405,36,-0.161175,0.304801,-0.028231,0.011627,-0.067462,1,0
1476,37,-0.314581,0.169012,-0.093844,-0.023821,-0.059057,1,1
1466,37,-0.258680,0.151951,-0.052265,-0.108480,-0.050302,1,1
1467,37,-0.261829,0.107932,0.055894,-0.039231,0.095301,1,1
1460,37,-0.244711,0.129825,0.003650,-0.052762,-0.068956,1,1
1469,37,-0.342325,0.130934,-0.040646,0.001885,-0.056535,1,1
1454,37,-0.179357,0.167583,-0.102431,0.036279,0.011339,1,1
1453,37,-0.211181,0.109219,0.017491,0.042019,0.067190,1,1
1459,37,-0.244247,0.210610,-0.031391,-0.041401,0.068810,1,1
1447,37,-0.292586,0.238305,-0.021480,0.046428,-0.053413,1,1
1479,37,-0.240163,0.137909,-0.007208,0.008529,0.033852,1,1
1474,37,-0.243581,0.109829,-0.115264,0.002737,-0.061235,1,1
1451,37,-0.277976,0.258317,0.076102,-0.018428,0.007917,1,1
1446,37,-0.257247,0.203557,0.007668,0.055640,0.036155,1,1
1443,37,-0.195615,0.153156,-0.129020,0.013849,0.063438,1,1
1450,37,-0.138340,0.202112,-0.038303,0.003021,0.027703,1,1
1468,37,-0.257241,0.066561,0.028510,-0.032564,-0.000216,1,1
1449,37,-0.232938,0.249033,-0.061273,0.035645,-0.004527,1,1
1470,37,-0.260144,0.135688,-0.017473,0.012179,0.033084,1,1
1457,37,-0.258799,0.287931,-0.009938,-0.036116,-0.032358,1,1
1478,37,-0.299480,0.109179,-0.006790,-0.071054,-0.052216,1,1
1472,37,-0.265118,0.163650,-0.030835,-0.033942,0.045278,1,1
1455,37,-0.197262,0.198241,-0.034905,-0.036545,-0.021277,1,1
1473,37,-0.275060,0.105312,-0.023883,-0.103159,0.042534,1,1
1465,37,-0.371216,0.151084,-0.121451,-0.023468,0.005871,1,1
1452,37,-0.197987,0.265215,-0.025114,-0.024387,0.097010,1,1
1461,37,-0.289231,0.110996,-0.087338,-0.078014,-0.011551,1,1
1445,37,-0.309779,0.195831,-0.034014,0.014865,-0.072716,1,1
1448,37,-0.194264,0.147542,-0.128328,0.070882,0.040003,1,1
1442,37,-0.249158,0.165692,-0.053439,-0.097002,-0.041485,1,1
1456,37,-0.277396,0.207040,-0.069840,0.032678,0.028057,1,1
1440,37,-0.206698,0.192597,-0.029266,-0.020370,-0.004455,1,1
1471,37,-0.242125,0.151337,-0.058855,-0.102645,-0.079416,1,1
1462,37,-0.307476,0.100620,-0.133975,-0.004845,-0.032805,1,1
1444,37,-0.169400,0.207402,0.005306,0.036279,0.067734,1,1
1475,37,-0.185322,0.047147,-0.013249,-0.035277,-0.047335,0,1
1441,37,-0.254374,0.206662,0.005083,-0.044268,-0.022080,1,1
1458,37,-0.215210,0.196333,-0.003515,0.010360,-0.038740,1,1
1463,37,-0.283699,0.096165,-0.058749,0.028591,0.040397,1,1
1464,37,-0.300986,0.149164,-0.103257,-0.043827,-0.072017,1,1
1477,37,-0.321635,0.113291,-0.092555,-0.020734,-0.000054,1,1
1490,38,-0.272811,0.209778,-0.043383,0.006692,0.054432,1,1
1517,38,-0.231143,0.128023,0.017689,-0.033063,0.025730,1,1
1501,38,-0.168312,0.173758,-0.092175,-0.071025,0.045059,1,1
1513,38,-0.247861,0.247528,-0.067981,-0.063801,0.027112,1,1
1502,38,-0.290914,0.111889,-0.134805,-0.036830,-0.075346,1,1
1482,38,-0.253010,0.193994,0.015776,0.057709,0.068567,1,1
1511,38,-0.189122,0.038476,-0.027631,-0.004041,-0.029700,0,1
1507,38,-0.302486,0.139658,-0.017066,-0.037406,0.075271,1,1
1516,38,-0.221285,0.144415,-0.014270,-0.035828,0.067929,1,1
1519,38,-0.188424,0.097925,-0.020667,-0.016356,0.006194,1,1
1491,38,-0.287901,0.330582,-0.028067,-0.029560,0.023719,1,0
1493,38,-0.283793,0.336496,-0.060581,-0.060120,-0.099671,1,0
1508,38,-0.165709,0.102106,-0.014306,-0.027587,-0.011730,1,1
1515,38,-0.232009,0.105696,-0.139551,-0.004135,0.026534,1,1
1512,38,-0.241102,0.149349,0.035233,0.026496,0.000635,1,1
1500,38,-0.249855,0.184013,0.126738,-0.031132,-0.009747,1,1
1487,38,-0.308729,0.096739,-0.053467,0.015569,0.078836,1,1
1497,38,-0.181402,0.157802,-0.091573,-0.048207,0.109191,1,1
1483,38,-0.153516,0.287379,-0.031493,0.032668,-0.079956,1,0
1494,38,-0.207823,0.233962,-0.017247,0.001491,-0.025467,1,1
1514,38,-0.221114,0.147039,-0.061148,0.000468,0.092612,1,1
1506,38,-0.181261,0.155780,0.038673,0.061190,-0.057585,1,1
1486,38,-0.298316,0.209923,-0.019036,-0.008674,-0.039660,1,1
1509,38,-0.180691,0.154454,-0.059476,0.000010,-0.022107,1,1
1505,38,-0.223179,0.126982,-0.015042,-0.033538,0.085236,1,1
1485,38,-0.344623,0.258580,-0.058981,0.011513,0.009276,1,0
1495,38,-0.289816,0.177337,0.003588,0.051864,0.078419,1,1
1518,38,-0.189518,0.145686,-0.086821,-0.034037,0.023528,1,1
1510,38,-0.223074,0.134887,-0.077748,-0.028420,-0.037792,1,1
1488,38,-0.252847,0.242359,0.046803,-0.022368,0.043831,1,1
1484,38,-0.239754,0.182223,0.025807,-0.010252,0.087733,1,1
1496,38,-0.281478,0.204564,0.029781,-0.055449,0.028826,1,1
1503,38,-0.259549,0.186599,-0.037652,-0.052460,-0.005489,1,1
1489,38,-0.288928,0.117789,0.009304,-0.067930,0.027438,1,1
1504,38,-0.364068,0.177531,-0.085579,0.057283,-0.051002,1,1
1481,38,-0.206467,0.197528,-0.103623,0.035921,0.081897,1,1
1499,38,-0.136910,0.161169,-0.081136,0.040948,-0.016454,1,1
1480,38,-0.285493,0.270842,-0.027818,-0.001862,0.117790,1,1
1492,38,-0.147325,0.189992,0.022450,-0.014348,0.057932,1,1
1498,38,-0.165520,0.127435,-0.001110,0.047590,0.032191,1,1
1522,39,-0.188447,0.137466,-0.073660,0.095159,-0.042181,1,1
1538,39,-0.247443,0.097051,-0.065547,0.025711,-0.003021,1,1
1555,39,-0.143095,0.162392,0.007163,-0.039811,0.059129,1,1
1549,39,-0.246899,0.152068,-0.127366,-0.022782,-0.052722,1,1
1556,39,-0.139669,0.081494,-0.047346,-0.007300,-0.021037,1,1
1528,39,-0.203499,0.233281,-0.001846,-0.007378,-0.038172,1,1
1526,39,-0.222989,0.115365,-0.085793,0.110924,0.077107,1,1
1539,39,-0.213537,0.124586,-0.052056,0.009776,0.036009,1,1
1542,39,-0.251250,0.092628,-0.061201,-0.015115,0.061472,1,1
1554,39,-0.136804,0.066336,-0.048929,-0.096092,0.031547,1,1
1527,39,-0.208823,0.158056,0.036817,0.083073,0.110505,1,1
1532,39,-0.174389,0.185876,-0.061400,0.010716,0.020989,1,1
1552,39,-0.146802,0.157939,-0.092242,-0.044296,-0.030214,1,1
1533,39,-0.172837,0.215005,-0.036757,0.042764,0.000524,1,1
1557,39,-0.211223,0.149069,-0.038503,-0.026997,-0.036975,1,1
1536,39,-0.148770,0.221891,0.093721,0.047233,0.154496,1,1
1541,39,-0.245336,0.101164,0.030405,-0.015959,0.008610,1,1
1520,39,-0.211569,0.108482,0.063662,-0.006181,-0.025431,1,1
1547,39,-0.155407,0.207189,-0.092063,0.028139,0.003460,1,1
1525,39,-0.275079,0.214356,-0.076009,-0.056077,0.016071,1,1
1553,39,-0.175910,0.082258,0.038229,-0.021800,0.016328,1,1
1551,39,-0.248756,0.191070,-0.077273,-0.017381,-0.003459,1,1
1524,39,-0.184936,0.201271,0.017090,0.020939,0.053554,1,1
1529,39,-0.243492,0.141857,0.137136,-0.062753,-0.027699,1,1
1545,39,-0.189734,0.115370,0.010090,0.063663,0.033019,1,1
1523,39,-0.211982,0.187955,-0.059517,0.039435,0.070925,1,1
1559,39,-0.118441,0.111952,-0.136380,0.055944,-0.065754,1,1
1546,39,-0.238121,0.126109,0.038099,-0.001313,-0.025382,1,1
1550,39,-0.208002,0.118129,-0.024846,-0.042821,0.033049,1,1
1543,39,-0.047164,0.217757,0.019811,0.010212,0.038009,0,1
1521,39,-0.192296,0.215590,-0.050118,-0.037290,-0.005553,1,1
1531,39,-0.120629,0.185419,-0.047753,0.044109,0.074245,1,1
1540,39,-0.140611,0.192810,-0.051603,-0.054730,0.008631,1,1
1530,39,-0.194668,0.160765,0.035242,0.073824,0.072410,1,1
1535,39,-0.197179,0.213973,-0.010533,-0.009158,0.046907,1,1
1558,39,-0.108657,0.145576,-0.160108,-0.026750,0.078654,1,1
1548,39,-0.224227,0.178613,-0.076742,-0.018354,0.042054,1,1
1537,39,-0.200905,0.160471,0.020669,0.010752,0.032952,1,1
1534,39,-0.170046,0.277035,-0.025038,-0.010187,0.048884,1,1
1544,39,-0.245856,0.088048,-0.093681,-0.112142,0.063880,1,1
1581,40,-0.191972,0.144697,0.028400,-0.060194,-0.042889,1,1
1567,40,-0.213735,0.271784,-0.058461,0.038423,0.013948,1,1
1565,40,-0.218357,0.177316,-0.017502,0.037260,-0.041684,1,1
1571,40,-0.140693,0.177889,0.042185,0.035859,-0.020274,1,1
1598,40,-0.229358,0.155505,0.040927,-0.073315,0.046040,1,1
1561,40,-0.162751,0.184250,0.015495,0.042538,0.117132,1,1
1562,40,-0.182813,0.119001,-0.077688,0.027003,0.042734,1,1
1586,40,-0.138614,0.024788,0.044505,-0.003511,0.104422,0,1
1563,40,-0.138447,0.155194,-0.044967,0.136645,0.127473,1,1
1599,40,-0.180301,0.152396,-0.016225,0.071123,-0.006780,1,1
1587,40,-0.209338,0.089973,-0.019137,-0.024051,0.042199,1,1
1560,40,-0.172668,0.212397,-0.065881,0.095591,0.059150,1,1
1596,40,-0.155588,0.211212,-0.078906,0.068983,0.041620,1,1
1594,40,-0.157017,0.097265,0.031801,0.002264,0.069157,1,1
1595,40,-0.210601,0.199190,0.030363,0.045003,0.058310,1,1
1580,40,-0.156889,0.211243,-0.071933,-0.057031,0.101980,1,1
1570,40,-0.166912,0.189318,-0.043775,-0.090244,0.084585,1,1
1593,40,-0.162927,0.097288,-0.089195,0.103184,-0.013035,1,1
1585,40,-0.176815,0.125058,0.002685,-0.032558,0.050003,1,1
1577,40,-0.259981,0.170328,-0.009515,0.029949,0.137518,1,1
1575,40,-0.177644,0.175889,-0.046585,-0.015789,0.207188,1,1
1573,40,-0.215237,0.153985,0.019519,0.012356,0.010242,1,1
1582,40,-0.176047,0.179558,0.027471,0.026442,0.053219,1,1
1584,40,-0.259212,0.201059,0.090680,0.090559,-0.015382,1,1
1574,40,-0.199959,0.264375,-0.037456,0.063451,0.030849,1,1
1597,40,-0.131411,0.081328,0.023745,0.026943,0.115395,1,1
1566,40,-0.265675,0.089968,0.100410,0.092631,0.042035,1,1
1591,40,-0.162311,0.057989,-0.071573,-0.081851,0.002792,1,1
1592,40,-0.196056,0.138572,0.017587,0.055032,0.074945,1,1
1578,40,-0.278743,0.182272,-0.004151,0.003046,0.015291,1,1
1568,40,-0.218134,0.202880,0.009136,0.013852,-0.031080,1,1
1583,40,-0.201780,0.073810,-0.024716,-0.050602,0.086411,1,1
1569,40,-0.163656,0.173865,0.014822,0.082976,0.073505,1,1
1564,40,-0.213911,0.168130,0.009003,-0.094808,-0.046784,1,1
1579,40,-0.151726,0.146018,0.016964,-0.026558,0.029889,1,1
1590,40,-0.167660,0.083449,-0.040632,0.105744,-0.012728,1,1
1589,40,-0.170274,0.153307,0.009596,-0.036007,0.122643,1,1
1576,40,-0.189126,0.215734,0.026596,-0.021095,0.059385,1,1
1588,40,-0.193759,0.130003,0.074023,-0.058776,0.160146,1,1
1572,40,-0.234080,0.207152,-0.005491,-0.090659,-0.050158,1,1
1625,41,-0.176842,0.073933,0.050851,-0.038603,0.024035,1,1
1629,41,-0.249830,0.168619,0.036258,0.018211,0.037894,1,1
1610,41,-0.137563,0.162848,0.011272,-0.013556,0.060484,1,1
1632,41,-0.234490,0.170816,-0.051762,-0.060886,0.112948,1,1
1614,41,-0.234400,0.108335,-0.014146,-0.019785,0.033681,1,1
1605,41,-0.249218,0.152564,0.026589,-0.012735,-0.040506,1,1
1603,41,-0.248683,0.244392,-0.016136,-0.006440,0.113994,1,1
1615,41,-0.199011,0.185721,0.070151,-0.053613,0.049681,1,1
1636,41,-0.048725,0.173180,0.119623,0.068970,0.101221,1,1
1620,41,-0.187064,0.100770,-0.112648,0.072747,0.053826,1,1
1633,41,-0.258021,0.039989,-0.081069,0.011541,0.061965,0,1
1600,41,-0.051616,0.186618,-0.006872,0.089872,0.051225,1,1
1638,41,-0.154846,0.171351,0.027633,0.018856,0.042166,1,1
1622,41,-0.252303,0.229602,-0.028452,0.008577,0.095630,1,1
1617,41,-0.183322,0.244706,-0.014081,0.085528,0.028164,1,1
1607,41,-0.135281,0.155935,-0.025194,0.067228,0.112919,1,1
1611,41,-0.161004,0.277021,-0.039804,0.053563,0.075947,1,1
1609,41,-0.238018,0.237139,0.048916,0.037341,0.114674,1,1
1637,41,-0.155887,0.149047,0.000552,0.008579,0.085935,1,1
1630,41,-0.149560,0.117201,-0.031483,0.041707,0.081866,1,1
1618,41,-0.177641,0.125797,0.055357,0.014722,0.084771,1,1
1606,41,-0.204427,0.262851,0.047888,0.046256,0.048209,1,1
1623,41,-0.165811,0.172668,-0.027071,0.092439,0.011365,1,1
1624,41,-0.180980,0.181252,0.006234,0.146638,0.002645,1,1
1631,41,-0.180709,0.176040,-0.093954,0.053757,0.005740,1,1
1634,41,-0.212676,0.215934,-0.015781,-0.017707,0.004659,1,1
1601,41,-0.215963,0.252816,-0.115665,-0.040394,0.004072,1,1
1639,41,-0.190816,0.150557,-0.015280,0.008903,0.019591,1,1
1604,41,-0.107623,0.205017,-0.049268,0.052376,-0.054719,1,1
1602,41,-0.239205,0.245701,-0.016618,0.061464,0.045247,1,1
1626,41,-0.123941,0.105696,0.024296,0.005219,-0.076482,1,1
1619,41,-0.182660,0.145907,-0.007002,0.158253,0.042137,1,1
1608,41,-0.352477,0.204491,-0.018857,0.009096,0.101091,1,0
1628,41,-0.207244,0.050471,-0.007308,-0.011251,-0.019917,1,1
1616,41,-0.182056,0.176317,-0.035753,0.065437,0.106925,1,1
1612,41,-0.185554,0.178317,0.012815,-0.023573,0.006093,1,1
1621,41,-0.175663,0.103946,-0.043933,-0.010913,0.006570,1,1
1627,41,-0.122756,0.194298,-0.026286,0.035061,0.011378,1,1
1635,41,-0.093554,0.130283,0.062304,-0.043965,0.130494,1,1
1613,41,-0.223375,0.231775,0.050455,0.014546,0.041153,1,1
1650,42,-0.156356,0.183016,0.064928,0.023857,0.084854,1,1
1647,42,-0.139555,0.208635,0.005328,0.020446,0.036934,1,1
1652,42,-0.145884,0.273602,-0.006049,-0.013564,0.143436,1,1
1666,42,-0.063905,0.120776,0.030640,0.020362,0.056502,1,1
1673,42,-0.262268,0.128964,-0.000785,0.078094,0.050520,1,1
1663,42,-0.153471,0.156048,-0.027580,0.037327,-0.053780,1,1
1661,42,-0.187192,0.082035,-0.012950,-0.009017,0.107183,1,1
1641,42,-0.167074,0.231356,0.029979,-0.010558,0.077930,1,1
1667,42,-0.173383,0.154984,0.075738,0.027849,0.068868,1,1
1655,42,-0.187703,0.250834,0.091730,0.034263,0.114162,1,1
1668,42,-0.207659,0.130211,-0.028415,-0.000018,-0.010462,1,1
1645,42,-0.110792,0.238721,0.032948,-0.044432,0.067672,1,1
1656,42,-0.228365,0.093542,0.019987,0.013163,0.031468,1,1
1678,42,-0.169765,0.102670,-0.017460,0.021535,-0.030779,1,1
1651,42,-0.214258,0.242027,0.002776,-0.018790,-0.016732,1,1
1672,42,-0.136981,0.127433,-0.029253,0.029566,-0.003438,1,1
1642,42,-0.162567,0.262639,0.013764,0.112539,0.068805,1,1
1646,42,-0.066852,0.202230,0.049748,0.066559,0.054284,1,1
1658,42,-0.243736,0.135303,0.053032,0.035200,-0.025466,1,1
1643,42,-0.208627,0.211830,0.059529,-0.023251,0.024691,1,1
1674,42,-0.132701,0.102052,0.003814,0.036391,0.038682,1,1
1659,42,-0.135294,0.175163,0.040591,0.065102,0.002828,1,1
1665,42,-0.143552,0.121882,-0.042543,-0.069378,-0.024124,1,1
1640,42,-0.127554,0.259930,0.077161,0.052311,0.102740,1,1
1653,42,-0.183525,0.310296,0.019753,0.063690,0.074015,1,0
1660,42,-0.179519,0.101061,-0.039603,0.077000,0.075748,1,1
1664,42,-0.177046,0.112750,-0.040032,-0.035039,0.013539,1,1
1657,42,-0.139037,0.153012,-0.040021,0.030656,0.023569,1,1
1649,42,-0.185742,0.259272,0.105304,-0.039531,0.079088,1,1
1669,42,-0.170920,0.217352,-0.035920,-0.016134,-0.042743,1,1
1671,42,-0.133056,0.103879,0.045677,0.061586,0.002854,1,1
1654,42,-0.189998,0.173618,0.015573,0.060675,0.038848,1,1
1677,42,-0.175652,0.088811,-0.035580,-0.052449,0.045286,1,1
1676,42,-0.070259,0.227666,-0.001834,0.009492,0.019003,1,1
1648,42,-0.121137,0.256253,0.028357,-0.029459,0.159887,1,1
1644,42,-0.134084,0.171008,-0.016995,-0.063839,0.142437,1,1
1670,42,-0.167505,0.102037,0.061015,-0.009177,0.051690,1,1
1679,42,-0.152992,0.204759,-0.014282,0.023185,-0.039408,1,1
1675,42,-0.073464,0.097089,0.086160,0.025044,0.055500,1,1
1662,42,-0.158922,0.232917,0.004748,0.023251,0.156982,1,1
1710,43,-0.134774,0.151233,-0.007268,-0.023822,0.015395,1,1
1680,43,-0.118512,0.188238,0.064514,0.133598,0.038822,1,1
1718,43,-0.147985,0.130051,-0.083033,0.045090,0.074599,1,1
1708,43,-0.179598,0.205987,0.038822,0.067064,0.016392,1,1
1694,43,-0.179995,0.241487,0.127983,0.042007,0.042604,1,1
1699,43,-0.082462,0.195870,0.084319,0.021051,0.016858,1,1
1690,43,-0.119583,0.151315,0.001763,0.090090,0.125833,1,1
1683,43,-0.189707,0.239224,0.003531,0.006901,0.006582,1,1
1714,43,-0.224372,0.040526,0.002493,0.026301,0.106231,0,1
1706,43,-0.215483,0.061698,-0.015581,-0.025178,0.080047,1,1
1712,43,-0.154209,0.143082,0.032649,0.043318,0.127271,1,1
1681,43,-0.136902,0.148010,0.020513,0.155280,0.065448,1,1
1684,43,-0.170337,0.201059,-0.099527,0.021849,0.054194,1,1
1692,43,-0.114813,0.268828,-0.057084,0.006044,0.046364,1,1
1707,43,-0.078397,0.183349,-0.010116,-0.051485,0.038513,1,1
1696,43,-0.227438,0.261429,-0.001261,0.039073,0.039159,1,1
1704,43,-0.110012,0.130660,-0.074520,0.087852,0.053971,1,1
1685,43,-0.144554,0.139073,0.063728,0.054802,0.045876,1,1
1693,43,-0.123516,0.176762,0.052970,0.020078,0.080507,1,1
1689,43,-0.234381,0.069680,0.037467,0.056519,0.085504,1,1
1716,43,-0.168952,0.138565,-0.055250,0.067011,0.047802,1,1
1697,43,-0.246176,0.211670,0.019862,-0.013999,0.027815,1,1
1687,43,-0.129898,0.138092,0.089350,0.055478,0.112871,1,1
1686,43,-0.284116,0.197930,-0.047834,-0.040855,0.064731,1,1
1703,43,-0.163039,0.158087,-0.030675,0.007754,0.036679,1,1
1717,43,-0.131820,0.245284,-0.060964,0.055377,0.018510,1,1
1688,43,-0.178771,0.131962,-0.038439,0.119403,0.044309,1,1
1701,43,-0.156010,0.206350,-0.006753,-0.052304,0.002514,1,1
1691,43,-0.169568,0.292530,0.004432,-0.019567,0.087775,1,1
1715,43,-0.161437,0.043293,0.155555,-0.031822,0.112847,1,1
1713,43,-0.158829,0.001310,0.042285,-0.061458,-0.011532,0,1
1702,43,-0.144104,0.140717,-0.025541,0.005059,0.105541,1,1
1719,43,-0.243418,0.209416,-0.034078,0.001103,0.123823,1,1
1700,43,-0.163683,0.184887,-0.050155,0.094499,0.049528,1,1
1709,43,-0.333617,0.202421,0.003126,0.005403,0.138711,0,1
1698,43,-0.172044,0.229465,0.082837,0.060692,0.079249,1,1
1705,43,-0.000584,0.115202,0.013891,0.002393,0.013254,0,1
1711,43,-0.163743,0.075125,0.018969,-0.069963,0.059265,1,1
1682,43,-0.125458,0.180834,-0.024490,0.089166,0.078476,1,1
1695,43,-0.208928,0.248735,-0.061980,0.110260,0.078083,1,1
1751,44,-0.139459,0.144529,-0.002903,0.057122,-0.022604,1,1
1723,44,-0.147015,0.147709,-0.015544,0.002029,0.027570,1,1
1737,44,-0.134663,0.149763,0.032996,0.056209,-0.015905,1,1
1746,44,-0.100737,0.218046,0.062810,-0.044108,0.084455,1,1
1741,44,-0.136341,0.163766,-0.035614,-0.016725,0.063193,1,1
1721,44,-0.125924,0.251986,0.021094,0.153775,0.068216,1,1
1730,44,-0.087719,0.177319,0.064777,-0.019647,0.092008,1,1
1738,44,-0.117386,0.220940,-0.018231,0.106807,0.094089,1,1
1734,44,-0.231531,0.123695,-0.045964,-0.028829,0.094665,1,1
1750,44,-0.217724,0.106379,-0.021174,0.071066,-0.009647,1,1
1756,44,-0.119522,0.092126,0.024830,0.019238,0.016973,1,1
1732,44,-0.064651,0.087236,-0.074667,0.089594,0.113214,1,1
1733,44,-0.168947,0.193507,-0.025602,-0.007502,0.001674,1,1
1743,44,-0.108290,0.091809,-0.022021,0.039605,0.097007,1,1
1747,44,-0.154112,0.204842,0.079973,0.068783,0.104777,1,1
1720,44,-0.185503,0.230622,0.008559,0.022054,0.106083,1,1
1742,44,-0.159849,0.130908,-0.058767,0.037746,0.080150,1,1
1748,44,-0.064346,0.170643,0.051607,0.106561,0.088971,1,1
1739,44,-0.083746,0.196497,0.040882,-0.056419,0.087610,1,1
1726,44,-0.140411,0.234371,-0.000746,-0.011750,0.138296,1,1
1757,44,-0.186294,0.109703,0.062404,0.118994,0.030995,1,1
1736,44,-0.203627,0.180690,0.031308,-0.040617,0.097905,1,1
1728,44,-0.193841,0.209764,-0.005803,0.042666,0.105778,1,1
1754,44,-0.094816,0.097616,0.078663,0.030417,0.109783,1,1
1745,44,-0.190865,0.135671,0.042704,-0.092259,0.062902,1,1
1740,44,-0.117403,0.248290,-0.075780,0.044992,0.003142,1,1
1724,44,-0.192981,0.252916,0.032730,0.114456,0.041667,1,1
1725,44,-0.215507,0.179717,-0.048579,0.019560,0.073835,1,1
1729,44,-0.177258,0.161688,-0.041249,-0.014003,0.144890,1,1
1731,44,-0.187437,0.248405,0.092640,0.079072,0.000178,1,1
1759,44,-0.111144,0.089741,-0.050111,-0.043399,0.064269,1,1
1753,44,-0.126879,0.039803,-0.047153,0.081035,0.042245,0,1
1744,44,-0.109589,0.225236,0.034236,0.026020,0.011104,1,1
1755,44,-0.145958,0.196350,0.022244,0.054989,0.181375,1,1
1735,44,-0.158616,0.193745,0.023922,0.073426,-0.005101,1,1
1758,44,-0.124607,0.133794,0.090926,0.030693,0.061538,1,1
1749,44,-0.108711,0.147940,0.038408,-0.014260,0.082049,1,1
1722,44,-0.193821,0.226415,0.029761,0.001442,0.108812,1,1
1727,44,-0.199519,0.223430,0.030210,0.076252,0.106706,1,1
1752,44,-0.098429,0.184037,-0.015749,-0.024758,0.058473,1,1
1773,45,-0.113064,0.143567,0.035266,0.005489,0.094891,1,1
1775,45,-0.209220,0.168948,0.100373,0.016786,0.101252,1,1
1766,45,-0.149163,0.165588,0.055871,0.083872,0.048014,1,1
1777,45,-0.034013,0.194344,0.031624,0.106275,0.183414,1,1
1764,45,-0.130831,0.275779,-0.038636,0.076377,0.095243,1,1
1771,45,-0.159343,0.225383,0.024846,0.121894,0.021654,1,1
1772,45,-0.121537,0.108405,0.063101,0.083160,0.168873,1,1
1791,45,-0.115855,0.137690,0.002033,0.120889,0.132581,1,1
1797,45,-0.139624,0.125812,-0.012865,-0.008840,0.063631,1,1
1798,45,-0.083571,0.236475,0.039280,0.190082,0.093202,1,1
1761,45,-0.140718,0.233128,-0.009302,0.068207,0.042159,1,1
1786,45,-0.065087,0.154663,-0.006618,0.036467,0.056687,1,1
1787,45,-0.125051,0.157747,0.003143,0.103890,0.051523,1,1
1763,45,-0.068090,0.147086,-0.065538,0.035036,0.099319,1,1
1779,45,-0.139115,0.173777,0.024331,0.078739,0.109468,1,1
1792,45,-0.196883,0.197623,0.013619,0.012722,0.060326,1,1
1795,45,-0.092936,0.261552,0.035798,0.057269,0.064195,1,1
1770,45,-0.091048,0.221817,-0.031986,0.046317,0.043726,1,1
1785,45,-0.099860,0.126199,-0.012398,0.139525,-0.025145,1,1
1762,45,-0.200112,0.101459,0.054731,-0.031274,0.120895,1,1
1768,45,-0.079433,0.198023,0.005561,0.056119,0.036666,1,1
1776,45,-0.130409,0.203334,-0.079063,0.044019,0.070923,1,1
1765,45,-0.175289,0.206571,0.124072,-0.000977,0.040198,1,1
1782,45,-0.127974,0.137384,0.035277,-0.075268,0.126851,1,1
1794,45,-0.114702,0.142209,0.012165,0.017815,0.117685,1,1
1799,45,-0.127047,0.113237,0.040845,-0.039137,0.111145,1,1
1774,45,-0.219633,0.186425,0.057112,0.042877,0.029871,1,1
1778,45,-0.117538,0.185630,0.013324,0.028502,0.006783,1,1
1783,45,-0.094994,0.172733,0.042803,0.055549,-0.005031,1,1
1769,45,-0.181858,0.210315,-0.003548,0.087931,0.138308,1,1
1760,45,-0.230629,0.236248,0.020904,-0.030943,0.085553,1,1
1793,45,-0.174303,0.163607,-0.024747,-0.017495,0.067529,1,1
1767,45,-0.088385,0.142676,0.057896,0.025144,0.066269,1,1
1788,45,-0.079000,0.152221,0.055551,0.010063,0.086405,1,1
1784,45,-0.119872,0.096088,0.026047,0.110396,0.124533,1,1
1796,45,-0.172616,0.097944,-0.005414,-0.106874,0.060062,1,1
1780,45,-0.171627,0.114933,-0.051494,0.048716,0.073157,1,1
1789,45,-0.215692,0.175692,0.046936,0.048279,0.040881,1,1
1790,45,-0.102061,0.111236,0.061405,-0.013949,0.047617,1,1
1781,45,-0.091284,0.200803,-0.073298,0.026026,-0.006480,1,1
1820,46,-0.097029,0.175725,0.045429,0.059063,0.056574,1,1
1825,46,-0.193522,0.077244,0.012674,0.074293,0.076942,1,1
1837,46,-0.033991,0.182522,0.007625,-0.051997,0.068129,1,1
1834,46,-0.175378,0.108933,0.046764,0.004491,0.074062,1,1
1836,46,-0.100327,0.111119,0.018062,0.099261,-0.010885,1,1
1817,46,-0.086986,0.210408,0.070694,0.070041,0.062513,1,1
1838,46,-0.056411,0.156136,0.030791,0.058746,0.019615,1,1
1800,46,-0.144451,0.213181,0.020224,0.058486,0.070309,1,1
1806,46,-0.157254,0.104944,0.078861,0.049246,0.083348,1,1
1831,46,-0.160233,0.166247,-0.002939,0.079766,0.155804,1,1
1832,46,-0.127051,0.089280,0.043137,0.136280,0.069443,1,1
1830,46,-0.128711,0.141707,-0.002166,0.036270,0.110642,1,1
1814,46,-0.048554,0.272004,0.035022,0.104978,0.114789,1,1
1816,46,-0.151106,0.132618,0.001998,0.002185,0.067015,1,1
1839,46,-0.055059,0.120090,0.126897,0.012300,0.116195,1,1
1801,46,-0.127515,0.160279,-0.017966,0.041853,0.121821,1,1
1804,46,-0.104745,0.198577,0.032729,0.028774,-0.010803,1,1
1823,46,-0.085427,0.062871,0.025660,-0.017238,0.096710,1,1
1809,46,-0.114610,0.135362,0.088745,0.062912,0.073066,1,1
1808,46,-0.072427,0.181165,0.095096,0.047427,0.176254,1,1
1826,46,-0.043929,0.137062,-0.069434,0.060918,0.097150,1,1
1803,46,-0.144244,0.157306,-0.026563,0.066250,0.036503,1,1
1827,46,-0.180700,0.110388,0.051860,0.073996,0.022632,1,1
1813,46,-0.081483,0.170963,0.016803,0.129332,0.107841,1,1
1807,46,-0.139241,0.247522,0.001853,0.117143,0.103494,1,1
1819,46,-0.128375,0.135569,0.026205,0.010006,0.091465,1,1
1812,46,-0.159708,0.188293,0.010672,0.022530,0.069155,1,1
1818,46,-0.110689,0.267464,0.114255,0.004298,0.033087,1,1
1829,46,-0.120849,0.156964,0.031773,-0.025861,-0.001726,1,1
1821,46,-0.053156,0.112133,0.040310,0.000366,-0.004582,1,1
1822,46,-0.145688,0.113379,-0.015579,0.013142,0.165141,1,1
1815,46,-0.136141,0.146580,0.020018,0.005347,0.138270,1,1
1802,46,-0.114651,0.210386,0.021002,0.068489,0.066612,1,1
1833,46,-0.172348,0.165621,-0.043972,0.104758,0.050105,1,1
1805,46,-0.120083,0.152335,0.022636,0.060777,0.091361,1,1
1811,46,-0.107990,0.167007,0.092235,0.182830,0.049864,1,1
1835,46,-0.066891,0.078915,0.030370,0.113606,0.115523,1,1
1828,46,-0.132794,0.072990,-0.002351,0.069504,0.016194,1,1
1810,46,-0.135966,0.216014,0.000305,0.013758,0.023443,1,1
1824,46,-0.123987,0.206290,-0.052982,0.063848,0.046415,1,1
1864,47,-0.106109,0.134483,0.003050,-0.087476,0.031912,1,1
1874,47,-0.099613,0.118627,0.002411,-0.004917,-0.034401,1,1
1877,47,-0.184961,0.144773,-0.009644,0.078591,-0.039531,1,1
1840,47,-0.140821,0.185455,0.084811,0.091957,0.034314,1,1
1859,47,-0.147481,0.216888,0.053337,0.096689,0.106106,1,1
1845,47,-0.108893,0.152110,-0.005694,0.072582,-0.000701,1,1
1854,47,-0.134147,0.236502,0.076805,0.002373,0.081646,1,1
1855,47,-0.133095,0.192149,0.054250,0.143108,0.084717,1,1
1860,47,-0.148009,0.187997,-0.012987,-0.099732,0.122186,1,1
1872,47,-0.086840,0.115696,-0.071424,0.047715,0.015808,1,1
1850,47,-0.143197,0.213749,0.065349,0.098300,0.173346,1,1
1846,47,-0.117663,0.168120,-0.026247,0.067278,0.032516,1,1
1858,47,-0.166263,0.288158,-0.000242,0.141025,0.074687,1,0
1862,47,-0.167970,0.065157,0.057285,0.080061,0.111040,1,1
1848,47,-0.107282,0.181060,0.144399,0.098503,0.105479,1,1
1869,47,-0.113681,0.145515,-0.027564,0.013938,-0.030841,1,1
1873,47,-0.064270,0.176838,0.017895,0.137095,0.105433,1,1
1861,47,-0.126891,0.084192,0.006363,0.091375,0.119949,1,1
1853,47,-0.039432,0.160680,-0.041825,0.061853,0.182606,1,1
1849,47,-0.247079,0.221022,0.024114,-0.021930,0.138424,1,0
1879,47,-0.030520,0.179889,0.003760,0.070216,0.071972,1,1
1842,47,-0.151978,0.198904,0.040750,0.108506,0.055260,1,1
1870,47,-0.154957,0.221709,0.016562,0.075491,0.126472,1,1
1868,47,-0.047695,0.151313,-0.040558,-0.060959,0.127469,1,1
1875,47,-0.127888,0.277384,-0.040630,0.042261,0.166896,1,1
1847,47,-0.089064,0.289961,0.095618,0.057566,0.098892,1,1
1867,47,-0.052168,0.119102,-0.049033,-0.030238,0.223488,1,1
1863,47,-0.254353,0.219135,0.016853,0.075124,0.058145,1,1
1844,47,-0.037692,0.199064,-0.063169,0.077745,0.106835,1,1
1852,47,-0.206035,0.186025,0.012357,0.102469,0.059015,1,1
1856,47,-0.177101,0.178519,-0.000974,0.023752,0.051905,1,1
1876,47,-0.155586,0.177995,0.015740,0.060406,0.071847,1,1
1843,47,-0.171588,0.201648,0.035432,0.073319,0.144271,1,1
1871,47,-0.144327,0.187350,0.108239,0.065539,0.073896,1,1
1866,47,-0.112635,0.217104,0.133348,0.022206,-0.012067,1,1
1857,47,-0.128268,0.200573,-0.005278,0.079820,0.056157,1,1
1851,47,-0.106646,0.130476,0.026116,0.144833,0.075334,1,1
1878,47,-0.079951,0.066321,0.040274,0.042022,0.087327,1,1
1865,47,-0.152795,0.106273,0.054295,0.030379,0.031857,1,1
1841,47,-0.191856,0.229915,0.117324,0.174935,0.150117,1,1
1890,48,-0.137440,0.196365,-0.027172,0.006906,0.131341,1,1
1917,48,-0.096670,0.122020,-0.067715,-0.043332,0.043981,1,1
1902,48,-0.145689,0.126657,0.046678,-0.072115,0.071902,1,1
1914,48,-0.071597,0.250355,0.075072,0.113186,0.032360,1,1
1911,48,-0.117661,0.202241,-0.082290,0.119282,0.109867,1,1
1891,48,-0.094403,0.169945,0.068096,0.103770,0.136427,1,1
1897,48,-0.145496,0.164946,-0.031543,-0.040310,0.051461,1,1
1907,48,-0.172490,0.034288,-0.050900,0.062587,0.022959,0,1
1910,48,-0.102257,0.136424,0.006526,0.011187,0.111292,1,1
1903,48,-0.112615,0.075449,0.000442,0.048652,0.116947,1,1
1906,48,-0.157874,0.086354,0.013329,0.027168,0.128796,1,1
1889,48,-0.121478,-0.011688,0.031615,0.021605,0.126680,1,0
1912,48,-0.104456,0.159453,0.094607,0.055970,0.095175,1,1
1919,48,-0.080527,0.156073,0.095973,-0.009196,0.049950,1,1
1904,48,-0.197777,0.088954,0.033567,0.088131,0.137834,1,1
1880,48,-0.047150,0.111590,0.010929,0.120754,0.102686,1,1
1893,48,-0.119269,0.119349,0.034833,-0.026574,0.041724,1,1
1900,48,-0.052950,0.151007,0.047605,0.098494,-0.012243,1,1
1881,48,-0.126151,0.200773,-0.025519,0.079029,0.131573,1,1
1909,48,-0.050291,0.148596,-0.041451,0.097106,-0.002560,1,1
1908,48,-0.131352,0.154016,0.004458,0.008350,0.017515,1,1
1915,48,-0.112964,0.192915,0.096385,0.027214,0.036573,1,1
1883,48,-0.229131,0.130413,-0.050416,0.040509,0.054187,1,1
1916,48,-0.076904,0.184743,-0.083528,-0.013258,0.081248,1,1
1886,48,-0.124293,0.179641,0.027770,0.127485,0.130592,1,1
1888,48,-0.095602,0.206823,0.059490,0.036153,0.015625,1,1
1884,48,-0.041058,0.192689,0.104943,0.133494,0.113224,1,1
1894,48,-0.094928,0.180618,0.093946,0.093151,0.098138,1,1
1895,48,-0.115954,0.149667,0.044478,0.027809,0.057667,1,1
1901,48,-0.223090,0.220224,0.043818,-0.000615,0.115741,1,1
1913,48,-0.136862,0.054183,0.063046,0.142598,0.097418,1,1
1918,48,-0.019096,0.188740,0.063139,-0.029108,0.059753,1,1
1882,48,-0.107630,0.093763,0.039083,-0.016667,0.130600,1,1
1887,48,-0.093837,0.159613,0.041862,0.080762,0.065588,1,1
1905,48,-0.137410,0.176777,-0.018803,-0.009094,0.178803,1,1
1885,48,-0.241866,0.183843,0.021353,0.046255,0.036125,1,1
1899,48,-0.086998,0.137078,-0.018390,0.056060,0.110998,1,1
1898,48,-0.123554,0.177791,0.035132,0.100367,0.182554,1,1
1896,48,-0.120851,0.208676,0.008413,0.115702,0.056365,1,1
1892,48,-0.112522,0.262999,0.088813,-0.005687,0.220605,1,1
1928,49,-0.115811,0.220691,0.006437,0.034951,0.064720,1,1
1925,49,-0.090026,0.179012,0.092639,0.044351,0.094268,1,1
1933,49,-0.148008,0.221124,0.016720,0.045800,0.135024,1,1
1954,49,-0.146007,0.203480,0.080289,0.023260,0.109033,1,1
1923,49,-0.113296,0.198600,-0.039578,0.120642,0.090234,1,1
1940,49,-0.205394,0.145962,0.035265,-0.044291,0.108739,1,1
1944,49,-0.097537,0.071611,0.015529,-0.035771,0.008956,1,1
1932,49,-0.072982,0.157045,-0.000834,0.037628,0.006826,1,1
1924,49,-0.227560,0.161119,0.027081,0.043161,-0.069908,1,1
1949,49,-0.124178,0.146817,-0.053204,0.059900,0.074453,1,1
1957,49,-0.082361,0.210178,0.007336,0.051176,0.105510,1,1
1951,49,-0.090149,0.132851,0.061857,0.130052,0.096757,1,1
1952,49,-0.139432,0.131359,0.021907,0.070178,0.165138,1,1
1941,49,-0.077137,0.173600,0.033229,0.101643,0.055754,1,1
1922,49,-0.081703,0.184981,0.023489,0.091516,0.144115,1,1
1930,49,-0.110288,0.200126,-0.005993,0.131318,0.131049,1,1
1947,49,-0.146814,0.125130,0.015166,0.026472,0.040546,1,1
1935,49,-0.095858,0.209612,0.006794,-0.012167,0.123749,1,1
1953,49,-0.137003,0.004978,-0.063007,0.088426,0.050497,0,1
1956,49,-0.173443,0.132413,0.079637,0.044281,0.121453,1,1
1955,49,-0.142596,0.159962,0.058454,0.114414,0.059028,1,1
1934,49,-0.117726,0.249266,0.057887,0.052799,0.113852,1,1
1942,49,-0.075272,0.186446,0.078730,0.061721,-0.076708,1,1
1939,49,-0.121521,0.262735,0.048088,0.063882,0.085195,1,1
1936,49,-0.116436,0.220477,0.022498,0.117644,0.117854,1,1
1948,49,-0.115069,0.167384,0.001229,-0.044347,0.120655,1,1
1958,49,-0.101095,0.142186,0.069860,0.046253,0.080523,1,1
1950,49,-0.124365,0.159556,0.030587,-0.112930,0.147159,1,1
1946,49,-0.130985,0.089904,0.071057,0.019757,0.041581,1,1
1959,49,-0.197566,0.161927,0.011740,-0.014946,0.019166,1,1
1931,49,-0.033523,0.266835,0.101762,-0.063456,0.081498,1,1
1920,49,-0.066721,0.031303,0.023613,0.040655,0.115586,1,1
1943,49,-0.158491,0.115081,0.007273,0.059633,-0.048648,1,1
1937,49,-0.074366,0.248935,0.055850,0.123123,0.072240,1,1
1927,49,-0.103649,0.267072,0.002074,0.135383,0.064557,1,1
1926,49,-0.126314,0.094179,-0.000910,0.117101,0.104342,1,1
1945,49,-0.116134,0.087234,0.001768,0.163808,0.013654,1,1
1921,49,-0.077424,0.123732,0.169149,0.085316,0.051958,1,1
1929,49,0.043516,0.235927,-0.045259,0.074508,0.099965,1,0
1938,49,-0.121663,0.202218,-0.030930,0.148182,0.102300,1,1
1967,50,-0.078081,0.587549,0.256533,0.380200,0.237164,1,1
1987,50,-0.018418,0.592485,0.274601,0.211213,0.225702,1,1
1973,50,-0.062266,0.515222,0.276331,0.279397,0.209919,1,1
1999,50,-0.075814,0.625623,0.260848,0.167408,0.320490,1,1
1997,50,-0.052398,0.556335,0.200587,0.289776,0.223051,1,1
1982,50,-0.107293,0.539534,0.276655,0.242283,0.261102,1,1
1963,50,-0.154987,0.585852,0.230967,0.250585,0.271631,1,1
1976,50,-0.101160,0.613126,0.196362,0.229764,0.303437,1,1
1970,50,-0.111670,0.524442,0.330510,0.222375,0.274335,1,1
1980,50,-0.065799,0.533065,0.301518,0.239677,0.339557,1,1
1992,50,-0.017884,0.642786,0.234830,0.280323,0.342895,1,1
1983,50,-0.139597,0.564548,0.284154,0.291336,0.341949,1,1
1989,50,-0.099579,0.575138,0.126008,0.277705,0.339401,1,1
1975,50,-0.076257,0.605906,0.326184,0.329199,0.284402,1,1
1968,50,-0.126731,0.591358,0.209729,0.362028,0.255330,1,1
1981,50,-0.017943,0.513212,0.202317,0.333698,0.401537,1,1
1961,50,-0.058192,0.571294,0.219668,0.287274,0.263243,1,1
1978,50,0.023882,0.553825,0.225543,0.284923,0.301034,1,1
1977,50,-0.094140,0.567868,0.175455,0.271740,0.301755,1,1
1971,50,0.029480,0.584962,0.272178,0.373917,0.358905,1,1
1986,50,-0.125172,0.536105,0.218903,0.254272,0.307100,1,1
1974,50,-0.095580,0.628588,0.239718,0.338412,0.280311,1,1
1962,50,-0.014937,0.585360,0.286950,0.381692,0.364682,1,1
1991,50,-0.064196,0.610428,0.179894,0.314126,0.266797,1,1
1985,50,-0.057381,0.522244,0.210471,0.324516,0.266454,1,1
1988,50,-0.094398,0.540883,0.177586,0.243534,0.211662,1,1
1964,50,-0.074630,0.490650,0.235737,0.258230,0.339589,1,1
1995,50,-0.125527,0.530846,0.214387,0.420791,0.268154,1,1
1972,50,-0.147328,0.618289,0.342384,0.220104,0.264482,1,1
1984,50,-0.113799,0.626889,0.270124,0.282518,0.311017,1,1
1994,50,-0.127773,0.546392,0.261810,0.179568,0.306250,1,1
1969,50,-0.017427,0.587801,0.280401,0.286323,0.302119,1,1
1979,50,-0.104721,0.627553,0.280437,0.277867,0.320519,1,1
1965,50,-0.101132,0.553967,0.209141,0.227946,0.331872,1,1
1960,50,-0.124227,0.608385,0.316105,0.195792,0.316287,1,1
1998,50,-0.073452,0.502342,0.203596,0.263737,0.329916,1,1
1966,50,-0.032716,0.621450,0.340958,0.283804,0.266139,1,1
1993,50,-0.074599,0.504239,0.169861,0.267784,0.236806,1,1
1996,50,-0.009831,0.565311,0.284558,0.318439,0.409729,1,1
1990,50,-0.076114,0.585738,0.147182,0.258788,0.285622,1,1
2012,51,-0.045583,0.584851,0.199441,0.207497,0.416598,1,1
2014,51,-0.067846,0.630801,0.174243,0.331809,0.303456,1,1
2035,51,-0.075755,0.565682,0.266618,0.259196,0.275598,1,1
2003,51,-0.098579,0.575049,0.257613,0.311971,0.317743,1,1
2033,51,-0.074750,0.526258,0.183769,0.214826,0.254451,1,1
2002,51,-0.119250,0.585155,0.149712,0.273971,0.395820,1,1
2022,51,-0.038472,0.555793,0.258448,0.196026,0.354563,1,1
2010,51,-0.142134,0.678409,0.156422,0.396378,0.376121,1,1
2016,51,-0.066546,0.547083,0.255777,0.364851,0.247294,1,1
2009,51,0.059531,0.586968,0.192593,0.309681,0.241557,1,1
2028,51,-0.144672,0.535423,0.216900,0.205760,0.306500,1,1
2036,51,-0.066292,0.485727,0.260209,0.317327,0.276007,1,1
2008,51,-0.070054,0.634928,0.311017,0.237882,0.271595,1,1
2006,51,-0.167093,0.577080,0.254278,0.256686,0.274586,1,1
2037,51,0.003046,0.480492,0.207039,0.297813,0.319097,1,1
2027,51,-0.224779,0.632923,0.226174,0.283856,0.257885,1,1
2007,51,-0.168111,0.568252,0.329965,0.233111,0.336187,1,1
2023,51,-0.156526,0.554971,0.134178,0.334100,0.206063,1,1
2026,51,-0.074970,0.497132,0.276320,0.265010,0.289865,1,1
2025,51,0.032259,0.576039,0.145981,0.269797,0.228167,1,1
2030,51,-0.098630,0.541317,0.228725,0.211635,0.224107,1,1
2018,51,-0.095392,0.635184,0.323357,0.297848,0.307536,1,1
2019,51,-0.079497,0.648670,0.299390,0.303420,0.289934,1,1
2034,51,-0.154168,0.551714,0.334177,0.268237,0.316361,1,1
2013,51,-0.106529,0.683749,0.331619,0.308033,0.358896,1,1
2004,51,-0.046961,0.649486,0.165546,0.286196,0.233586,1,1
2032,51,-0.090664,0.635973,0.224345,0.248319,0.362684,1,1
2011,51,-0.154059,0.574123,0.298217,0.200366,0.230449,1,1
2001,51,-0.043933,0.701522,0.226626,0.272766,0.281398,1,0
2029,51,0.015855,0.559468,0.264644,0.306543,0.295316,1,1
2020,51,-0.091412,0.483514,0.117526,0.256803,0.305474,1,1
2021,51,-0.102299,0.546893,0.240079,0.230744,0.299459,1,1
2000,51,-0.088549,0.550965,0.225627,0.305554,0.300719,1,1
2038,51,-0.068430,0.456109,0.220923,0.321298,0.228410,1,1
2039,51,-0.078366,0.594461,0.229697,0.220674,0.413336,1,1
2005,51,0.030246,0.619508,0.196985,0.292897,0.338274,1,1
2024,51,-0.094291,0.622406,0.241590,0.209619,0.241679,1,1
2017,51,-0.014831,0.646558,0.233060,0.274581,0.327254,1,1
2031,51,-0.086443,0.559201,0.258466,0.235234,0.293502,1,1
2015,51,-0.011473,0.544034,0.244291,0.309533,0.225258,1,1
2045,52,0.070972,0.578500,0.161048,0.257877,0.321341,1,1
2058,52,-0.117104,0.586041,0.204924,0.307985,0.324704,1,1
2056,52,-0.048787,0.663205,0.366698,0.252838,0.317293,1,1
2046,52,-0.070029,0.553258,0.120927,0.355689,0.264892,1,1
2053,52,-0.133058,0.581766,0.290471,0.346414,0.328189,1,1
2071,52,-0.069586,0.431412,0.165336,0.266107,0.309025,0,1
2079,52,-0.032949,0.531755,0.238816,0.365780,0.298017,1,1
2076,52,0.016141,0.516280,0.204411,0.307463,0.382290,1,1
2047,52,-0.115034,0.556765,0.240494,0.249078,0.378848,1,1
2049,52,-0.133219,0.670423,0.281328,0.220011,0.306355,1,0
2048,52,-0.048503,0.597222,0.245740,0.249304,0.301327,1,1
2044,52,-0.013817,0.678682,0.306083,0.316146,0.319431,1,1
2043,52,-0.054044,0.589747,0.330040,0.215081,0.381804,1,1
2066,52,0.011695,0.563715,0.208726,0.215173,0.318556,1,1
2040,52,-0.032682,0.676553,0.280971,0.250341,0.356249,1,1
2052,52,-0.061570,0.625544,0.211098,0.188212,0.376809,1,1
2059,52,0.024898,0.614520,0.287030,0.258457,0.314370,1,1
2064,52,-0.058830,0.631601,0.200140,0.195926,0.283885,1,1
2068,52,-0.007593,0.502758,0.281667,0.247817,0.253551,1,1
2060,52,-0.078225,0.578431,0.276290,0.285197,0.259354,1,1
2041,52,-0.073836,0.563163,0.270433,0.343217,0.254942,1,1
2077,52,-0.086520,0.505465,0.202448,0.222714,0.402937,1,1
2072,52,-0.001280,0.570417,0.196911,0.355857,0.238718,1,1
2062,52,-0.068586,0.530077,0.213777,0.224097,0.304216,1,1
2065,52,-0.087527,0.590696,0.219082,0.257799,0.247166,1,1
2074,52,-0.029710,0.604333,0.177263,0.241685,0.394758,1,1
2069,52,-0.003190,0.526494,0.266557,0.302731,0.284298,1,1
2054,52,-0.086689,0.653548,0.267259,0.274131,0.340693,1,1
2051,52,-0.139427,0.570988,0.177049,0.227224,0.402971,1,1
2078,52,-0.016673,0.597073,0.174217,0.292070,0.289174,1,1
2057,52,-0.124136,0.596250,0.320845,0.277348,0.232645,1,1
2050,52,-0.077225,0.556350,0.281900,0.360007,0.290947,1,1
2063,52,-0.039138,0.504908,0.247166,0.202033,0.250876,1,1
2067,52,-0.047339,0.445221,0.237412,0.229218,0.283967,0,1
2073,52,0.030252,0.526101,0.259187,0.327553,0.397813,1,1
2055,52,-0.100582,0.562380,0.245606,0.289312,0.291050,1,1
2075,52,-0.043372,0.451637,0.193420,0.325478,0.315325,1,1
2070,52,-0.079118,0.486519,0.291944,0.319248,0.215165,1,1
2061,52,-0.077725,0.628872,0.283973,0.238380,0.294699,1,1
2042,52,-0.093572,0.547182,0.274082,0.228987,0.297681,1,1
2096,53,-0.073443,0.649869,0.213723,0.299617,0.321586,1,1
2118,53,-0.008984,0.542432,0.219964,0.290228,0.251514,1,1
2107,53,-0.025495,0.495285,0.215264,0.229278,0.327293,1,1
2082,53,-0.098790,0.585965,0.310253,0.435750,0.343479,1,1
2095,53,-0.126062,0.567692,0.206914,0.406576,0.256898,1,1
2111,53,0.001252,0.528677,0.306864,0.243966,0.293877,1,1
2089,53,-0.064051,0.551387,0.272346,0.427129,0.315395,1,1
2112,53,0.036469,0.467846,0.329326,0.327579,0.390885,0,1
2105,53,0.050713,0.564463,0.161332,0.241134,0.290965,1,1
2100,53,-0.022463,0.519259,0.345441,0.270654,0.357527,1,1
2097,53,-0.094002,0.568746,0.188366,0.309526,0.272267,1,1
2110,53,0.071384,0.579593,0.251625,0.198985,0.254711,1,1
2104,53,-0.096746,0.544480,0.275295,0.375925,0.374130,1,1
2081,53,-0.063871,0.636412,0.244755,0.239749,0.287014,1,1
2113,53,0.001331,0.545742,0.147381,0.332923,0.299474,1,1
2092,53,-0.048537,0.607841,0.219711,0.190398,0.245374,1,1
2085,53,0.012830,0.552369,0.239548,0.304025,0.323568,1,1
2116,53,-0.069224,0.598473,0.182766,0.274369,0.276467,1,1
2093,53,-0.027771,0.517869,0.241667,0.307076,0.274693,1,1
2098,53,-0.060051,0.576075,0.180067,0.323669,0.291970,1,1
2109,53,-0.068214,0.599152,0.285455,0.226121,0.355253,1,1
2084,53,-0.002018,0.631222,0.316337,0.340623,0.342692,1,1
2102,53,-0.035687,0.636526,0.301005,0.309959,0.339662,1,1
2108,53,0.092920,0.536002,0.310999,0.298247,0.281405,0,1
2083,53,-0.036766,0.401087,0.359558,0.302094,0.287180,1,1
2090,53,-0.090248,0.537172,0.295387,0.384355,0.305916,1,1
2119,53,-0.005125,0.532913,0.304450,0.233199,0.359027,1,1
2080,53,-0.154400,0.602717,0.362017,0.220338,0.318825,1,1
2101,53,0.075500,0.513019,0.327682,0.391866,0.287410,0,1
2099,53,-0.044774,0.642683,0.262089,0.361311,0.283057,1,1
2115,53,-0.058833,0.499289,0.344548,0.314206,0.283332,1,1
2086,53,-0.028653,0.568487,0.280907,0.258715,0.274757,1,1
2094,53,-0.124521,0.598609,0.326295,0.310917,0.420065,1,1
2117,53,-0.196486,0.522945,0.218837,0.283285,0.290096,0,1
2114,53,-0.026147,0.493366,0.088312,0.350321,0.257748,1,1
2088,53,-0.077412,0.634084,0.240038,0.327525,0.311235,1,1
2091,53,-0.093869,0.582377,0.213795,0.317974,0.297450,1,1
2087,53,-0.138650,0.671493,0.209016,0.286247,0.291171,1,0
2103,53,-0.034860,0.548685,0.229938,0.243307,0.286864,1,1
2106,53,-0.000488,0.535956,0.273233,0.248678,0.282764,1,1
2121,54,0.010809,0.602809,0.267338,0.342619,0.394615,1,1
2141,54,0.036796,0.466309,0.272075,0.322586,0.308771,0,1
2157,54,-0.049145,0.637794,0.247386,0.291659,0.261031,1,1
2136,54,0.072914,0.650661,0.235466,0.270526,0.346255,1,1
2132,54,-0.071186,0.556831,0.238918,0.240466,0.292272,1,1
2123,54,-0.031847,0.633923,0.202271,0.229402,0.271048,1,1
2152,54,-0.051949,0.517391,0.298393,0.299565,0.412422,1,1
2122,54,0.004826,0.593577,0.173366,0.295767,0.309589,1,1
2124,54,0.017705,0.486727,0.236840,0.303373,0.262449,1,1
2135,54,-0.021922,0.559701,0.302992,0.282155,0.314115,1,1
2143,54,-0.051128,0.518440,0.281405,0.279011,0.391662,1,1
2125,54,-0.070188,0.598486,0.241635,0.222713,0.404239,1,1
2150,54,-0.036761,0.516498,0.225903,0.311270,0.311880,1,1
2129,54,-0.106767,0.570407,0.273813,0.319295,0.277672,1,1
2127,54,-0.089805,0.618073,0.202704,0.300154,0.300779,1,1
2134,54,-0.072561,0.582186,0.259025,0.321824,0.367823,1,1
2128,54,-0.072489,0.654379,0.252727,0.282384,0.310044,1,1
2148,54,-0.096927,0.588222,0.132921,0.280459,0.368199,1,1
2151,54,0.091503,0.670371,0.262582,0.279524,0.384539,0,1
2131,54,-0.081076,0.620372,0.235793,0.262246,0.265596,1,1
2130,54,-0.054365,0.647723,0.267713,0.363135,0.355487,1,1
2145,54,0.035357,0.576158,0.306666,0.380963,0.378661,1,1
2149,54,-0.016943,0.527649,0.202764,0.296793,0.252516,1,1
2144,54,-0.016672,0.577694,0.242594,0.249437,0.321943,1,1
2138,54,-0.059972,0.564143,0.243842,0.266395,0.295734,1,1
2156,54,0.012667,0.499471,0.228050,0.329734,0.298040,1,1
2158,54,0.040222,0.583609,0.197143,0.273494,0.228642,1,1
2154,54,0.037474,0.480173,0.324426,0.299033,0.330580,0,1
2147,54,0.039328,0.497299,0.227191,0.338380,0.290637,1,1
2153,54,0.040333,0.509475,0.271476,0.285064,0.304035,1,1
2133,54,-0.041270,0.486032,0.183256,0.308823,0.397819,1,1
2137,54,-0.008093,0.671004,0.279102,0.323464,0.278583,1,1
2140,54,-0.089441,0.624908,0.216677,0.332353,0.276921,1,1
2159,54,-0.091306,0.585568,0.307029,0.311024,0.312562,1,1
2139,54,-0.029595,0.668087,0.239397,0.135637,0.237645,1,1
2120,54,-0.086546,0.582388,0.224866,0.282629,0.313904,1,1
2146,54,-0.014236,0.621058,0.291818,0.336685,0.247473,1,1
2155,54,-0.030388,0.562026,0.194430,0.309813,0.344468,1,1
2142,54,-0.006226,0.527622,0.297960,0.273728,0.303671,1,1
2126,54,-0.087808,0.595646,0.265342,0.254141,0.364800,1,1
2169,55,-0.096590,0.564020,0.166570,0.380335,0.388637,1,1
2182,55,0.011255,0.442546,0.323743,0.313341,0.366700,0,1
2197,55,0.094924,0.612027,0.279560,0.346687,0.391229,0,1
2193,55,0.016737,0.561482,0.246870,0.189627,0.347014,1,1
2166,55,-0.087800,0.642663,0.200106,0.348944,0.325078,1,1
2165,55,-0.095615,0.538720,0.251654,0.313370,0.380596,1,1
2162,55,-0.107703,0.515174,0.266050,0.207521,0.327306,1,1
2164,55,-0.095401,0.613280,0.232123,0.305571,0.428277,1,1
2185,55,0.084027,0.684830,0.158197,0.397686,0.239297,0,1
2184,55,-0.030127,0.587241,0.291481,0.186807,0.376925,1,1
2178,55,-0.053448,0.553216,0.351365,0.222613,0.251925,1,1
2187,55,0.032845,0.618265,0.269521,0.252570,0.375802,1,1
2183,55,-0.048784,0.580283,0.339252,0.300806,0.407332,1,1
2173,55,-0.032316,0.638359,0.225084,0.337607,0.358908,1,1
2170,55,0.032555,0.525579,0.306820,0.349716,0.303010,1,1
2189,55,0.027741,0.600314,0.305693,0.324565,0.257675,1,1
2175,55,-0.040399,0.652806,0.272549,0.224678,0.382869,1,1
2194,55,0.066119,0.579307,0.212131,0.268200,0.341450,1,1
2179,55,-0.109412,0.649349,0.314023,0.329913,0.340584,1,0
2190,55,0.017916,0.483455,0.243549,0.313185,0.443194,1,1
2199,55,0.033018,0.502305,0.327342,0.379621,0.363577,1,1
2191,55,0.010799,0.463367,0.259130,0.275637,0.289999,1,1
2196,55,0.009571,0.527493,0.303342,0.247827,0.369153,1,1
2172,55,-0.028527,0.556289,0.277247,0.355797,0.336109,1,1
2171,55,0.005863,0.603012,0.247583,0.317368,0.358972,1,1
2176,55,0.008975,0.585274,0.227875,0.328096,0.329646,1,1
2167,55,-0.089316,0.596919,0.274953,0.317822,0.373290,1,1
2168,55,-0.057672,0.576089,0.218581,0.265893,0.405704,1,1
2160,55,-0.092161,0.583066,0.233050,0.304337,0.213788,1,1
2192,55,0.052921,0.603944,0.285650,0.291530,0.335987,1,1
2163,55,-0.080907,0.496058,0.276402,0.261051,0.391923,1,1
2186,55,0.020844,0.555894,0.174438,0.315864,0.299652,1,1
2181,55,0.020125,0.542235,0.267977,0.262606,0.243163,1,1
2161,55,-0.034753,0.608484,0.377323,0.295058,0.329780,1,1
2195,55,0.040894,0.605655,0.209353,0.379579,0.305405,1,1
2180,55,-0.025472,0.530321,0.285805,0.340277,0.317529,1,1
2174,55,-0.104327,0.625052,0.256714,0.329377,0.369119,1,1
2177,55,-0.069710,0.627163,0.309834,0.295943,0.304819,1,1
2188,55,0.007904,0.610250,0.279654,0.365722,0.292489,1,1
2198,55,-0.025601,0.506138,0.284836,0.347762,0.359106,1,1
2204,56,-0.081952,0.588052,0.261618,0.415443,0.385855,1,1
2213,56,0.011660,0.604599,0.294389,0.354408,0.363058,1,1
2228,56,-0.002816,0.616017,0.290313,0.310871,0.397785,1,1
2233,56,-0.036176,0.514156,0.345986,0.227124,0.374435,1,1
2214,56,-0.093546,0.518167,0.258622,0.257502,0.296947,1,1
2206,56,-0.003909,0.594422,0.262299,0.288126,0.367250,1,1
2223,56,-0.065065,0.599444,0.313954,0.385901,0.300369,1,1
2230,56,-0.022257,0.537550,0.350593,0.366609,0.350631,1,1
2239,56,0.078034,0.613557,0.265226,0.291281,0.408241,1,1
2220,56,0.035311,0.464194,0.282729,0.319336,0.388684,0,1
2212,56,-0.095601,0.607550,0.362581,0.286415,0.350897,1,1
2202,56,-0.065399,0.559015,0.200724,0.364463,0.341505,1,1
2226,56,0.036527,0.526269,0.213471,0.267895,0.359055,1,1
2234,56,0.062909,0.550992,0.137262,0.283641,0.271182,1,1
2231,56,0.037862,0.583688,0.283628,0.274264,0.332161,1,1
2237,56,-0.015575,0.533732,0.331864,0.345789,0.331265,1,1
2216,56,-0.062863,0.574447,0.279122,0.305171,0.310061,1,1
2229,56,0.018346,0.583080,0.257329,0.284107,0.362062,1,1
2218,56,-0.121895,0.645808,0.343447,0.296014,0.282962,1,0
2236,56,0.086456,0.524017,0.353139,0.318442,0.321182,1,1
2205,56,-0.032570,0.593725,0.266151,0.319945,0.240881,1,1
2219,56,-0.051143,0.580218,0.292443,0.309342,0.311142,1,1
2232,56,0.069352,0.598874,0.246891,0.386849,0.308714,1,1
2227,56,0.027049,0.590971,0.319745,0.290149,0.340268,1,1
2215,56,-0.129030,0.559191,0.279446,0.300586,0.285524,1,0
2211,56,-0.157643,0.590614,0.286404,0.350629,0.247138,1,0
2238,56,0.092178,0.497286,0.333277,0.273650,0.349241,0,1
2201,56,-0.047693,0.609784,0.344327,0.328657,0.367265,1,1
2217,56,-0.123490,0.567390,0.147655,0.366789,0.338474,1,0
2200,56,-0.038856,0.615070,0.377655,0.315096,0.362134,1,1
2209,56,-0.119138,0.539737,0.237044,0.242834,0.356258,1,0
2224,56,0.026026,0.461789,0.212805,0.354499,0.288206,1,1
2210,56,-0.010553,0.637393,0.272642,0.319521,0.349351,1,1
2207,56,-0.026239,0.622109,0.244571,0.218628,0.236575,1,1
2221,56,0.093745,0.488334,0.282594,0.354013,0.273633,0,1
2235,56,0.023490,0.549724,0.275886,0.407130,0.288972,1,1
2222,56,0.058287,0.591657,0.355164,0.357053,0.409397,1,1
2203,56,-0.088945,0.567756,0.288903,0.313628,0.330518,1,1
2208,56,-0.020465,0.562899,0.322792,0.381493,0.414940,1,1
2225,56,0.129725,0.595559,0.249493,0.396876,0.311564,0,1
2243,57,0.101183,0.617617,0.294870,0.348061,0.375227,1,1
2267,57,0.102438,0.426015,0.244538,0.345910,0.379404,0,1
2275,57,0.015595,0.566203,0.270734,0.372785,0.326495,1,1
2256,57,-0.042432,0.724823,0.244094,0.344726,0.357317,1,0
2261,57,0.065778,0.563084,0.278944,0.339079,0.361387,1,1
2253,57,-0.011488,0.670723,0.360701,0.366860,0.377544,1,0
2249,57,0.050165,0.546289,0.319479,0.330177,0.309446,1,1
2259,57,0.019851,0.632786,0.290264,0.396455,0.426677,1,1
2262,57,0.075806,0.545609,0.364511,0.385438,0.298315,1,1
2268,57,0.014569,0.579091,0.341495,0.366099,0.300211,1,1
2263,57,0.024177,0.492386,0.356770,0.354545,0.331742,1,1
2245,57,0.021448,0.564178,0.277059,0.261889,0.289485,1,1
2270,57,-0.000910,0.549421,0.394532,0.284519,0.291041,1,1
2247,57,-0.025492,0.471953,0.252806,0.328998,0.340244,1,1
2246,57,-0.022688,0.448292,0.325861,0.231327,0.304556,1,1
2276,57,0.021336,0.604625,0.342983,0.304394,0.362567,1,1
2265,57,-0.009955,0.532250,0.350989,0.426562,0.340551,1,1
2277,57,0.049373,0.547077,0.292790,0.298998,0.366593,1,1
2272,57,0.094987,0.577317,0.303237,0.374048,0.409705,1,1
2248,57,0.004393,0.505544,0.279417,0.264320,0.382861,1,1
2252,57,0.052772,0.577755,0.394990,0.300433,0.361993,1,1
2242,57,-0.035301,0.597264,0.247973,0.404890,0.325801,1,1
2274,57,0.056894,0.562092,0.272713,0.397990,0.319118,1,1
2244,57,-0.043116,0.552996,0.287641,0.283098,0.318167,1,1
2258,57,0.001873,0.633555,0.283695,0.229491,0.422341,1,1
2279,57,-0.000790,0.485511,0.252756,0.364209,0.304405,1,1
2273,57,0.066302,0.490301,0.267860,0.286890,0.362963,1,1
2257,57,-0.002296,0.555418,0.275575,0.283501,0.322160,1,1
2260,57,0.051680,0.466227,0.385204,0.313668,0.359265,1,1
2250,57,-0.098139,0.688208,0.268858,0.291688,0.246579,1,0
2255,57,-0.008960,0.620705,0.297829,0.352865,0.333850,1,1
2241,57,-0.015693,0.537048,0.338368,0.323309,0.316665,1,1
2271,57,-0.003028,0.579206,0.365027,0.435790,0.369565,1,1
2266,57,0.015181,0.556196,0.294146,0.302143,0.408579,1,1
2269,57,0.076712,0.621816,0.345737,0.323871,0.313787,1,1
2264,57,0.144261,0.570008,0.343397,0.424349,0.293037,0,1
2278,57,0.035996,0.552525,0.355979,0.364513,0.389718,1,1
2251,57,-0.030862,0.603979,0.257638,0.249892,0.195275,1,1
2240,57,-0.034707,0.588777,0.246732,0.335917,0.300029,1,1
2254,57,-0.057885,0.611014,0.323118,0.304658,0.383700,1,1
2282,58,-0.094454,0.629986,0.282305,0.321564,0.359303,1,0
2286,58,0.047923,0.611760,0.244775,0.357359,0.380648,1,1
2294,58,-0.025922,0.578179,0.288781,0.250305,0.256729,1,1
2300,58,0.164483,0.574438,0.436486,0.333661,0.378413,0,1
2319,58,0.108611,0.503765,0.318842,0.376020,0.421507,1,1
2292,58,0.097009,0.596459,0.374493,0.340775,0.391108,1,1
2302,58,0.158147,0.554834,0.234167,0.416857,0.383262,0,1
2303,58,0.155811,0.561683,0.326644,0.269094,0.410953,0,1
2293,58,-0.004279,0.533763,0.337215,0.312763,0.328778,1,1
2316,58,0.032103,0.548302,0.374030,0.350333,0.391022,1,1
2284,58,-0.046046,0.588245,0.389070,0.276003,0.347472,1,0
2318,58,0.112902,0.574835,0.224936,0.311039,0.320200,1,1
2304,58,0.074143,0.626014,0.348706,0.290320,0.480474,1,1
2305,58,0.056733,0.473332,0.394683,0.250502,0.321500,1,1
2307,58,0.112261,0.570447,0.265989,0.363773,0.383968,1,1
2291,58,0.066884,0.580990,0.297615,0.391457,0.391506,1,1
2288,58,0.065177,0.489885,0.324373,0.309596,0.432556,1,1
2299,58,-0.043600,0.504176,0.290595,0.257512,0.374917,1,0
2314,58,0.087793,0.575866,0.360516,0.281750,0.359066,1,1
2301,58,0.125667,0.584836,0.348457,0.348197,0.445658,1,1
2289,58,-0.008444,0.573657,0.238911,0.358505,0.350138,1,1
2313,58,0.063947,0.525933,0.348365,0.375414,0.386505,1,1
2298,58,-0.009411,0.660372,0.241526,0.334999,0.394117,1,0
2297,58,-0.015287,0.655190,0.229167,0.284174,0.419687,1,0
2311,58,0.076336,0.544914,0.359691,0.360436,0.451112,1,1
2308,58,0.058015,0.663053,0.318617,0.373253,0.365990,1,1
2283,58,0.017319,0.563009,0.289502,0.343964,0.393960,1,1
2306,58,0.032832,0.494979,0.383315,0.275275,0.324368,1,1
2287,58,-0.019700,0.690404,0.319951,0.317555,0.379070,1,0
2317,58,0.060125,0.489295,0.301435,0.362717,0.338827,1,1
2281,58,0.069989,0.593006,0.371324,0.263913,0.369414,1,1
2296,58,0.021491,0.571726,0.438500,0.341881,0.376404,1,1
2312,58,0.067808,0.570939,0.305506,0.328044,0.285649,1,1
2309,58,0.132984,0.636013,0.391537,0.368921,0.376100,1,1
2315,58,0.182093,0.473596,0.282013,0.371572,0.418448,0,1
2290,58,0.054921,0.590550,0.374553,0.289910,0.285258,1,1
2285,58,-0.045706,0.565175,0.276374,0.256934,0.342228,1,1
2280,58,0.007964,0.678029,0.347998,0.373934,0.364850,1,0
2295,58,0.026787,0.554860,0.318022,0.213156,0.377725,1,1
2310,58,0.077910,0.533913,0.303937,0.386733,0.365664,1,1
2343,59,0.178141,0.534149,0.325603,0.349243,0.472729,0,1
2357,59,0.034979,0.547444,0.301451,0.320448,0.448806,1,1
2346,59,0.132969,0.587526,0.371613,0.331196,0.398762,1,1
2332,59,0.045228,0.544110,0.318379,0.319315,0.342964,1,1
2340,59,0.132915,0.572388,0.297930,0.275520,0.303279,1,1
2341,59,0.061721,0.494800,0.250806,0.385493,0.325567,1,1
2324,59,0.048852,0.630356,0.292761,0.386589,0.406513,1,1
2351,59,0.059173,0.565432,0.333081,0.346779,0.354964,1,1
2323,59,0.043943,0.557826,0.288764,0.391462,0.363475,1,1
2321,59,0.100499,0.474331,0.248336,0.236467,0.476780,1,1
2327,59,0.090928,0.498421,0.220872,0.335847,0.495053,1,1
2358,59,0.112667,0.567898,0.319725,0.325529,0.424641,1,1
2359,59,0.133321,0.549735,0.310827,0.344864,0.342854,1,1
2320,59,0.088546,0.662149,0.275800,0.344512,0.350493,1,1
2338,59,0.058593,0.622373,0.425981,0.326905,0.396425,1,1
2334,59,0.020530,0.554825,0.235859,0.322190,0.366714,1,1
2354,59,0.033048,0.569168,0.315666,0.375014,0.427872,1,1
2337,59,-0.060739,0.694619,0.270935,0.300833,0.321963,1,0
2330,59,0.031840,0.656724,0.326634,0.331844,0.370681,1,1
2326,59,-0.104753,0.666723,0.335392,0.319807,0.403090,1,0
2325,59,-0.016147,0.568911,0.351822,0.392828,0.366857,1,1
2353,59,0.146626,0.486554,0.375737,0.270468,0.345716,0,1
2331,59,0.055471,0.637513,0.390170,0.408976,0.370124,1,1
2344,59,0.147058,0.484764,0.292409,0.268547,0.334744,0,1
2336,59,0.001461,0.638255,0.323749,0.266087,0.395266,1,1
2322,59,-0.035944,0.620310,0.263460,0.371992,0.343848,1,0
2352,59,0.161023,0.488793,0.281663,0.479838,0.442752,0,1
2347,59,0.181419,0.602988,0.334440,0.351264,0.314287,0,1
2329,59,0.040381,0.656155,0.250293,0.398225,0.426233,1,1
2345,59,0.112348,0.563912,0.292072,0.318552,0.452746,1,1
2342,59,0.051978,0.465960,0.367742,0.417994,0.446711,1,1
2333,59,0.075196,0.682049,0.335295,0.432468,0.287954,1,1
2349,59,0.177560,0.533835,0.368657,0.370130,0.414070,0,1
2328,59,0.052098,0.585442,0.233655,0.329000,0.423022,1,1
2356,59,0.156011,0.563031,0.308913,0.258592,0.395429,1,1
2348,59,0.185871,0.537022,0.365881,0.311992,0.387555,0,1
2339,59,0.058606,0.626126,0.413875,0.285198,0.322186,1,1
2355,59,0.088413,0.519673,0.313953,0.387522,0.385782,1,1
2350,59,0.167181,0.546290,0.242990,0.431476,0.390753,0,1
2335,59,0.025506,0.632571,0.279914,0.329442,0.418825,1,1
2394,60,0.130657,0.561907,0.337519,0.394351,0.397930,1,1
2395,60,0.167187,0.451294,0.350526,0.373645,0.318863,0,1
2377,60,0.077884,0.645893,0.288026,0.284447,0.344833,1,1
2365,60,0.068026,0.628337,0.321061,0.287935,0.279128,1,1
2376,60,0.023490,0.769202,0.368499,0.372827,0.291428,1,0
2370,60,0.141087,0.588522,0.278279,0.327351,0.370742,1,1
2379,60,0.069311,0.735032,0.273691,0.275894,0.354747,1,0
2372,60,0.054528,0.600285,0.314685,0.340956,0.409195,1,1
2387,60,0.197721,0.591353,0.369800,0.427957,0.368023,0,1
2398,60,0.077563,0.533300,0.346168,0.343991,0.423056,1,1
2366,60,0.058965,0.539330,0.299907,0.285361,0.381837,1,1
2364,60,0.047498,0.598768,0.367930,0.346706,0.429259,1,1
2393,60,0.112451,0.516261,0.304985,0.300346,0.418610,1,1
2383,60,0.080849,0.559414,0.231514,0.274036,0.392177,1,1
2399,60,0.077815,0.524613,0.385717,0.331595,0.385136,1,1
2363,60,0.004306,0.682241,0.331329,0.293626,0.341841,1,0
2369,60,0.074987,0.612120,0.366459,0.405174,0.320701,1,1
2371,60,-0.044912,0.520249,0.359828,0.344578,0.373129,1,0
2367,60,0.017084,0.595157,0.273027,0.376076,0.417802,1,1
2382,60,-0.053420,0.520210,0.347850,0.400423,0.386403,1,1
2378,60,-0.005501,0.641006,0.415873,0.367876,0.362337,1,0
2386,60,0.221360,0.429443,0.310236,0.325876,0.409524,0,1
2396,60,0.158302,0.536384,0.271424,0.374844,0.459101,1,1
2361,60,0.040914,0.702263,0.425556,0.360011,0.489812,1,0
2385,60,0.101978,0.490192,0.340109,0.296192,0.440589,1,1
2362,60,0.069238,0.530823,0.282543,0.351860,0.376816,1,1
2390,60,0.076103,0.586068,0.415182,0.395178,0.453504,1,1
2391,60,0.114801,0.511667,0.288812,0.470493,0.353984,1,1
2381,60,0.094478,0.535367,0.300927,0.369237,0.320850,1,1
2375,60,0.086756,0.539170,0.231232,0.377108,0.409978,1,1
2397,60,0.125671,0.538609,0.229272,0.348208,0.382299,1,1
2374,60,-0.002665,0.490591,0.214663,0.262771,0.467981,1,1
2373,60,0.069869,0.622565,0.302557,0.238622,0.415164,1,1
2388,60,0.116800,0.517823,0.325686,0.368662,0.376303,1,1
2389,60,0.113393,0.582428,0.375704,0.327890,0.406215,1,1
2368,60,0.086542,0.567166,0.283045,0.370988,0.389021,1,1
2360,60,0.070180,0.590166,0.313061,0.352320,0.357428,1,1
2380,60,0.093299,0.505816,0.395842,0.377949,0.421660,1,1
2392,60,0.141948,0.541566,0.268361,0.351089,0.375599,1,1
2384,60,0.081942,0.483133,0.356902,0.357862,0.473876,1,1
2415,61,0.098819,0.682905,0.375621,0.406174,0.316800,1,1
2422,61,0.104908,0.514305,0.415706,0.400713,0.483460,1,1
2429,61,0.139713,0.540050,0.265687,0.358664,0.347201,1,1
2432,61,0.133161,0.531104,0.357942,0.344581,0.512728,1,1
2403,61,0.121862,0.619165,0.375415,0.299734,0.353391,1,1
2426,61,0.200486,0.542886,0.325970,0.329061,0.344033,0,1
2411,61,0.020979,0.571714,0.309684,0.311629,0.363218,1,1
2423,61,0.225715,0.547882,0.362071,0.280580,0.402107,0,1
2414,61,0.166728,0.565627,0.427633,0.346402,0.427416,1,1
2439,61,0.124783,0.511449,0.306120,0.373057,0.414287,1,1
2405,61,0.080090,0.634887,0.365250,0.362174,0.414231,1,1
2437,61,0.063619,0.534795,0.418175,0.401810,0.387221,1,1
2431,61,0.171227,0.593066,0.362804,0.440330,0.260949,1,1
2434,61,0.097282,0.525577,0.338778,0.341925,0.442990,1,1
2409,61,-0.012865,0.539163,0.286361,0.382901,0.424519,1,1
2406,61,0.102868,0.569649,0.230447,0.273333,0.344328,1,1
2407,61,0.038538,0.527649,0.353399,0.326223,0.328057,1,1
2428,61,0.161971,0.571832,0.327041,0.431024,0.313071,1,1
2401,61,0.078123,0.613281,0.322480,0.331890,0.465599,1,1
2427,61,0.086417,0.542646,0.357746,0.372741,0.387970,1,1
2400,61,-0.059890,0.662737,0.346333,0.357826,0.405758,1,0
2424,61,0.196659,0.540451,0.284301,0.306940,0.398294,0,1
2417,61,-0.030710,0.618561,0.311121,0.381704,0.301351,1,0
2420,61,0.206662,0.668378,0.340256,0.349780,0.354109,0,1
2421,61,0.178570,0.523120,0.348775,0.367973,0.460662,1,1
2413,61,0.074783,0.578684,0.256840,0.373630,0.407545,1,1
2435,61,0.039956,0.581803,0.355038,0.425724,0.360109,1,1
2416,61,0.031238,0.556994,0.282995,0.324072,0.376210,1,1
2419,61,0.085975,0.604126,0.362296,0.334032,0.270787,1,1
2418,61,0.052639,0.549679,0.302681,0.345990,0.376467,1,1
2412,61,0.111776,0.591696,0.409662,0.399412,0.385074,1,1
2402,61,-0.002041,0.643176,0.416998,0.348247,0.341882,1,0
2408,61,0.101082,0.615197,0.385702,0.354004,0.452663,1,1
2425,61,0.034191,0.586241,0.253443,0.396733,0.344174,1,1
2436,61,0.139383,0.582007,0.513488,0.364614,0.385470,1,1
2404,61,0.149526,0.625902,0.302808,0.301632,0.368202,1,1
2410,61,0.123127,0.524464,0.347097,0.313224,0.295685,1,1
2438,61,0.142994,0.463005,0.382176,0.257311,0.429216,0,1
2430,61,0.090367,0.536198,0.304573,0.382567,0.325258,1,1
2433,61,0.170135,0.492383,0.346450,0.318269,0.469042,0,1
2464,62,0.062506,0.562868,0.370241,0.334603,0.415993,1,1
2458,62,0.021997,0.571081,0.371339,0.335868,0.517819,1,1
2467,62,0.119194,0.615888,0.469479,0.413125,0.434826,1,1
2462,62,0.133663,0.610858,0.275254,0.318821,0.406522,1,1
2447,62,0.036890,0.613885,0.387498,0.433594,0.452001,1,1
2468,62,0.120563,0.454926,0.370738,0.387189,0.372091,0,1
2452,62,0.056855,0.593268,0.277104,0.360197,0.290924,1,1
2477,62,0.221626,0.632668,0.296906,0.320269,0.334319,0,1
2465,62,0.171230,0.548993,0.310784,0.461928,0.336298,1,1
2461,62,0.126025,0.609227,0.345151,0.370641,0.352216,1,1
2448,62,0.049441,0.549154,0.282812,0.352677,0.336267,1,1
2478,62,0.174454,0.579885,0.371869,0.408889,0.398092,1,1
2471,62,0.197384,0.449199,0.302425,0.401551,0.449747,0,1
2453,62,0.076025,0.542350,0.325534,0.317927,0.500568,1,1
2473,62,0.185580,0.506737,0.474018,0.441781,0.383863,1,1
2441,62,0.113049,0.601768,0.339173,0.288042,0.398270,1,1
2472,62,0.077418,0.573916,0.236639,0.456807,0.434931,1,1
2443,62,0.099702,0.634154,0.436601,0.364806,0.364040,1,1
2440,62,0.151116,0.658821,0.310796,0.378561,0.438700,1,1
2455,62,0.058397,0.592702,0.427340,0.382035,0.369925,1,1
2469,62,0.150886,0.596210,0.455953,0.224150,0.371825,1,1
2459,62,0.067269,0.587177,0.275035,0.393477,0.399057,1,1
2449,62,0.026216,0.676563,0.352764,0.354179,0.333853,1,0
2463,62,0.166136,0.572660,0.344982,0.394954,0.383366,1,1
2460,62,0.128243,0.530092,0.389675,0.420802,0.296083,1,1
2456,62,0.060592,0.732493,0.298266,0.428194,0.412099,1,0
2475,62,0.189101,0.607015,0.447919,0.371110,0.356022,1,1
2457,62,0.151947,0.630972,0.349665,0.314321,0.388904,1,1
2454,62,0.095379,0.540649,0.359590,0.382636,0.402438,1,1
2445,62,0.027229,0.618061,0.359351,0.234636,0.355766,1,0
2446,62,0.112925,0.660857,0.379733,0.460252,0.443086,1,1
2466,62,0.187776,0.567480,0.463098,0.346516,0.404760,1,1
2470,62,0.131130,0.569189,0.226195,0.349571,0.413527,1,1
2479,62,0.110484,0.563406,0.369648,0.371267,0.427863,1,1
2442,62,0.101761,0.594261,0.385891,0.253814,0.446917,1,1
2451,62,0.056331,0.618186,0.317929,0.301312,0.409874,1,1
2474,62,0.172980,0.592567,0.356560,0.310519,0.328132,1,1
2444,62,0.020442,0.576563,0.385352,0.446084,0.296461,1,1
2476,62,0.170818,0.587827,0.345219,0.321367,0.397031,1,1
2450,62,0.019455,0.485786,0.265957,0.262885,0.403096,1,0
2492,63,0.134206,0.500113,0.345661,0.351354,0.390145,1,1
2506,63,0.208719,0.559650,0.315805,0.421754,0.435729,1,1
2494,63,0.081449,0.646436,0.361145,0.387789,0.392608,1,1
2493,63,0.099357,0.579846,0.292166,0.307497,0.410714,1,1
2512,63,0.168743,0.527618,0.353297,0.361342,0.464445,1,1
2481,63,0.148658,0.550293,0.378271,0.327479,0.380847,1,1
2499,63,0.126001,0.551692,0.302182,0.362578,0.365606,1,1
2507,63,0.186231,0.555645,0.405937,0.351399,0.366102,1,1
2508,63,0.134595,0.594188,0.308303,0.416128,0.418437,1,1
2496,63,0.107393,0.578545,0.447769,0.346991,0.466093,1,1
2510,63,0.166693,0.546490,0.240922,0.451765,0.350842,1,1
2486,63,0.169348,0.624716,0.328930,0.355933,0.387342,1,1
2500,63,0.168107,0.589274,0.269931,0.308199,0.366303,1,1
2503,63,0.242703,0.646970,0.357450,0.300176,0.381791,0,1
2513,63,0.131390,0.492122,0.327074,0.481905,0.372172,1,1
2516,63,0.189299,0.514249,0.327195,0.346913,0.386108,1,1
2502,63,0.186797,0.523001,0.313873,0.412921,0.349448,1,1
2490,63,0.098448,0.572836,0.359390,0.351383,0.335495,1,1
2488,63,0.101444,0.522945,0.402596,0.343176,0.483280,1,1
2515,63,0.178388,0.544718,0.334872,0.280176,0.334291,1,1
2485,63,0.058653,0.557574,0.340389,0.292394,0.518732,1,1
2509,63,0.198904,0.507854,0.406320,0.295168,0.468331,1,1
2487,63,0.073469,0.594125,0.308114,0.401725,0.453883,1,1
2514,63,0.099915,0.571300,0.354173,0.371772,0.394728,1,1
2498,63,0.113719,0.538535,0.394990,0.334677,0.336856,1,1
2495,63,0.065729,0.612012,0.348627,0.415576,0.418428,1,1
2482,63,0.021284,0.611548,0.356452,0.391070,0.433346,1,0
2504,63,0.226064,0.524086,0.394703,0.396658,0.324342,0,1
2491,63,0.009466,0.623311,0.361735,0.345922,0.460054,1,0
2505,63,0.168895,0.576404,0.409031,0.431160,0.490489,1,1
2483,63,0.051313,0.694073,0.375417,0.439347,0.420857,1,0
2480,63,-0.042462,0.619011,0.296930,0.374722,0.411976,1,0
2511,63,0.110090,0.552990,0.395537,0.360950,0.374755,1,1
2518,63,0.185481,0.587607,0.392547,0.416934,0.416842,1,1
2519,63,0.127957,0.428079,0.418338,0.349269,0.528773,0,1
2517,63,0.186130,0.518713,0.359146,0.353713,0.382755,1,1
2497,63,0.064484,0.533910,0.367274,0.293015,0.437264,1,1
2489,63,0.113517,0.619404,0.321295,0.341194,0.427505,1,1
2484,63,0.130003,0.607848,0.436013,0.401649,0.415505,1,1
2501,63,0.210319,0.541058,0.234637,0.326943,0.396695,1,1
2530,64,0.095196,0.597338,0.304431,0.416099,0.351728,1,1
2528,64,0.133065,0.571040,0.394010,0.304512,0.433203,1,1
2541,64,0.233905,0.560749,0.410140,0.467467,0.385797,1,1
2542,64,0.137068,0.534154,0.383304,0.441877,0.425935,1,1
2550,64,0.251424,0.553629,0.393712,0.495152,0.346706,0,1
2522,64,0.139308,0.540625,0.280757,0.328601,0.445215,1,1
2547,64,0.215365,0.607302,0.325857,0.408858,0.442475,1,1
2558,64,0.171781,0.536556,0.397257,0.422948,0.394926,1,1
2535,64,0.180101,0.537713,0.348631,0.420242,0.400755,1,1
2537,64,0.132080,0.633966,0.408434,0.455079,0.426748,1,1
2525,64,0.052534,0.677592,0.292750,0.427059,0.333581,1,0
2540,64,0.207203,0.455803,0.290309,0.525180,0.354420,0,1
2520,64,0.097925,0.624773,0.309037,0.354125,0.378271,1,1
2532,64,0.022564,0.545669,0.318696,0.332681,0.355267,1,0
2553,64,0.112566,0.543715,0.366214,0.319085,0.340793,1,1
2552,64,0.201310,0.532458,0.310439,0.434564,0.352628,1,1
2554,64,0.191341,0.588419,0.409628,0.417220,0.371626,1,1
2527,64,0.183475,0.630506,0.358383,0.444543,0.494700,1,1
2546,64,0.174867,0.589389,0.397000,0.437908,0.421486,1,1
2523,64,0.029105,0.518304,0.357584,0.247482,0.412343,1,0
2559,64,0.204668,0.505558,0.396702,0.406228,0.498543,1,1
2531,64,0.033179,0.643771,0.426794,0.357830,0.392716,1,0
2534,64,0.084223,0.607129,0.302639,0.334197,0.437672,1,1
2526,64,0.061469,0.608487,0.303425,0.393009,0.447268,1,1
2557,64,0.176642,0.529273,0.379149,0.346402,0.482799,1,1
2545,64,0.262744,0.533670,0.404778,0.376898,0.410645,0,1
2529,64,0.070995,0.615332,0.377973,0.414376,0.369487,1,1
2549,64,0.150764,0.509635,0.352087,0.380412,0.404793,1,1
2556,64,0.217450,0.546974,0.324870,0.370692,0.384816,1,1
2543,64,0.248653,0.540295,0.366442,0.400763,0.339546,0,1
2548,64,0.157095,0.554642,0.386678,0.440326,0.495742,1,1
2555,64,0.153578,0.424207,0.349529,0.376516,0.417773,0,1
2538,64,0.079091,0.599923,0.364949,0.294869,0.346567,1,1
2544,64,0.096687,0.508621,0.282708,0.304845,0.356112,1,1
2533,64,0.055725,0.611624,0.231366,0.400789,0.396583,1,1
2539,64,0.104063,0.668934,0.259230,0.405808,0.431566,1,1
2536,64,0.113030,0.625738,0.410717,0.330940,0.454061,1,1
2551,64,0.145850,0.540967,0.315631,0.450727,0.426549,1,1
2524,64,0.108048,0.588129,0.414000,0.350099,0.435438,1,1
2521,64,0.089571,0.615537,0.386891,0.437305,0.456555,1,1
2580,65,0.186993,0.592353,0.358044,0.310160,0.444901,1,1
2591,65,0.202342,0.590068,0.305090,0.281206,0.386039,1,1
2565,65,0.115298,0.605682,0.352598,0.480616,0.436079,1,1
2584,65,0.129678,0.514021,0.457594,0.355733,0.471915,1,1
2595,65,0.275732,0.469553,0.407944,0.385146,0.457932,0,1
2577,65,0.084568,0.620662,0.435742,0.376570,0.385203,1,1
2568,65,0.073770,0.629345,0.326035,0.400181,0.364372,1,1
2579,65,0.055719,0.559568,0.287639,0.431735,0.333698,1,1
2586,65,0.316543,0.669315,0.452118,0.401316,0.440823,0,1
2567,65,0.154174,0.592785,0.343564,0.320062,0.459892,1,1
2561,65,0.096249,0.574325,0.375254,0.323846,0.411233,1,1
2570,65,0.104307,0.597547,0.410873,0.432489,0.357749,1,1
2581,65,0.257040,0.541084,0.459506,0.444691,0.502040,1,1
2596,65,0.152156,0.493361,0.329793,0.332560,0.439014,1,1
2599,65,0.258723,0.530193,0.462791,0.315524,0.476444,0,1
2583,65,0.118217,0.523480,0.360843,0.405441,0.380148,1,1
2571,65,0.081971,0.555534,0.241889,0.344861,0.336130,1,1
2597,65,0.179612,0.503864,0.382622,0.358150,0.479271,1,1
2594,65,0.235897,0.556206,0.427554,0.398175,0.413067,1,1
2576,65,0.160125,0.671246,0.356426,0.361450,0.467505,1,1
2562,65,0.126568,0.570659,0.357975,0.309292,0.405426,1,1
2569,65,0.055545,0.417427,0.349753,0.364572,0.450453,1,0
2587,65,0.190409,0.590638,0.410884,0.427912,0.445365,1,1
2589,65,0.253386,0.588433,0.332556,0.429401,0.409639,1,1
2564,65,0.058989,0.561718,0.486926,0.423600,0.396700,1,1
2590,65,0.299285,0.626857,0.375080,0.398065,0.438299,0,1
2572,65,0.144760,0.619728,0.275390,0.371561,0.367500,1,1
2588,65,0.144234,0.560719,0.336240,0.320162,0.362348,1,1
2574,65,0.098141,0.641634,0.371343,0.420469,0.429377,1,1
2566,65,0.174282,0.580395,0.354239,0.362186,0.375009,1,1
2593,65,0.194802,0.692256,0.427376,0.335506,0.332162,1,1
2560,65,0.164342,0.585547,0.363657,0.436002,0.474221,1,1
2592,65,0.148738,0.488466,0.388587,0.392634,0.393655,1,1
2575,65,0.071891,0.596058,0.269770,0.380132,0.390991,1,1
2585,65,0.267535,0.608216,0.352252,0.431253,0.455312,1,1
2582,65,0.218456,0.496591,0.440273,0.385736,0.434882,1,1
2563,65,0.076798,0.643890,0.375392,0.351390,0.431390,1,0
2598,65,0.195672,0.543043,0.391856,0.532188,0.327731,1,1
2578,65,0.130145,0.584695,0.411489,0.323772,0.404539,1,1
2573,65,0.235279,0.536594,0.326428,0.407734,0.438384,1,1
2631,66,0.232721,0.594242,0.325468,0.388274,0.413350,1,1
2630,66,0.228411,0.552744,0.310101,0.472665,0.400272,1,1
2637,66,0.253392,0.520554,0.490393,0.342119,0.461330,1,1
2625,66,0.255192,0.511193,0.407535,0.421599,0.466405,0,1
2633,66,0.172683,0.545762,0.377300,0.385895,0.351120,1,1
2607,66,0.071411,0.553821,0.300596,0.333035,0.389307,1,1
2611,66,0.167268,0.615615,0.370570,0.356528,0.507469,1,1
2629,66,0.189961,0.571366,0.405704,0.438892,0.373402,1,1
2600,66,0.133279,0.566525,0.331824,0.400306,0.425286,1,1
2628,66,0.279141,0.463615,0.395567,0.391985,0.409076,0,1
2636,66,0.138441,0.539113,0.430182,0.361711,0.474130,1,1
2616,66,0.119048,0.614455,0.320399,0.358590,0.450527,1,1
2626,66,0.264542,0.532119,0.343153,0.347109,0.446763,1,1
2620,66,0.175511,0.545771,0.357880,0.424835,0.407902,1,1
2601,66,0.010863,0.586668,0.455206,0.341961,0.451605,1,0
2632,66,0.220573,0.498546,0.352385,0.329604,0.436364,1,1
2623,66,0.321310,0.546660,0.315252,0.240026,0.445482,0,1
2604,66,0.144689,0.704638,0.447024,0.328594,0.518538,1,0
2609,66,0.217016,0.538069,0.425901,0.369261,0.367089,1,1
2612,66,0.220042,0.586739,0.409666,0.416454,0.558375,1,1
2605,66,0.103403,0.645943,0.358155,0.401264,0.462987,1,1
2621,66,0.261144,0.537906,0.338152,0.460554,0.359347,1,1
2617,66,0.247200,0.610685,0.412173,0.511402,0.451922,1,1
2602,66,0.199067,0.593118,0.304411,0.431559,0.459236,1,1
2622,66,0.242732,0.462167,0.377320,0.344036,0.414692,0,1
2639,66,0.201297,0.601887,0.262413,0.330651,0.299270,1,1
2610,66,0.234795,0.641908,0.399421,0.404257,0.473656,1,1
2627,66,0.196599,0.577416,0.356046,0.427918,0.406133,1,1
2613,66,0.124694,0.531879,0.302381,0.375843,0.366827,1,1
2619,66,0.164809,0.537182,0.339372,0.498356,0.465379,1,1
2608,66,0.166320,0.646634,0.428602,0.458756,0.463701,1,1
2635,66,0.178823,0.602696,0.329786,0.369467,0.439266,1,1
2618,66,0.216713,0.616192,0.321578,0.486347,0.497452,1,1
2606,66,0.101524,0.601761,0.356137,0.446719,0.446242,1,1
2614,66,0.074488,0.565905,0.482352,0.406992,0.416870,1,1
2638,66,0.123248,0.571394,0.436537,0.457566,0.350042,1,1
2634,66,0.269764,0.551873,0.463903,0.366808,0.434926,1,1
2603,66,0.088948,0.539657,0.376845,0.431213,0.437242,1,1
2624,66,0.161017,0.540446,0.421804,0.307768,0.444289,1,1
2615,66,0.128242,0.554400,0.403908,0.361261,0.426545,1,1
2658,67,0.100502,0.615446,0.374107,0.433592,0.422230,1,1
2673,67,0.276519,0.508210,0.386908,0.513714,0.443825,0,1
2664,67,0.270715,0.619455,0.356355,0.410065,0.469973,1,1
2666,67,0.171517,0.591859,0.373386,0.366494,0.441844,1,1
2649,67,0.146206,0.532241,0.313390,0.393689,0.480278,1,1
2678,67,0.300097,0.532652,0.328319,0.440918,0.385175,0,1
2641,67,0.144885,0.570135,0.389725,0.407070,0.423808,1,1
2655,67,0.129701,0.677280,0.490389,0.364935,0.405485,1,0
2665,67,0.281395,0.531546,0.443488,0.393002,0.431046,0,1
2642,67,0.173242,0.615603,0.387415,0.476592,0.460151,1,1
2640,67,0.138998,0.621894,0.371246,0.458447,0.450413,1,1
2656,67,0.213978,0.583499,0.396001,0.442126,0.395374,1,1
2648,67,0.130636,0.654069,0.334389,0.446032,0.358039,1,1
2645,67,0.264766,0.498832,0.338673,0.435940,0.471016,1,1
2675,67,0.233844,0.602555,0.396402,0.445998,0.386885,1,1
2670,67,0.202793,0.609370,0.429631,0.329663,0.374596,1,1
2646,67,0.144026,0.646119,0.407687,0.394074,0.487503,1,1
2651,67,0.077415,0.583033,0.217428,0.390866,0.451897,1,0
2659,67,0.109964,0.659228,0.344038,0.482055,0.464305,1,0
2672,67,0.249448,0.461354,0.494990,0.414660,0.394846,0,1
2671,67,0.218331,0.579862,0.265618,0.425505,0.379057,1,1
2674,67,0.266945,0.482800,0.357225,0.371203,0.393671,0,1
2653,67,0.144800,0.654258,0.393946,0.515769,0.374890,1,1
2657,67,0.145607,0.557272,0.287645,0.361292,0.462249,1,1
2652,67,0.226501,0.626631,0.406108,0.540918,0.372250,1,1
2643,67,0.128942,0.526849,0.415096,0.321212,0.526327,1,1
2679,67,0.141086,0.549671,0.357554,0.430175,0.537936,1,1
2668,67,0.228764,0.578897,0.456912,0.366405,0.485047,1,1
2644,67,0.139098,0.640226,0.395948,0.372503,0.459290,1,1
2660,67,0.239916,0.544028,0.287720,0.457175,0.432551,1,1
2662,67,0.119229,0.517148,0.404759,0.441267,0.468484,1,1
2669,67,0.237257,0.542138,0.320974,0.424074,0.477680,1,1
2663,67,0.268669,0.526735,0.378145,0.410312,0.350191,1,1
2677,67,0.282451,0.604654,0.413247,0.395199,0.427426,1,1
2661,67,0.234867,0.554739,0.302235,0.337726,0.459949,1,1
2667,67,0.255560,0.582543,0.345274,0.364364,0.493681,1,1
2654,67,0.169419,0.645117,0.308004,0.450668,0.412777,1,1
2676,67,0.200417,0.546074,0.339420,0.425111,0.521964,1,1
2650,67,0.172522,0.589013,0.327990,0.394029,0.453440,1,1
2647,67,0.158109,0.611528,0.371002,0.489486,0.423896,1,1
2697,68,0.156968,0.679449,0.331195,0.442260,0.487890,1,0
2712,68,0.166122,0.581720,0.391289,0.344338,0.487467,1,1
2713,68,0.213265,0.552607,0.433182,0.484673,0.447510,1,1
2705,68,0.202924,0.504268,0.405233,0.453255,0.536067,1,1
2714,68,0.284574,0.525111,0.425380,0.480050,0.373794,1,1
2717,68,0.238253,0.527645,0.346274,0.439754,0.400103,1,1
2693,68,0.200814,0.591775,0.384030,0.401684,0.492942,1,1
2716,68,0.182040,0.608920,0.495742,0.446669,0.410044,1,1
2706,68,0.289807,0.528668,0.448961,0.449630,0.525003,1,1
2688,68,0.135490,0.658864,0.382125,0.467553,0.492244,1,0
2681,68,0.163809,0.601311,0.335999,0.464024,0.408097,1,1
2703,68,0.235669,0.525434,0.406698,0.452607,0.440077,1,1
2710,68,0.278176,0.551771,0.324781,0.539504,0.517639,1,1
2685,68,0.199271,0.623192,0.312225,0.439541,0.423086,1,1
2704,68,0.255946,0.541888,0.468991,0.456080,0.362901,1,1
2715,68,0.211559,0.565762,0.474292,0.519818,0.452896,1,1
2690,68,0.197145,0.656870,0.369668,0.414540,0.383922,1,1
2707,68,0.230806,0.545632,0.405502,0.371996,0.491554,1,1
2683,68,0.011198,0.601686,0.340031,0.361170,0.381105,1,0
2684,68,0.126677,0.557228,0.419466,0.393612,0.433005,1,1
2699,68,0.165493,0.670890,0.374494,0.478722,0.491241,1,0
2700,68,0.324809,0.557960,0.429337,0.503585,0.517904,0,1
2682,68,0.216716,0.606061,0.381205,0.478769,0.564677,1,1
2691,68,0.196299,0.625613,0.390855,0.521302,0.366771,1,1
2711,68,0.220635,0.478388,0.499033,0.427594,0.523809,1,1
2695,68,0.166741,0.601139,0.342156,0.324949,0.428181,1,1
2686,68,0.174224,0.569566,0.338687,0.399990,0.512023,1,1
2701,68,0.185327,0.527123,0.408335,0.401430,0.511742,1,1
2702,68,0.337845,0.562895,0.371273,0.543936,0.501163,0,1
2687,68,0.221291,0.529595,0.394734,0.403930,0.449154,1,1
2689,68,0.189724,0.578835,0.343220,0.378689,0.409622,1,1
2680,68,0.117552,0.615850,0.403257,0.460677,0.413411,1,0
2718,68,0.346203,0.524363,0.438721,0.537540,0.510778,0,1
2696,68,0.178881,0.555625,0.384564,0.457551,0.453662,1,1
2694,68,0.256237,0.657485,0.382867,0.430038,0.406024,1,1
2709,68,0.307859,0.474608,0.401830,0.463221,0.454485,0,1
2708,68,0.214951,0.535229,0.457375,0.426015,0.452571,1,1
2698,68,0.228547,0.709392,0.328543,0.406064,0.444102,1,0
2719,68,0.322685,0.565275,0.497833,0.481035,0.421220,0,1
2692,68,0.146949,0.584991,0.429555,0.334423,0.423045,1,1
2741,69,0.338025,0.614792,0.400404,0.459676,0.440291,0,1
2727,69,0.159353,0.610880,0.443057,0.431742,0.537679,1,1
2754,69,0.318562,0.631681,0.388115,0.458893,0.510002,1,1
2752,69,0.337059,0.541427,0.450446,0.493038,0.483917,0,1
2732,69,0.260366,0.483304,0.333841,0.420663,0.424929,1,1
2736,69,0.144646,0.579725,0.376662,0.375881,0.462791,1,1
2737,69,0.137615,0.639035,0.323275,0.446268,0.400559,1,0
2720,69,0.217807,0.656521,0.428902,0.516892,0.395210,1,1
2721,69,0.149780,0.585684,0.388871,0.441037,0.433163,1,1
2735,69,0.166769,0.598054,0.399551,0.516475,0.470105,1,1
2748,69,0.321276,0.627682,0.329348,0.444211,0.464526,1,1
2743,69,0.317282,0.528130,0.371945,0.448198,0.398675,0,1
2738,69,0.238195,0.587953,0.340745,0.379258,0.369124,1,1
2750,69,0.315304,0.560791,0.400012,0.474238,0.453509,1,1
2755,69,0.345253,0.447352,0.288787,0.434237,0.416573,0,1
2734,69,0.103183,0.641422,0.446357,0.420474,0.444913,1,0
2745,69,0.290567,0.470374,0.387840,0.443118,0.408641,0,1
2756,69,0.358711,0.559898,0.479651,0.523517,0.458112,0,1
2730,69,0.224258,0.712443,0.413641,0.397835,0.430121,1,0
2723,69,0.133130,0.570904,0.430549,0.439131,0.440012,1,0
2722,69,0.079165,0.591850,0.317984,0.379299,0.400944,1,0
2744,69,0.348166,0.663806,0.432565,0.370722,0.512420,0,1
2731,69,0.171493,0.566547,0.422954,0.460298,0.418781,1,1
2725,69,0.192141,0.605823,0.340747,0.319648,0.490707,1,1
2728,69,0.204998,0.550488,0.325359,0.400531,0.436229,1,1
2751,69,0.295447,0.522403,0.388888,0.443136,0.459861,1,1
2758,69,0.285345,0.626714,0.408810,0.294006,0.483699,1,1
2724,69,0.099849,0.625733,0.374196,0.392200,0.444781,1,0
2753,69,0.318632,0.539631,0.413002,0.407351,0.532062,0,1
2742,69,0.310843,0.551006,0.515196,0.515426,0.531077,1,1
2740,69,0.342593,0.516014,0.488651,0.375390,0.511998,0,1
2747,69,0.291621,0.587827,0.397622,0.340499,0.370155,1,1
2749,69,0.244376,0.688812,0.367749,0.400100,0.573878,1,1
2746,69,0.250941,0.554622,0.464876,0.430598,0.446403,1,1
2757,69,0.235263,0.543546,0.438630,0.414641,0.473243,1,1
2729,69,0.213794,0.661716,0.461695,0.448936,0.455643,1,1
2739,69,0.128130,0.634326,0.353290,0.403889,0.435465,1,0
2759,69,0.210947,0.533659,0.439407,0.434074,0.502481,1,1
2726,69,0.230610,0.606118,0.396435,0.423623,0.477454,1,1
2733,69,0.177451,0.621892,0.419781,0.482946,0.483167,1,1
2775,70,0.200620,0.623774,0.410598,0.422228,0.446981,1,1
2766,70,0.191228,0.527271,0.372082,0.396960,0.584169,1,1
2779,70,0.133067,0.510342,0.504929,0.416254,0.418229,1,0
2765,70,0.191198,0.657777,0.432321,0.409347,0.462495,1,0
2764,70,0.145600,0.600557,0.356586,0.450648,0.410126,1,0
2790,70,0.337402,0.653174,0.429568,0.457499,0.461267,0,1
2761,70,0.263801,0.544586,0.458571,0.406000,0.469425,1,1
2770,70,0.288937,0.619358,0.377603,0.372597,0.417518,1,1
2788,70,0.310879,0.458105,0.413320,0.528346,0.486053,0,1
2792,70,0.289702,0.511685,0.376589,0.437609,0.448989,1,1
2781,70,0.346052,0.557534,0.534354,0.447925,0.521225,0,1
2769,70,0.255381,0.598546,0.437188,0.422954,0.448314,1,1
2796,70,0.289593,0.451214,0.437086,0.480551,0.545299,0,1
2795,70,0.343595,0.561300,0.411740,0.469295,0.493470,0,1
2793,70,0.274929,0.610549,0.405155,0.499098,0.458788,1,1
2784,70,0.306103,0.609442,0.344426,0.407104,0.430949,1,1
2760,70,0.183633,0.595635,0.449046,0.348498,0.576882,1,1
2774,70,0.186438,0.526295,0.354932,0.482908,0.428841,1,1
2797,70,0.286434,0.529198,0.386001,0.419942,0.482871,1,1
2783,70,0.329157,0.486948,0.409009,0.369784,0.485645,0,1
2789,70,0.345458,0.607327,0.438884,0.515601,0.494665,0,1
2777,70,0.247946,0.597316,0.237070,0.439023,0.430265,1,1
2771,70,0.254190,0.703009,0.412903,0.443145,0.412209,1,0
2767,70,0.207498,0.584455,0.427075,0.394291,0.540810,1,1
2787,70,0.355297,0.496899,0.406327,0.434096,0.406741,0,1
2780,70,0.288943,0.466372,0.388806,0.450465,0.424565,0,1
2776,70,0.164072,0.638879,0.466300,0.371181,0.458994,1,0
2791,70,0.301329,0.568127,0.511741,0.401224,0.417760,1,1
2762,70,0.104314,0.640424,0.361882,0.450640,0.512790,1,0
2768,70,0.064949,0.597265,0.440427,0.347963,0.415983,1,0
2773,70,0.124585,0.559113,0.328249,0.424374,0.428291,1,0
2785,70,0.221307,0.602778,0.482396,0.488613,0.511822,1,1
2798,70,0.387643,0.659004,0.430919,0.464830,0.446356,0,1
2799,70,0.271728,0.491921,0.402092,0.404702,0.484019,1,1
2772,70,0.136070,0.581274,0.426330,0.299647,0.413168,1,0
2778,70,0.235371,0.634489,0.390723,0.519216,0.472645,1,1
2794,70,0.232285,0.564701,0.370417,0.399125,0.392460,1,1
2782,70,0.305190,0.534986,0.377258,0.472900,0.502469,1,1
2786,70,0.306150,0.562485,0.405068,0.489668,0.505772,1,1
2763,70,0.268800,0.618307,0.332535,0.463213,0.572964,1,1
2824,71,0.335092,0.538779,0.464219,0.490584,0.450234,1,1
2818,71,0.161772,0.617375,0.375121,0.537441,0.534281,1,0
2830,71,0.227003,0.523660,0.451915,0.458497,0.369231,1,1
2801,71,0.189664,0.682885,0.466186,0.549285,0.437583,1,0
2831,71,0.339374,0.541398,0.416599,0.415528,0.493108,0,1
2838,71,0.332790,0.620120,0.453919,0.378061,0.564651,1,1
2822,71,0.344172,0.448868,0.367513,0.463526,0.499444,0,1
2826,71,0.255315,0.593670,0.588205,0.425107,0.428474,1,1
2834,71,0.263425,0.550592,0.373663,0.535499,0.438029,1,1
2821,71,0.265114,0.609430,0.468511,0.493942,0.552074,1,1
2835,71,0.249055,0.494421,0.454872,0.444572,0.440423,1,1
2817,71,0.053534,0.517466,0.422005,0.404372,0.496247,1,0
2815,71,0.173791,0.586826,0.435094,0.438495,0.403281,1,1
2805,71,0.166056,0.608574,0.545535,0.333811,0.398237,1,0
2839,71,0.376524,0.494731,0.431428,0.406049,0.394883,0,1
2819,71,0.195399,0.510160,0.432907,0.432483,0.407630,1,1
2816,71,0.190034,0.607816,0.426255,0.525186,0.461224,1,1
2809,71,0.186180,0.653036,0.442497,0.371065,0.472554,1,0
2804,71,0.216717,0.602888,0.431669,0.392531,0.448451,1,1
2820,71,0.345980,0.597714,0.418897,0.343023,0.512479,1,1
2813,71,0.227711,0.613331,0.443930,0.522078,0.413725,1,1
2828,71,0.361504,0.526316,0.398586,0.359906,0.541076,0,1
2827,71,0.284638,0.565573,0.417856,0.423685,0.535080,1,1
2803,71,0.212896,0.614352,0.385990,0.348303,0.516039,1,1
2802,71,0.220299,0.631451,0.485143,0.403195,0.407349,1,1
2800,71,0.199171,0.655705,0.442649,0.521061,0.525645,1,0
2814,71,0.183975,0.669597,0.349340,0.451395,0.510885,1,0
2807,71,0.172591,0.610638,0.366165,0.482885,0.532936,1,1
2836,71,0.330992,0.585410,0.477885,0.488068,0.429608,1,1
2811,71,0.312357,0.631425,0.507740,0.387295,0.403697,1,1
2829,71,0.275561,0.559932,0.332191,0.413013,0.591017,1,1
2832,71,0.260575,0.533818,0.538994,0.439440,0.467585,1,1
2808,71,0.222905,0.591415,0.459022,0.419087,0.417386,1,1
2806,71,0.266067,0.636931,0.361197,0.362410,0.509373,1,1
2810,71,0.264405,0.545647,0.384431,0.399871,0.511277,1,1
2825,71,0.398296,0.507955,0.480362,0.474968,0.442409,0,1
2812,71,0.201291,0.609255,0.491250,0.483638,0.458877,1,1
2823,71,0.243991,0.619862,0.362018,0.413743,0.461396,1,1
2837,71,0.255223,0.566000,0.467161,0.568880,0.455773,1,1
2833,71,0.304309,0.599523,0.481107,0.398227,0.502383,1,1
2863,72,0.291587,0.528694,0.392679,0.352151,0.543290,1,1
2860,72,0.262750,0.495220,0.415584,0.478920,0.499769,1,1
2846,72,0.319126,0.611109,0.378925,0.484522,0.466766,1,1
2858,72,0.223326,0.772002,0.398686,0.387555,0.464521,1,0
2843,72,0.225185,0.580820,0.427704,0.450128,0.477219,1,1
2852,72,0.107116,0.630342,0.361763,0.432998,0.483176,1,0
2856,72,0.199701,0.669896,0.468904,0.422713,0.473959,1,0
2841,72,0.248535,0.632806,0.487630,0.484863,0.515430,1,1
2871,72,0.407377,0.538984,0.421433,0.464893,0.514583,0,1
2854,72,0.192668,0.625089,0.403685,0.456610,0.529264,1,0
2870,72,0.279797,0.524652,0.443842,0.451821,0.450733,1,1
2877,72,0.316171,0.481339,0.442527,0.459663,0.533023,0,1
2864,72,0.275193,0.522713,0.519564,0.486623,0.514736,1,1
2855,72,0.217618,0.597340,0.411811,0.466370,0.496521,1,1
2867,72,0.328280,0.558728,0.433762,0.439721,0.499086,1,1
2869,72,0.312348,0.552380,0.474002,0.421171,0.419387,1,1
2866,72,0.312447,0.552900,0.434109,0.484209,0.504202,1,1
2872,72,0.377330,0.523020,0.408385,0.444998,0.598923,0,1
2847,72,0.350003,0.578581,0.393444,0.432122,0.477117,1,1
2865,72,0.310729,0.561896,0.368982,0.510620,0.596298,1,1
2840,72,0.257437,0.643747,0.382721,0.387166,0.374461,1,1
2848,72,0.243722,0.686857,0.425532,0.368782,0.392235,1,0
2874,72,0.308103,0.519434,0.386744,0.435926,0.493440,1,1
2842,72,0.166860,0.626139,0.356160,0.394021,0.457949,1,0
2850,72,0.133613,0.627457,0.424268,0.453004,0.442118,1,0
2849,72,0.190715,0.671745,0.440200,0.401347,0.478127,1,0
2862,72,0.350721,0.584802,0.314880,0.530255,0.458927,1,1
2859,72,0.249544,0.617584,0.395539,0.487867,0.417910,1,1
2868,72,0.378852,0.518711,0.398674,0.511969,0.568742,0,1
2879,72,0.307469,0.598701,0.383566,0.500095,0.473315,1,1
2873,72,0.394620,0.513148,0.440963,0.374562,0.463672,0,1
2861,72,0.352096,0.479623,0.448462,0.426741,0.402561,0,1
2845,72,0.283617,0.559703,0.336425,0.481298,0.520338,1,1
2875,72,0.332392,0.501342,0.512274,0.434973,0.437875,1,1
2853,72,0.303474,0.690060,0.455043,0.473845,0.497578,1,1
2851,72,0.247609,0.624139,0.466177,0.335611,0.429030,1,1
2878,72,0.331306,0.583959,0.408894,0.393920,0.465381,1,1
2844,72,0.177209,0.566104,0.541351,0.362513,0.473515,1,1
2857,72,0.233536,0.658877,0.454579,0.470315,0.456022,1,1
2876,72,0.307667,0.560769,0.412796,0.427335,0.390948,1,1
2919,73,0.410527,0.563862,0.402534,0.461805,0.490156,0,1
2893,73,0.272952,0.622879,0.403041,0.472569,0.406792,1,1
2901,73,0.400527,0.501225,0.433901,0.452246,0.537103,0,1
2889,73,0.289594,0.674004,0.406523,0.344863,0.447169,1,1
2883,73,0.263124,0.614307,0.494802,0.385686,0.454540,1,1
2907,73,0.265665,0.589891,0.374971,0.492831,0.415193,1,1
2887,73,0.275272,0.662474,0.491081,0.428989,0.428409,1,1
2891,73,0.267372,0.631096,0.501838,0.369070,0.462468,1,1
2911,73,0.341379,0.528151,0.529215,0.525198,0.534872,1,1
2899,73,0.249413,0.562653,0.410660,0.440305,0.390528,1,1
2906,73,0.362835,0.570153,0.424937,0.492266,0.505241,1,1
2880,73,0.244572,0.564309,0.459115,0.541382,0.504135,1,1
2898,73,0.258222,0.685635,0.371982,0.426480,0.576537,1,0
2904,73,0.268427,0.493117,0.521540,0.481806,0.417971,1,1
2917,73,0.366054,0.552652,0.401064,0.564200,0.507037,1,1
2896,73,0.287379,0.634834,0.448328,0.516595,0.485936,1,1
2905,73,0.340338,0.524722,0.433485,0.383810,0.493162,1,1
2910,73,0.326036,0.442742,0.485820,0.448869,0.465592,0,1
2888,73,0.226863,0.611731,0.295784,0.448891,0.520906,1,1
2884,73,0.252008,0.636573,0.413318,0.473962,0.452022,1,1
2885,73,0.379805,0.608958,0.479403,0.490749,0.397886,1,1
2890,73,0.246142,0.544697,0.385000,0.461879,0.458055,1,1
2912,73,0.434702,0.498576,0.373010,0.510162,0.478496,0,1
2914,73,0.331550,0.561284,0.421339,0.482602,0.522449,1,1
2900,73,0.413323,0.491910,0.391243,0.488066,0.460438,0,1
2918,73,0.271262,0.580950,0.394639,0.387727,0.544545,1,1
2897,73,0.255839,0.631717,0.465601,0.516033,0.513018,1,1
2903,73,0.346773,0.587198,0.444417,0.507213,0.503708,1,1
2894,73,0.297429,0.540341,0.448458,0.529790,0.406869,1,1
2902,73,0.351387,0.558471,0.448235,0.476704,0.535422,1,1
2882,73,0.294628,0.539942,0.333656,0.326781,0.504590,1,1
2892,73,0.228961,0.648587,0.401314,0.413593,0.498514,1,0
2895,73,0.185730,0.579923,0.446262,0.531435,0.519779,1,0
2909,73,0.412441,0.571751,0.457267,0.518312,0.543678,0,1
2913,73,0.373722,0.515471,0.490965,0.514880,0.501436,0,1
2915,73,0.335995,0.561828,0.515898,0.464471,0.534119,1,1
2916,73,0.307703,0.587922,0.466644,0.453884,0.589682,1,1
2908,73,0.406901,0.533732,0.490874,0.463274,0.448114,0,1
2881,73,0.198651,0.674745,0.420256,0.351509,0.417283,1,0
2886,73,0.253697,0.637258,0.398939,0.568649,0.402601,1,1
2937,74,0.236557,0.649024,0.399587,0.477747,0.474163,1,0
2946,74,0.448744,0.524719,0.449784,0.536672,0.512102,0,1
2929,74,0.320313,0.612243,0.341922,0.435580,0.473661,1,1
2938,74,0.288570,0.531643,0.467681,0.534091,0.484066,1,1
2935,74,0.237081,0.585332,0.449733,0.506638,0.483279,1,1
2951,74,0.350012,0.448412,0.440614,0.474600,0.439355,0,1
2930,74,0.222713,0.617454,0.468221,0.411652,0.504991,1,0
2939,74,0.223152,0.611014,0.324051,0.361934,0.534981,1,0
2931,74,0.268436,0.535483,0.470832,0.436867,0.408947,1,1
2948,74,0.409188,0.484178,0.500337,0.435840,0.443931,0,1
2934,74,0.330734,0.601643,0.403497,0.451444,0.563190,1,1
2957,74,0.333582,0.517291,0.522568,0.568509,0.396675,1,1
2926,74,0.293042,0.663241,0.496661,0.459663,0.503231,1,1
2952,74,0.365038,0.552755,0.425650,0.496596,0.515732,1,1
2959,74,0.354539,0.493408,0.471760,0.551889,0.506322,1,1
2923,74,0.258772,0.619418,0.423823,0.486370,0.511264,1,1
2943,74,0.394846,0.583055,0.501378,0.408431,0.472588,1,1
2945,74,0.434394,0.529265,0.406529,0.443392,0.536949,0,1
2942,74,0.384310,0.521486,0.469372,0.534357,0.465863,0,1
2925,74,0.323072,0.630497,0.476933,0.421956,0.439939,1,1
2940,74,0.440824,0.550835,0.385376,0.449291,0.483828,0,1
2953,74,0.265175,0.524520,0.509905,0.513486,0.519228,1,1
2920,74,0.152493,0.588217,0.434868,0.492568,0.597434,1,0
2933,74,0.275887,0.599804,0.442136,0.544402,0.501428,1,1
2941,74,0.296286,0.561532,0.522013,0.456344,0.525744,1,1
2927,74,0.237802,0.593017,0.497723,0.405097,0.449242,1,1
2958,74,0.383832,0.535873,0.538298,0.444811,0.468229,1,1
2950,74,0.417108,0.538279,0.371819,0.526132,0.457806,0,1
2944,74,0.394332,0.516845,0.360643,0.482522,0.607226,0,1
2949,74,0.442477,0.566215,0.407643,0.573926,0.496968,0,1
2921,74,0.286395,0.655496,0.491542,0.408357,0.430106,1,1
2955,74,0.306319,0.521713,0.453259,0.445865,0.493043,1,1
2924,74,0.223225,0.633507,0.281213,0.436601,0.526401,1,0
2928,74,0.233410,0.607481,0.469898,0.455421,0.513727,1,1
2932,74,0.256129,0.586299,0.466391,0.468914,0.518437,1,1
2954,74,0.372135,0.561431,0.531021,0.527890,0.472692,1,1
2956,74,0.427037,0.576638,0.437537,0.489135,0.510995,0,1
2922,74,0.260096,0.619027,0.421633,0.441519,0.439126,1,1
2947,74,0.385639,0.503220,0.441473,0.523414,0.472254,0,1
2936,74,0.225672,0.685742,0.386767,0.428240,0.478217,1,0
2989,75,0.479768,0.579165,0.492659,0.543250,0.499030,0,1
2963,75,0.303102,0.602836,0.438824,0.502775,0.510949,1,1
2968,75,0.218043,0.631370,0.443308,0.439098,0.468672,1,0
2977,75,0.328102,0.616816,0.381457,0.428437,0.440604,1,1
2992,75,0.415943,0.582308,0.501473,0.507714,0.529892,1,1
2961,75,0.284776,0.631168,0.396444,0.494730,0.558419,1,1
2975,75,0.333591,0.599026,0.459769,0.560775,0.574763,1,1
2962,75,0.196563,0.549529,0.468240,0.533844,0.430717,1,0
2966,75,0.212277,0.595582,0.502839,0.532252,0.463385,1,0
2964,75,0.311216,0.606897,0.440022,0.422880,0.470839,1,1
2995,75,0.376557,0.539405,0.561018,0.553141,0.516578,1,1
2967,75,0.260691,0.545296,0.486144,0.453422,0.534813,1,1
2991,75,0.404597,0.579240,0.528775,0.530953,0.536350,1,1
2976,75,0.408967,0.543099,0.454024,0.511809,0.504611,1,1
2970,75,0.254795,0.600069,0.492430,0.517599,0.422272,1,1
2978,75,0.255825,0.630256,0.432899,0.420263,0.456870,1,0
2990,75,0.368806,0.445173,0.605258,0.519099,0.461883,0,1
2996,75,0.368964,0.525505,0.573978,0.477291,0.456820,1,1
2973,75,0.209352,0.678859,0.444963,0.447033,0.575895,1,0
2986,75,0.418330,0.576212,0.447579,0.451917,0.502024,1,1
2998,75,0.282799,0.508601,0.457711,0.550128,0.433086,1,1
2999,75,0.272529,0.528010,0.463916,0.539739,0.481445,1,1
2981,75,0.331843,0.532727,0.529799,0.474308,0.475845,1,1
2974,75,0.241158,0.637437,0.471182,0.439324,0.505484,1,0
2982,75,0.370084,0.542765,0.400963,0.541956,0.653855,1,1
2997,75,0.403817,0.564247,0.508880,0.502949,0.530013,1,1
2988,75,0.378289,0.588045,0.410210,0.505407,0.495167,1,1
2980,75,0.358619,0.569489,0.460407,0.465536,0.468601,1,1
2993,75,0.374753,0.555009,0.473466,0.518522,0.502450,1,1
2985,75,0.415780,0.490432,0.473434,0.415305,0.577448,0,1
2984,75,0.292893,0.491400,0.505634,0.547397,0.498938,1,1
2979,75,0.383082,0.548127,0.392172,0.494864,0.547937,1,1
2960,75,0.259467,0.607541,0.378878,0.446606,0.545288,1,1
2965,75,0.295528,0.630380,0.526996,0.418858,0.571219,1,1
2971,75,0.244839,0.596603,0.414312,0.431222,0.502087,1,1
2994,75,0.438929,0.499810,0.386627,0.581219,0.474664,0,1
2972,75,0.361590,0.599548,0.414232,0.548194,0.504020,1,1
2983,75,0.290078,0.475262,0.489536,0.410934,0.538537,1,1
2987,75,0.413669,0.588590,0.431782,0.401295,0.583013,1,1
2969,75,0.276635,0.654049,0.561742,0.428553,0.492493,1,0
3019,76,0.295372,0.631948,0.422017,0.516451,0.453795,1,1
3011,76,0.306504,0.673360,0.361357,0.506832,0.555932,1,0
3001,76,0.370069,0.620002,0.379060,0.507626,0.411098,1,1
3035,76,0.450018,0.455753,0.501395,0.445078,0.502632,0,1
3003,76,0.374053,0.685430,0.483546,0.361716,0.478546,1,1
3036,76,0.460020,0.476281,0.491975,0.536993,0.581226,0,1
3016,76,0.266001,0.669114,0.416282,0.469332,0.475464,1,0
3017,76,0.318160,0.707601,0.507456,0.508916,0.490266,1,0
3013,76,0.360203,0.604185,0.413224,0.495766,0.473875,1,1
3004,76,0.348628,0.538803,0.314553,0.480962,0.498166,1,1
3010,76,0.275687,0.622083,0.443184,0.546420,0.540261,1,1
3029,76,0.342405,0.532097,0.525463,0.469285,0.525688,1,1
3006,76,0.365428,0.620608,0.481785,0.529985,0.490264,1,1
3023,76,0.470549,0.515017,0.374361,0.541511,0.534579,0,1
3026,76,0.407982,0.551001,0.447891,0.430718,0.489961,1,1
3012,76,0.340822,0.647615,0.439572,0.462405,0.542595,1,1
3032,76,0.380135,0.541083,0.460735,0.460766,0.444781,1,1
3015,76,0.245550,0.711504,0.422081,0.483411,0.506196,1,0
3030,76,0.502789,0.556101,0.453648,0.588449,0.523328,0,1
3024,76,0.393290,0.495648,0.469822,0.592931,0.439625,1,1
3025,76,0.309453,0.481166,0.520066,0.537773,0.543005,1,1
3038,76,0.323436,0.623538,0.505244,0.540792,0.525344,1,1
3021,76,0.346662,0.685276,0.535276,0.501102,0.440603,1,1
3005,76,0.336619,0.645918,0.471399,0.448121,0.564549,1,1
3034,76,0.422612,0.521402,0.465727,0.431051,0.586326,1,1
3009,76,0.240158,0.614254,0.341909,0.401014,0.562821,1,0
3033,76,0.385783,0.658285,0.535750,0.541883,0.435321,1,1
3022,76,0.459595,0.491966,0.541118,0.488835,0.484369,0,1
3027,76,0.399669,0.522421,0.514459,0.512069,0.505591,1,1
3028,76,0.320715,0.526267,0.528989,0.500782,0.412042,1,1
3020,76,0.363403,0.571788,0.513022,0.471324,0.523274,1,1
3039,76,0.459989,0.459423,0.451102,0.515059,0.530447,0,1
3018,76,0.427190,0.546435,0.507512,0.433941,0.550740,1,1
3037,76,0.359078,0.573631,0.389924,0.485741,0.387835,1,1
3014,76,0.340818,0.567179,0.440265,0.462633,0.462652,1,1
3000,76,0.302042,0.608362,0.501639,0.490417,0.558840,1,1
3007,76,0.337453,0.577973,0.469664,0.534828,0.488670,1,1
3002,76,0.239980,0.609212,0.462743,0.543635,0.544382,1,0
3008,76,0.360296,0.640773,0.472070,0.515465,0.503498,1,1
3031,76,0.419763,0.468590,0.428245,0.532823,0.512084,0,1
3051,77,0.386169,0.653442,0.418533,0.530811,0.528247,1,1
3074,77,0.316589,0.398229,0.502075,0.450916,0.540576,0,1
3053,77,0.195506,0.554158,0.448895,0.518800,0.543719,1,0
3075,77,0.302738,0.536878,0.430067,0.590484,0.532935,1,1
3058,77,0.270021,0.704353,0.457315,0.478085,0.521300,1,0
3065,77,0.419568,0.587577,0.504439,0.533628,0.526948,1,1
3045,77,0.356249,0.614884,0.471930,0.573971,0.553624,1,1
3078,77,0.393820,0.594649,0.493157,0.559958,0.491877,1,1
3072,77,0.393367,0.567449,0.469762,0.454200,0.476014,1,1
3042,77,0.320874,0.739117,0.486761,0.470795,0.562378,1,0
3066,77,0.439149,0.543044,0.471695,0.516783,0.499495,1,1
3055,77,0.314638,0.626578,0.444904,0.464547,0.530949,1,1
3040,77,0.291559,0.560386,0.426448,0.486261,0.461867,1,1
3079,77,0.474475,0.526212,0.414375,0.482551,0.532831,0,1
3047,77,0.420320,0.670859,0.437037,0.503750,0.545703,1,1
3050,77,0.294705,0.575551,0.398468,0.528253,0.393057,1,1
3070,77,0.401514,0.599231,0.515278,0.453841,0.555356,1,1
3048,77,0.323599,0.550284,0.487159,0.464346,0.438068,1,1
3054,77,0.325319,0.632217,0.463777,0.525218,0.474946,1,1
3064,77,0.324633,0.549417,0.442023,0.513865,0.582544,1,1
3061,77,0.430885,0.571017,0.453670,0.562453,0.434161,1,1
3041,77,0.297990,0.625976,0.451302,0.481947,0.481527,1,1
3062,77,0.338503,0.544281,0.512607,0.446679,0.562029,1,1
3071,77,0.417990,0.565182,0.439701,0.526717,0.451079,1,1
3056,77,0.287005,0.626919,0.525206,0.529451,0.518547,1,1
3057,77,0.328255,0.596729,0.508903,0.396096,0.497707,1,1
3046,77,0.269274,0.726524,0.496001,0.565826,0.651345,1,0
3044,77,0.310903,0.598746,0.469697,0.496810,0.504603,1,1
3059,77,0.357733,0.562375,0.467416,0.410731,0.590306,1,1
3068,77,0.456147,0.499292,0.458941,0.489528,0.578712,0,1
3060,77,0.502311,0.508453,0.519158,0.340493,0.495763,0,1
3073,77,0.426014,0.548017,0.421943,0.477333,0.600663,1,1
3077,77,0.387420,0.490284,0.492599,0.541553,0.493814,1,1
3076,77,0.374680,0.453231,0.449360,0.518613,0.565808,0,1
3069,77,0.368693,0.592682,0.449789,0.451709,0.534113,1,1
3043,77,0.416903,0.504366,0.451287,0.485931,0.493101,1,1
3063,77,0.417702,0.464339,0.455374,0.570383,0.545769,0,1
3067,77,0.386757,0.561199,0.474509,0.499338,0.548367,1,1
3049,77,0.264041,0.690898,0.447161,0.469113,0.500490,1,0
3052,77,0.344998,0.681037,0.461084,0.434193,0.458481,1,1
3104,78,0.359080,0.520376,0.474539,0.525779,0.532800,1,1
3083,78,0.316444,0.646137,0.477051,0.485226,0.606686,1,0
3109,78,0.482261,0.522768,0.481791,0.439183,0.612927,0,1
3118,78,0.349141,0.557133,0.548731,0.455443,0.524191,1,1
3111,78,0.480963,0.571553,0.531005,0.528117,0.534042,0,1
3116,78,0.495866,0.638780,0.560390,0.601596,0.462283,0,1
3088,78,0.335471,0.589669,0.402189,0.469054,0.504538,1,1
3098,78,0.373391,0.612957,0.534126,0.520624,0.547167,1,1
3085,78,0.288923,0.694472,0.502271,0.547538,0.557417,1,0
3086,78,0.253949,0.683438,0.446527,0.527637,0.532512,1,0
3114,78,0.415633,0.558277,0.445065,0.511202,0.482035,1,1
3105,78,0.528466,0.569267,0.493768,0.578657,0.564531,0,1
3117,78,0.525467,0.439380,0.530044,0.556436,0.526414,0,1
3099,78,0.288782,0.579349,0.583854,0.469945,0.546244,1,1
3101,78,0.468912,0.567488,0.414124,0.477229,0.607291,1,1
3096,78,0.393285,0.672408,0.427688,0.428387,0.493916,1,1
3108,78,0.414458,0.569146,0.549189,0.475957,0.547180,1,1
3107,78,0.408633,0.505793,0.557322,0.498506,0.554672,1,1
3094,78,0.346991,0.610218,0.432994,0.493389,0.435601,1,1
3095,78,0.395013,0.528536,0.426484,0.518238,0.553926,1,1
3091,78,0.379984,0.575383,0.457527,0.575110,0.402909,1,1
3087,78,0.336829,0.635379,0.553074,0.571127,0.536634,1,1
3090,78,0.270609,0.471080,0.485064,0.496536,0.546071,1,0
3093,78,0.331034,0.554478,0.456874,0.496898,0.524920,1,1
3100,78,0.482381,0.528491,0.566095,0.602272,0.576145,0,1
3080,78,0.293503,0.645103,0.470730,0.466433,0.552550,1,0
3102,78,0.465688,0.581780,0.584815,0.549024,0.514081,1,1
3097,78,0.357193,0.606133,0.464193,0.455476,0.518974,1,1
3082,78,0.315592,0.725408,0.381614,0.524085,0.437846,1,0
3110,78,0.414312,0.586907,0.511901,0.591048,0.564968,1,1
3089,78,0.354075,0.655755,0.488506,0.457392,0.532081,1,1
3103,78,0.503039,0.540023,0.515563,0.548781,0.599823,0,1
3081,78,0.337802,0.629678,0.484405,0.495567,0.499496,1,1
3112,78,0.421220,0.572649,0.518752,0.508321,0.527209,1,1
3106,78,0.436962,0.607391,0.506884,0.411690,0.495559,1,1
3119,78,0.337969,0.494356,0.540207,0.525160,0.526912,1,1
3113,78,0.362272,0.521211,0.469897,0.469603,0.510030,1,1
3115,78,0.465725,0.622192,0.412668,0.500196,0.458067,1,1
3084,78,0.369779,0.654078,0.489399,0.531811,0.514272,1,1
3092,78,0.305440,0.636200,0.388624,0.439654,0.503167,1,0
3144,79,0.440995,0.507189,0.414686,0.519552,0.653211,1,1
3159,79,0.400762,0.570364,0.487372,0.486632,0.516519,1,1
3129,79,0.406492,0.531543,0.569754,0.555370,0.437853,1,1
3150,79,0.465683,0.481671,0.453026,0.572847,0.594262,0,1
3153,79,0.495650,0.407143,0.578950,0.511140,0.527369,0,1
3147,79,0.408551,0.498545,0.679808,0.654092,0.542901,1,1
3143,79,0.381508,0.545055,0.476724,0.556974,0.442842,1,1
3140,79,0.481595,0.468409,0.477870,0.510327,0.612348,0,1
3126,79,0.275727,0.568335,0.626113,0.553545,0.478893,1,0
3142,79,0.391535,0.447313,0.532924,0.583782,0.588783,0,1
3133,79,0.320276,0.544717,0.453543,0.495490,0.476987,1,1
3148,79,0.507493,0.465463,0.457464,0.470777,0.636799,0,1
3127,79,0.345101,0.570684,0.496043,0.396710,0.555728,1,1
3149,79,0.476459,0.525604,0.518539,0.495043,0.512530,0,1
3131,79,0.334744,0.546316,0.429128,0.578225,0.503206,1,1
3157,79,0.550762,0.589884,0.630436,0.584395,0.502625,0,1
3145,79,0.343451,0.550474,0.503085,0.513728,0.591259,1,1
3138,79,0.343159,0.564505,0.426004,0.475509,0.588412,1,1
3139,79,0.435869,0.682247,0.522057,0.399165,0.573324,1,1
3121,79,0.315089,0.688197,0.502454,0.504472,0.517898,1,0
3122,79,0.345687,0.529351,0.456675,0.496482,0.459544,1,1
3141,79,0.413694,0.518631,0.429688,0.547719,0.527562,1,1
3146,79,0.442343,0.522762,0.484861,0.478388,0.491602,1,1
3130,79,0.409062,0.613652,0.468301,0.560078,0.526360,1,1
3128,79,0.391171,0.590987,0.415268,0.589935,0.437544,1,1
3152,79,0.441158,0.655160,0.431760,0.471047,0.592375,1,1
3135,79,0.452128,0.596586,0.468561,0.550941,0.470004,1,1
3136,79,0.470577,0.584596,0.574330,0.517510,0.447903,1,1
3124,79,0.381230,0.560826,0.466457,0.521419,0.588015,1,1
3134,79,0.385395,0.583349,0.501770,0.583305,0.555360,1,1
3151,79,0.442553,0.562658,0.531165,0.555819,0.463228,1,1
3137,79,0.365158,0.650236,0.459462,0.558363,0.509755,1,1
3120,79,0.463104,0.602038,0.547933,0.458876,0.529281,1,1
3155,79,0.384579,0.508834,0.503631,0.503124,0.635171,1,1
3132,79,0.345989,0.653031,0.402384,0.464371,0.579207,1,1
3158,79,0.492365,0.555473,0.479260,0.544570,0.569826,0,1
3123,79,0.334280,0.517045,0.508698,0.551538,0.521597,1,1
3156,79,0.458273,0.588386,0.428654,0.441835,0.591884,1,1
3154,79,0.569276,0.575793,0.446034,0.486495,0.554071,0,1
3125,79,0.448015,0.631125,0.505006,0.489674,0.510549,1,1
3195,80,0.450024,0.520424,0.400995,0.526094,0.637564,1,1
3166,80,0.316895,0.562021,0.501957,0.547330,0.446150,1,1
3169,80,0.388165,0.653211,0.586485,0.562784,0.607590,1,1
3163,80,0.391696,0.648505,0.468611,0.602202,0.555684,1,1
3178,80,0.358211,0.533218,0.511697,0.465188,0.579333,1,1
3187,80,0.395807,0.561858,0.416125,0.554021,0.503626,1,1
3174,80,0.361473,0.558280,0.396845,0.463374,0.465708,1,1
3171,80,0.322350,0.643153,0.458601,0.536314,0.529254,1,0
3188,80,0.438182,0.520311,0.484820,0.472847,0.656958,1,1
3183,80,0.356831,0.597512,0.546179,0.504302,0.547767,1,1
3172,80,0.332796,0.588201,0.496049,0.524664,0.603454,1,1
3189,80,0.415918,0.586801,0.513966,0.518753,0.544929,1,1
3190,80,0.531602,0.544468,0.477259,0.550269,0.482445,0,1
3179,80,0.266950,0.537089,0.577211,0.541851,0.592819,1,0
3161,80,0.431993,0.555083,0.503765,0.540713,0.536935,1,1
3182,80,0.491705,0.609647,0.443188,0.561629,0.509463,1,1
3170,80,0.365573,0.620498,0.484681,0.526500,0.559554,1,1
3176,80,0.394867,0.554524,0.524425,0.491714,0.496787,1,1
3160,80,0.376134,0.595136,0.566501,0.526697,0.583301,1,1
3181,80,0.558060,0.551096,0.427222,0.540090,0.582487,0,1
3184,80,0.430647,0.549292,0.538450,0.551286,0.457380,1,1
3167,80,0.362770,0.595942,0.487868,0.525931,0.532903,1,1
3164,80,0.283936,0.550998,0.565454,0.443055,0.545651,1,0
3185,80,0.429636,0.471592,0.473831,0.489942,0.505777,0,1
3173,80,0.373745,0.666088,0.499295,0.501601,0.478215,1,1
3191,80,0.444730,0.455020,0.455169,0.552576,0.594267,0,1
3197,80,0.500819,0.524246,0.509850,0.566016,0.594742,0,1
3165,80,0.468894,0.570109,0.491933,0.518694,0.527531,1,1
3175,80,0.350616,0.539010,0.457364,0.490170,0.499321,1,1
3196,80,0.494573,0.542597,0.454363,0.565192,0.531175,1,1
3198,80,0.432818,0.527152,0.442461,0.530393,0.526504,1,1
3162,80,0.341297,0.651176,0.526801,0.560607,0.564378,1,0
3194,80,0.382924,0.569860,0.551699,0.464651,0.515875,1,1
3193,80,0.472797,0.550555,0.530937,0.524476,0.592601,1,1
3192,80,0.451006,0.509438,0.421547,0.560222,0.488144,1,1
3199,80,0.457737,0.589619,0.578602,0.541895,0.478627,1,1
3186,80,0.438891,0.550645,0.572274,0.554079,0.579179,1,1
3177,80,0.337402,0.657115,0.529464,0.474079,0.584252,1,0
3168,80,0.346472,0.498098,0.506391,0.588873,0.539550,1,1
3180,80,0.475526,0.561340,0.539568,0.505494,0.523750,1,1
3205,81,0.429912,0.573767,0.439830,0.635097,0.576454,1,1
3224,81,0.487810,0.493121,0.548514,0.599752,0.530926,0,1
3232,81,0.498359,0.556459,0.423967,0.631096,0.515194,1,1
3215,81,0.405466,0.572418,0.512152,0.478524,0.543248,1,1
3207,81,0.397485,0.628158,0.527587,0.528946,0.465045,1,1
3201,81,0.452669,0.598076,0.567135,0.551524,0.513033,1,1
3214,81,0.398642,0.547076,0.398308,0.511233,0.620963,1,1
3203,81,0.395464,0.709303,0.524858,0.503912,0.518360,1,0
3223,81,0.429650,0.509463,0.421638,0.514441,0.646851,1,1
3218,81,0.352129,0.561192,0.464067,0.419001,0.527043,1,1
3204,81,0.420811,0.549783,0.437721,0.461648,0.487196,1,1
3212,81,0.378390,0.664316,0.557847,0.563942,0.593996,1,1
3226,81,0.466162,0.595312,0.539057,0.476908,0.560868,1,1
3211,81,0.330364,0.687674,0.426861,0.498388,0.473483,1,0
3209,81,0.403509,0.614903,0.482934,0.494463,0.582170,1,1
3221,81,0.551102,0.550251,0.491570,0.583536,0.578086,0,1
3235,81,0.447903,0.574979,0.395127,0.546755,0.490631,1,1
3210,81,0.411945,0.582796,0.490070,0.552551,0.476960,1,1
3216,81,0.311952,0.562386,0.420575,0.530873,0.503593,1,0
3236,81,0.494360,0.557808,0.413124,0.465276,0.519262,1,1
3238,81,0.493095,0.577187,0.562159,0.454126,0.586695,1,1
3208,81,0.392682,0.503005,0.503194,0.517349,0.551933,1,1
3231,81,0.436370,0.609660,0.371188,0.458885,0.592107,1,1
3202,81,0.314220,0.606116,0.549740,0.587515,0.478314,1,0
3225,81,0.502052,0.544829,0.526519,0.588866,0.677113,1,1
3206,81,0.405769,0.613776,0.496548,0.541197,0.472937,1,1
3227,81,0.421007,0.553455,0.511766,0.431251,0.580678,1,1
3237,81,0.446362,0.624342,0.390669,0.571944,0.552259,1,1
3229,81,0.482314,0.478971,0.578939,0.537954,0.547697,0,1
3200,81,0.416401,0.669505,0.489010,0.559483,0.495102,1,1
3234,81,0.428917,0.482566,0.499267,0.517175,0.463832,1,1
3222,81,0.460279,0.478002,0.584245,0.521982,0.610927,0,1
3217,81,0.424844,0.613601,0.441553,0.490722,0.563127,1,1
3228,81,0.506277,0.568127,0.517655,0.487685,0.587575,1,1
3220,81,0.415183,0.619583,0.507914,0.523513,0.561538,1,1
3233,81,0.568938,0.556889,0.547969,0.534132,0.576994,0,1
3239,81,0.412371,0.501897,0.449330,0.549303,0.484551,1,1
3230,81,0.466735,0.600197,0.537273,0.502967,0.463524,1,1
3213,81,0.450386,0.553888,0.390943,0.553736,0.493488,1,1
3219,81,0.388127,0.576387,0.493474,0.502452,0.560320,1,1
3276,82,0.491084,0.614501,0.474458,0.511414,0.560110,1,1
3272,82,0.531833,0.559770,0.494013,0.521484,0.530242,1,1
3269,82,0.454504,0.491693,0.479934,0.538467,0.497759,1,1
3262,82,0.452086,0.600169,0.404264,0.508783,0.665151,1,1
3270,82,0.505596,0.540102,0.507449,0.629640,0.521277,1,1
3274,82,0.464518,0.551787,0.480156,0.508796,0.557884,1,1
3273,82,0.532224,0.621603,0.510827,0.582101,0.561187,1,1
3242,82,0.338828,0.572975,0.461833,0.584745,0.443872,1,1
3265,82,0.426373,0.478811,0.489798,0.539393,0.557123,1,1
3241,82,0.444137,0.561925,0.422572,0.574242,0.612644,1,1
3255,82,0.421280,0.647519,0.539680,0.541110,0.615348,1,1
3277,82,0.370962,0.522768,0.504386,0.467973,0.561691,1,1
3266,82,0.504667,0.562033,0.524153,0.595166,0.600908,1,1
3261,82,0.441335,0.531798,0.532155,0.600546,0.544417,1,1
3253,82,0.389209,0.766895,0.445838,0.483454,0.497904,1,0
3252,82,0.341754,0.711337,0.490863,0.520075,0.556781,1,0
3256,82,0.438744,0.624796,0.363791,0.487373,0.636827,1,1
3247,82,0.399363,0.587961,0.507659,0.493287,0.517569,1,1
3268,82,0.496885,0.588232,0.446857,0.506950,0.517643,1,1
3245,82,0.388323,0.554343,0.472067,0.486211,0.606350,1,1
3259,82,0.287774,0.568483,0.598219,0.520066,0.598329,1,0
3250,82,0.393138,0.577141,0.381976,0.502035,0.554961,1,1
3251,82,0.446420,0.654309,0.481152,0.548025,0.576216,1,1
3263,82,0.476952,0.549333,0.488457,0.509731,0.592502,1,1
3254,82,0.382579,0.596946,0.480851,0.516413,0.468290,1,1
3279,82,0.544995,0.533000,0.532289,0.488888,0.519024,0,1
3248,82,0.436052,0.592488,0.447127,0.502688,0.418883,1,1
3267,82,0.457686,0.586585,0.530125,0.475162,0.567791,1,1
3278,82,0.472004,0.518073,0.604747,0.565783,0.543433,1,1
3257,82,0.369527,0.591239,0.520019,0.598126,0.493169,1,1
3275,82,0.484198,0.496600,0.570907,0.501986,0.473022,1,1
3246,82,0.411130,0.585397,0.569501,0.457440,0.579601,1,1
3243,82,0.485137,0.637485,0.450765,0.554559,0.513291,1,1
3249,82,0.399881,0.579882,0.505622,0.542821,0.590380,1,1
3264,82,0.371760,0.582408,0.471003,0.551685,0.456021,1,1
3240,82,0.354610,0.590165,0.463184,0.519960,0.586988,1,1
3258,82,0.348639,0.639388,0.480654,0.546410,0.609028,1,0
3260,82,0.537123,0.511635,0.593071,0.606638,0.522437,0,1
3271,82,0.448884,0.541364,0.530567,0.576135,0.488570,1,1
3244,82,0.340109,0.592810,0.535509,0.493983,0.597612,1,1
3307,83,0.416399,0.534016,0.392782,0.488003,0.574349,1,1
3304,83,0.483342,0.545371,0.548007,0.596150,0.599104,1,1
3308,83,0.456245,0.583200,0.550888,0.577798,0.548570,1,1
3313,83,0.426885,0.537962,0.483800,0.576789,0.634626,1,1
3302,83,0.484553,0.575517,0.601929,0.577327,0.469020,1,1
3319,83,0.486625,0.618606,0.518290,0.633486,0.528041,1,1
3317,83,0.410862,0.544478,0.536560,0.576180,0.700664,1,1
3314,83,0.423876,0.522504,0.458400,0.444186,0.553677,1,1
3300,83,0.426202,0.595008,0.457032,0.521020,0.561441,1,1
3281,83,0.421401,0.578842,0.525535,0.585013,0.527851,1,1
3312,83,0.575061,0.589202,0.504024,0.584056,0.551540,0,1
3305,83,0.509987,0.561798,0.529490,0.597580,0.469394,1,1
3297,83,0.417397,0.587944,0.549308,0.594778,0.558601,1,1
3309,83,0.422894,0.527912,0.494872,0.604011,0.650279,1,1
3291,83,0.449523,0.612541,0.564061,0.487844,0.507635,1,1
3296,83,0.392690,0.560003,0.489308,0.603897,0.684762,1,1
3318,83,0.415614,0.565855,0.410857,0.524285,0.553407,1,1
3286,83,0.387777,0.571534,0.511911,0.532249,0.478192,1,1
3301,83,0.479903,0.587995,0.455790,0.486148,0.514932,1,1
3290,83,0.452027,0.629658,0.509836,0.487802,0.492279,1,1
3289,83,0.359856,0.644225,0.520373,0.546936,0.471897,1,0
3294,83,0.476995,0.649653,0.566648,0.555229,0.543798,1,1
3283,83,0.502410,0.613503,0.518069,0.537495,0.556357,1,1
3316,83,0.494826,0.501384,0.506807,0.484500,0.547354,1,1
3285,83,0.388507,0.595649,0.392559,0.423358,0.630129,1,1
3284,83,0.428620,0.616448,0.484707,0.549297,0.623301,1,1
3282,83,0.431172,0.623904,0.487586,0.500886,0.543497,1,1
3292,83,0.414128,0.576492,0.465215,0.588361,0.542453,1,1
3298,83,0.461673,0.577169,0.446408,0.658017,0.540355,1,1
3315,83,0.491018,0.498421,0.529150,0.566214,0.575238,1,1
3295,83,0.439526,0.594508,0.461816,0.587417,0.513930,1,1
3311,83,0.465591,0.506380,0.474048,0.524993,0.517080,1,1
3280,83,0.452553,0.638132,0.421723,0.572334,0.606637,1,1
3310,83,0.516722,0.581915,0.509222,0.528449,0.567851,1,1
3293,83,0.419890,0.586653,0.506161,0.604380,0.515172,1,1
3287,83,0.442994,0.578452,0.460128,0.627940,0.622375,1,1
3303,83,0.521763,0.433510,0.462773,0.594003,0.528744,0,1
3299,83,0.442693,0.580809,0.540445,0.586410,0.535953,1,1
3288,83,0.313810,0.516710,0.461588,0.429680,0.583491,1,0
3306,83,0.498406,0.507897,0.511768,0.500313,0.561412,1,1
3347,84,0.453981,0.582510,0.392338,0.584658,0.546982,1,1
3327,84,0.329711,0.526140,0.458691,0.422691,0.635366,1,0
3323,84,0.455145,0.662817,0.512532,0.442768,0.493700,1,1
3344,84,0.480642,0.531732,0.447346,0.682059,0.509901,1,1
3321,84,0.353583,0.541298,0.611317,0.622453,0.500414,1,1
3329,84,0.466491,0.565361,0.576023,0.523211,0.574692,1,1
3339,84,0.452156,0.554137,0.505713,0.591617,0.491233,1,1
3343,84,0.497632,0.559677,0.522635,0.631853,0.589626,1,1
3322,84,0.424857,0.525849,0.516869,0.536689,0.644760,1,1
3332,84,0.439230,0.696582,0.471722,0.570090,0.594534,1,0
3336,84,0.388934,0.570821,0.488657,0.524256,0.581578,1,1
3337,84,0.430292,0.599266,0.601554,0.569465,0.577444,1,1
3351,84,0.477398,0.530708,0.515720,0.499314,0.491634,1,1
3357,84,0.526480,0.511437,0.476858,0.565043,0.563606,1,1
3355,84,0.520496,0.560575,0.617840,0.603113,0.608497,1,1
3346,84,0.586902,0.529308,0.603771,0.488489,0.557719,0,1
3356,84,0.444615,0.572757,0.559743,0.503255,0.580397,1,1
3338,84,0.423956,0.615317,0.441349,0.534970,0.557689,1,1
3324,84,0.450231,0.551247,0.455714,0.496331,0.528597,1,1
3331,84,0.386467,0.605819,0.454955,0.618311,0.588620,1,1
3320,84,0.483354,0.484544,0.589641,0.632263,0.534277,1,1
3342,84,0.525999,0.446786,0.555264,0.565568,0.593274,0,1
3359,84,0.475528,0.481391,0.447100,0.562595,0.611137,1,1
3330,84,0.455507,0.542316,0.468410,0.525160,0.544368,1,1
3335,84,0.427197,0.629247,0.594018,0.625279,0.611443,1,1
3358,84,0.539512,0.606053,0.536923,0.534979,0.557446,1,1
3328,84,0.410909,0.551140,0.520497,0.488880,0.584574,1,1
3348,84,0.522819,0.570581,0.513915,0.504423,0.539984,1,1
3326,84,0.466314,0.598277,0.571890,0.611777,0.591672,1,1
3354,84,0.432975,0.479892,0.528155,0.546780,0.555803,1,1
3349,84,0.563953,0.543647,0.493223,0.531764,0.627046,1,1
3341,84,0.516526,0.537176,0.519188,0.570315,0.635941,1,1
3345,84,0.484780,0.623293,0.533260,0.564995,0.631376,1,1
3353,84,0.551995,0.598770,0.479559,0.590504,0.494290,1,1
3352,84,0.579664,0.539236,0.453953,0.501175,0.531357,0,1
3350,84,0.463531,0.619758,0.610635,0.494471,0.640394,1,1
3334,84,0.473409,0.632045,0.473770,0.565842,0.486090,1,1
3340,84,0.493193,0.613672,0.500030,0.477736,0.588765,1,1
3325,84,0.527105,0.650958,0.528748,0.573243,0.601014,1,1
3333,84,0.473515,0.620931,0.528617,0.537377,0.523916,1,1
3373,85,0.498562,0.627040,0.551644,0.533273,0.612179,1,1
3393,85,0.487616,0.553027,0.468881,0.623684,0.661572,1,1
3377,85,0.558779,0.543510,0.553206,0.545908,0.695735,1,1
3369,85,0.363023,0.558894,0.576133,0.514108,0.508831,1,1
3390,85,0.465419,0.527211,0.550412,0.566140,0.625666,1,1
3367,85,0.629763,0.734379,0.508765,0.548381,0.505108,1,0
3397,85,0.523171,0.504125,0.546192,0.532696,0.607894,1,1
3366,85,0.438137,0.603424,0.524757,0.507716,0.574832,1,1
3389,85,0.421046,0.476698,0.516713,0.547909,0.579395,1,1
3380,85,0.464075,0.639617,0.547823,0.527913,0.706154,1,1
3398,85,0.461203,0.544688,0.557081,0.519788,0.495207,1,1
3396,85,0.495005,0.522217,0.502083,0.516519,0.491271,1,1
3386,85,0.476370,0.516693,0.486177,0.592681,0.572058,1,1
3391,85,0.465423,0.571284,0.471654,0.603645,0.669214,1,1
3361,85,0.485892,0.594027,0.554396,0.539853,0.561583,1,1
3376,85,0.436460,0.522599,0.496161,0.604137,0.577231,1,1
3374,85,0.476594,0.542850,0.518269,0.501788,0.521290,1,1
3364,85,0.491388,0.573516,0.473499,0.604815,0.625224,1,1
3382,85,0.419127,0.514895,0.453556,0.641398,0.497090,1,1
3388,85,0.539383,0.590940,0.535851,0.574215,0.612722,1,1
3363,85,0.376801,0.614228,0.556033,0.619275,0.674313,1,1
3381,85,0.533720,0.575154,0.573972,0.579360,0.568146,1,1
3372,85,0.441685,0.638666,0.619885,0.554149,0.597482,1,1
3387,85,0.387341,0.517850,0.584777,0.555313,0.550763,1,1
3384,85,0.551955,0.591128,0.570216,0.509095,0.514494,1,1
3368,85,0.500150,0.564947,0.484836,0.572876,0.561885,1,1
3395,85,0.442401,0.559417,0.530144,0.561012,0.567918,1,1
3394,85,0.561272,0.545574,0.379447,0.531505,0.610797,1,1
3360,85,0.450889,0.565224,0.446742,0.641076,0.600514,1,1
3371,85,0.413928,0.637447,0.584712,0.624118,0.485149,1,1
3392,85,0.492587,0.518851,0.510132,0.541632,0.490633,1,1
3399,85,0.457860,0.469122,0.460816,0.542074,0.493808,1,1
3375,85,0.396108,0.629549,0.548435,0.518157,0.421090,1,1
3385,85,0.556274,0.576195,0.431775,0.604669,0.594107,1,1
3379,85,0.410836,0.566185,0.544259,0.593288,0.515153,1,1
3365,85,0.467756,0.654147,0.537741,0.565307,0.617100,1,1
3383,85,0.549986,0.516720,0.479681,0.541571,0.604289,1,1
3362,85,0.407773,0.578894,0.450368,0.583896,0.567736,1,1
3378,85,0.442601,0.607771,0.511929,0.539205,0.556032,1,1
3370,85,0.435453,0.644594,0.416738,0.633060,0.645567,1,1
3407,86,0.498757,0.440771,0.509873,0.527223,0.538131,1,1
3413,86,0.371030,0.659255,0.567125,0.495233,0.538209,1,0
3433,86,0.490464,0.619112,0.597379,0.552208,0.571923,1,1
3417,86,0.498582,0.627595,0.531623,0.564222,0.593662,1,1
3422,86,0.476647,0.560845,0.637938,0.547626,0.610162,1,1
3416,86,0.505765,0.467413,0.517083,0.510585,0.539592,1,1
3400,86,0.593957,0.571774,0.462500,0.601364,0.605998,1,1
3418,86,0.516817,0.616699,0.511901,0.613176,0.493835,1,1
3406,86,0.390456,0.634741,0.472611,0.673890,0.600547,1,1
3426,86,0.502378,0.586276,0.550792,0.533204,0.657660,1,1
3415,86,0.358595,0.517020,0.665741,0.622521,0.600214,1,1
3432,86,0.597382,0.543069,0.507588,0.596178,0.609559,1,1
3403,86,0.456237,0.669739,0.494284,0.550030,0.609128,1,1
3402,86,0.363504,0.675914,0.536853,0.549724,0.620220,1,0
3404,86,0.488602,0.558291,0.557697,0.495037,0.673074,1,1
3405,86,0.441678,0.593776,0.653264,0.496707,0.609464,1,1
3408,86,0.565456,0.639725,0.524786,0.594692,0.579212,1,1
3410,86,0.473140,0.549811,0.416220,0.631545,0.509492,1,1
3424,86,0.567513,0.559134,0.400673,0.509718,0.511408,1,1
3430,86,0.458479,0.610418,0.443735,0.531851,0.610557,1,1
3421,86,0.478355,0.521792,0.464811,0.554954,0.595555,1,1
3412,86,0.492756,0.599542,0.445239,0.572040,0.665978,1,1
3409,86,0.405492,0.652173,0.496406,0.499350,0.557005,1,1
3414,86,0.457358,0.589308,0.550249,0.622712,0.539044,1,1
3411,86,0.445990,0.626368,0.504334,0.602712,0.575235,1,1
3420,86,0.484369,0.585593,0.475702,0.486850,0.511019,1,1
3429,86,0.525678,0.525695,0.457076,0.577293,0.636904,1,1
3427,86,0.521680,0.510438,0.560145,0.552964,0.581765,1,1
3439,86,0.478245,0.535820,0.478304,0.481338,0.643206,1,1
3419,86,0.497942,0.606642,0.640498,0.554031,0.542747,1,1
3435,86,0.549536,0.584719,0.556042,0.445076,0.575859,1,1
3434,86,0.552116,0.514063,0.531897,0.469013,0.604197,1,1
3428,86,0.507919,0.468950,0.509526,0.609298,0.601641,1,1
3438,86,0.530816,0.578979,0.499047,0.576528,0.539609,1,1
3425,86,0.534852,0.551543,0.487862,0.506785,0.601019,1,1
3401,86,0.540386,0.588450,0.528029,0.601029,0.566574,1,1
3431,86,0.446072,0.546063,0.541747,0.496655,0.469942,1,1
3423,86,0.521775,0.596842,0.612044,0.468759,0.569510,1,1
3437,86,0.496337,0.533347,0.497625,0.503698,0.637362,1,1
3436,86,0.423508,0.554568,0.632581,0.628818,0.623236,1,1
3449,87,0.506207,0.677558,0.457045,0.466484,0.685509,1,1
3446,87,0.404341,0.528978,0.653057,0.534723,0.654119,1,1
3445,87,0.521511,0.610415,0.578330,0.527651,0.572187,1,1
3469,87,0.514585,0.518268,0.508113,0.493797,0.571111,1,1
3471,87,0.566472,0.558178,0.498547,0.540151,0.538364,1,1
3452,87,0.421158,0.683602,0.551069,0.595619,0.725853,1,0
3465,87,0.421015,0.607553,0.431273,0.489080,0.548031,1,1
3457,87,0.460341,0.583113,0.547380,0.530978,0.519407,1,1
3440,87,0.370173,0.584891,0.523920,0.630622,0.546447,1,1
3477,87,0.452119,0.470757,0.457050,0.573831,0.563715,1,1
3459,87,0.495963,0.633202,0.482576,0.558289,0.582708,1,1
3455,87,0.440449,0.555727,0.589615,0.559194,0.603722,1,1
3461,87,0.523068,0.575673,0.505543,0.464047,0.586948,1,1
3468,87,0.511793,0.582688,0.518421,0.662778,0.567713,1,1
3444,87,0.512367,0.604354,0.563117,0.527729,0.582912,1,1
3441,87,0.435053,0.629831,0.509945,0.542595,0.544110,1,1
3472,87,0.482300,0.421250,0.458081,0.503363,0.647828,0,1
3475,87,0.514878,0.514418,0.582159,0.558712,0.607875,1,1
3467,87,0.532690,0.572388,0.533430,0.583376,0.639615,1,1
3460,87,0.547304,0.578318,0.577110,0.501991,0.492757,1,1
3456,87,0.469615,0.647030,0.501058,0.595525,0.611363,1,1
3462,87,0.600146,0.590147,0.619696,0.620370,0.558047,1,1
3447,87,0.460930,0.550340,0.644561,0.569034,0.529021,1,1
3478,87,0.502821,0.606069,0.409615,0.598689,0.611316,1,1
3443,87,0.525105,0.636604,0.447682,0.501008,0.527057,1,1
3476,87,0.509856,0.521980,0.564121,0.449977,0.652117,1,1
3464,87,0.538650,0.562788,0.505663,0.481993,0.602347,1,1
3479,87,0.553154,0.516611,0.404050,0.502663,0.635867,1,1
3442,87,0.448397,0.548930,0.519395,0.552962,0.523056,1,1
3458,87,0.590287,0.602316,0.605384,0.575946,0.585723,1,1
3474,87,0.455796,0.578845,0.474852,0.571380,0.572938,1,1
3451,87,0.484878,0.657039,0.534282,0.550558,0.495744,1,1
3453,87,0.400320,0.642330,0.551238,0.665330,0.681837,1,1
3450,87,0.463826,0.538994,0.581712,0.565539,0.600905,1,1
3454,87,0.422638,0.598414,0.568249,0.631930,0.600031,1,1
3463,87,0.496617,0.531844,0.542808,0.550681,0.538746,1,1
3466,87,0.440515,0.681056,0.559221,0.487889,0.599605,1,1
3448,87,0.559342,0.580423,0.509997,0.573023,0.570855,1,1
3473,87,0.538263,0.505586,0.518698,0.549206,0.630827,1,1
3470,87,0.494910,0.509236,0.566525,0.435351,0.588130,1,1
3486,88,0.502755,0.641903,0.615896,0.634453,0.596327,1,1
3496,88,0.491864,0.680539,0.605391,0.598446,0.599598,1,1
3485,88,0.528441,0.528429,0.544661,0.553681,0.571478,1,1
3481,88,0.501709,0.614602,0.589995,0.579594,0.601675,1,1
3484,88,0.412748,0.629586,0.529263,0.570569,0.576347,1,1
3483,88,0.456381,0.594575,0.560427,0.541804,0.568866,1,1
3516,88,0.470535,0.514873,0.571495,0.553039,0.506776,1,1
3515,88,0.524385,0.594235,0.501379,0.583230,0.537459,1,1
3519,88,0.595495,0.614132,0.627369,0.504428,0.598804,1,1
3497,88,0.497294,0.646744,0.470591,0.569071,0.603012,1,1
3512,88,0.486469,0.584466,0.440306,0.575385,0.546879,1,1
3482,88,0.407438,0.585867,0.530025,0.575950,0.600664,1,1
3494,88,0.504262,0.651157,0.621906,0.590233,0.609530,1,1
3508,88,0.542400,0.608936,0.513750,0.560218,0.543810,1,1
3514,88,0.477763,0.531320,0.524847,0.540583,0.505614,1,1
3505,88,0.557710,0.564414,0.571832,0.574108,0.570703,1,1
3492,88,0.549788,0.650040,0.623684,0.504887,0.623506,1,1
3489,88,0.516188,0.470097,0.578397,0.567150,0.643873,1,1
3490,88,0.447080,0.580824,0.472982,0.605517,0.538871,1,1
3513,88,0.557234,0.560244,0.560007,0.531120,0.548200,1,1
3491,88,0.576620,0.535093,0.611673,0.491116,0.629597,1,1
3487,88,0.451484,0.571058,0.584027,0.604201,0.604572,1,1
3511,88,0.574688,0.492672,0.476399,0.498286,0.676575,1,1
3488,88,0.518415,0.581873,0.522444,0.537522,0.553785,1,1
3507,88,0.468552,0.579013,0.481598,0.479316,0.556046,1,1
3502,88,0.537352,0.518619,0.584978,0.588668,0.564555,1,1
3504,88,0.605270,0.493099,0.514155,0.499492,0.550253,0,1
3506,88,0.495889,0.447814,0.497861,0.534431,0.551096,0,1
3498,88,0.543370,0.589324,0.553533,0.563646,0.667224,1,1
3503,88,0.501453,0.435265,0.535695,0.552524,0.627084,0,1
3480,88,0.468793,0.653719,0.582039,0.517248,0.603312,1,1
3499,88,0.447614,0.602133,0.597779,0.578491,0.543993,1,1
3501,88,0.618720,0.560165,0.486006,0.482765,0.559371,1,1
3517,88,0.549965,0.524589,0.513704,0.595075,0.622521,1,1
3518,88,0.500236,0.508407,0.513151,0.476334,0.482980,1,1
3493,88,0.528208,0.682594,0.466123,0.603506,0.676120,1,1
3495,88,0.540566,0.612328,0.541757,0.602929,0.647377,1,1
3510,88,0.460934,0.647243,0.509305,0.507330,0.546390,1,1
3509,88,0.539873,0.619550,0.493532,0.457211,0.605238,1,1
3500,88,0.509241,0.603233,0.532974,0.516120,0.594565,1,1
3537,89,0.515916,0.672504,0.705845,0.650254,0.545274,1,1
3535,89,0.544086,0.603671,0.620731,0.548589,0.486639,1,1
3522,89,0.569685,0.617903,0.606834,0.596295,0.527747,1,1
3549,89,0.549103,0.386908,0.490976,0.622987,0.605757,0,1
3529,89,0.603611,0.589988,0.616605,0.563730,0.655771,1,1
3536,89,0.449295,0.683363,0.559535,0.614229,0.683464,1,0
3531,89,0.517597,0.602053,0.550445,0.722794,0.693377,1,1
3559,89,0.524509,0.529144,0.568149,0.552867,0.594585,1,1
3544,89,0.615806,0.609533,0.529625,0.590157,0.577845,1,1
3533,89,0.514875,0.571812,0.559434,0.589121,0.578518,1,1
3527,89,0.592661,0.575431,0.583148,0.577122,0.535019,1,1
3558,89,0.490509,0.589073,0.433204,0.611587,0.547364,1,1
3530,89,0.559364,0.598169,0.543177,0.527452,0.548786,1,1
3523,89,0.540220,0.618842,0.575680,0.610939,0.584759,1,1
3534,89,0.476441,0.630361,0.493345,0.527770,0.593392,1,1
3555,89,0.644947,0.635137,0.540753,0.508187,0.587711,1,1
3524,89,0.490312,0.570008,0.495002,0.650792,0.521935,1,1
3540,89,0.624560,0.523482,0.532037,0.549441,0.599156,1,1
3553,89,0.554533,0.501528,0.504941,0.623721,0.612046,1,1
3528,89,0.539506,0.605807,0.578816,0.634032,0.567531,1,1
3547,89,0.528184,0.526524,0.552405,0.535586,0.530300,1,1
3550,89,0.500727,0.558684,0.508490,0.612299,0.622084,1,1
3541,89,0.543224,0.470172,0.538843,0.487442,0.607019,1,1
3554,89,0.496583,0.456403,0.611708,0.602968,0.584053,0,1
3556,89,0.514687,0.545266,0.538529,0.526258,0.643900,1,1
3532,89,0.523197,0.575055,0.404391,0.589043,0.653575,1,1
3557,89,0.575383,0.493314,0.504851,0.618151,0.587096,1,1
3543,89,0.538575,0.516331,0.545550,0.609975,0.458064,1,1
3521,89,0.553779,0.571590,0.514329,0.544439,0.610846,1,1
3542,89,0.517942,0.543796,0.596528,0.535022,0.543650,1,1
3546,89,0.490462,0.498469,0.544951,0.531416,0.594571,1,1
3548,89,0.490768,0.558495,0.532100,0.495253,0.641446,1,1
3525,89,0.523848,0.627531,0.582278,0.599058,0.635166,1,1
3526,89,0.502404,0.544271,0.494305,0.637818,0.650898,1,1
3551,89,0.534466,0.510226,0.606959,0.623493,0.642442,1,1
3539,89,0.502421,0.557365,0.523162,0.577724,0.651625,1,1
3538,89,0.618983,0.582394,0.587469,0.548962,0.709893,1,1
3552,89,0.550291,0.476920,0.596465,0.476494,0.605400,1,1
3545,89,0.491184,0.541271,0.510728,0.519511,0.672096,1,1
3520,89,0.497993,0.531108,0.604855,0.667148,0.561988,1,1
3590,90,0.516103,0.527919,0.514277,0.664128,0.635176,1,1
3588,90,0.624949,0.515398,0.513988,0.665251,0.621574,1,1
3589,90,0.609016,0.561829,0.522167,0.610366,0.520107,1,1
3585,90,0.489330,0.586267,0.519011,0.580528,0.597655,1,1
3587,90,0.589645,0.525520,0.539904,0.649663,0.549090,1,1
3575,90,0.489744,0.596813,0.545711,0.587802,0.590604,1,1
3591,90,0.563212,0.435017,0.586303,0.548485,0.533864,0,1
3596,90,0.560932,0.495094,0.453172,0.620465,0.547457,1,1
3565,90,0.410095,0.663632,0.523252,0.570055,0.636492,1,0
3577,90,0.496905,0.605671,0.537927,0.667670,0.654598,1,1
3583,90,0.447652,0.592841,0.474489,0.512689,0.529134,1,1
3580,90,0.436687,0.492578,0.584671,0.600031,0.623139,0,1
3597,90,0.534894,0.580140,0.463194,0.580250,0.608815,1,1
3599,90,0.575587,0.594609,0.642867,0.593937,0.633838,1,1
3581,90,0.536520,0.546380,0.521469,0.574515,0.630517,1,1
3562,90,0.494640,0.578282,0.556779,0.586396,0.572649,1,1
3571,90,0.603126,0.614716,0.494604,0.602570,0.528468,1,1
3579,90,0.561597,0.656840,0.557574,0.692648,0.564316,1,1
3595,90,0.609098,0.565642,0.601899,0.615342,0.592783,1,1
3594,90,0.496973,0.622425,0.582255,0.613145,0.623574,1,1
3584,90,0.539661,0.554331,0.518935,0.601058,0.636468,1,1
3598,90,0.591715,0.508618,0.509845,0.588336,0.591710,1,1
3570,90,0.571953,0.705681,0.518654,0.628013,0.545910,1,0
3561,90,0.535468,0.634554,0.597106,0.560981,0.646730,1,1
3568,90,0.508633,0.535688,0.571105,0.524745,0.588264,1,1
3576,90,0.556923,0.609489,0.645366,0.602027,0.554609,1,1
3578,90,0.487028,0.635221,0.501675,0.554499,0.639844,1,1
3586,90,0.564814,0.508734,0.686939,0.570385,0.617388,1,1
3569,90,0.486213,0.669089,0.562360,0.555620,0.528409,1,1
3564,90,0.555850,0.589873,0.532454,0.627115,0.598152,1,1
3572,90,0.478607,0.566532,0.571896,0.691114,0.610188,1,1
3560,90,0.510913,0.528673,0.604495,0.559370,0.590246,1,1
3582,90,0.604833,0.613433,0.558211,0.575434,0.586826,1,1
3566,90,0.537375,0.592380,0.528577,0.635597,0.675173,1,1
3567,90,0.539232,0.558465,0.509657,0.607712,0.565817,1,1
3593,90,0.550879,0.501711,0.559540,0.563476,0.606097,1,1
3573,90,0.487584,0.668780,0.548671,0.604527,0.620942,1,1
3574,90,0.560955,0.515439,0.520711,0.561088,0.588436,1,1
3563,90,0.652432,0.582913,0.625937,0.583695,0.557345,1,1
3592,90,0.563718,0.514030,0.579387,0.502980,0.634528,1,1
3624,91,0.579376,0.552085,0.536945,0.624062,0.589453,1,1
3615,91,0.563777,0.576502,0.517468,0.602955,0.624023,1,1
3609,91,0.477640,0.703779,0.549952,0.635453,0.660417,1,0
3603,91,0.554795,0.680588,0.512649,0.589209,0.687258,1,1
3613,91,0.509923,0.653468,0.484108,0.577809,0.613071,1,1
3628,91,0.603317,0.603333,0.548185,0.688873,0.618234,1,1
3618,91,0.514345,0.600420,0.555962,0.538978,0.647421,1,1
3621,91,0.576756,0.563698,0.621283,0.608698,0.607614,1,1
3636,91,0.541427,0.538846,0.576365,0.573862,0.566451,1,1
3638,91,0.571705,0.539147,0.513854,0.542152,0.646596,1,1
3631,91,0.489409,0.536367,0.506002,0.589992,0.540170,1,1
3612,91,0.575035,0.561086,0.602098,0.621999,0.683409,1,1
3634,91,0.574126,0.561186,0.539614,0.533071,0.642147,1,1
3622,91,0.564191,0.529598,0.575572,0.451982,0.579432,1,1
3625,91,0.538586,0.522862,0.600255,0.605187,0.581977,1,1
3604,91,0.475794,0.676493,0.695271,0.570865,0.710757,1,0
3601,91,0.609461,0.589422,0.637493,0.524170,0.690370,1,1
3608,91,0.646425,0.591172,0.533408,0.543753,0.660766,1,1
3616,91,0.579940,0.637223,0.614513,0.609440,0.686287,1,1
3605,91,0.456313,0.643730,0.530214,0.647598,0.640210,1,1
3619,91,0.464431,0.662638,0.629027,0.647525,0.620546,1,1
3606,91,0.498705,0.544314,0.669299,0.641068,0.606314,1,1
3637,91,0.481528,0.562226,0.516344,0.560772,0.580296,1,1
3630,91,0.526344,0.492689,0.601995,0.560710,0.661225,1,1
3610,91,0.648956,0.670663,0.606070,0.561045,0.618858,1,0
3627,91,0.511038,0.561844,0.608358,0.585333,0.594468,1,1
3626,91,0.628781,0.561084,0.563525,0.606905,0.627477,1,1
3629,91,0.557723,0.603662,0.527627,0.530428,0.558713,1,1
3639,91,0.565215,0.558661,0.551462,0.579317,0.536389,1,1
3633,91,0.521418,0.510331,0.592731,0.580045,0.590863,1,1
3600,91,0.534252,0.595445,0.512513,0.617988,0.658266,1,1
3614,91,0.563631,0.639115,0.480979,0.525555,0.636315,1,1
3607,91,0.607801,0.590839,0.584976,0.533307,0.740154,1,1
3635,91,0.549985,0.595880,0.513181,0.623769,0.665985,1,1
3617,91,0.572827,0.612326,0.642964,0.607421,0.619386,1,1
3602,91,0.502585,0.570042,0.673309,0.602510,0.627328,1,1
3611,91,0.508583,0.623637,0.533636,0.578290,0.636906,1,1
3620,91,0.490702,0.507258,0.531271,0.585952,0.624586,1,1
3623,91,0.530990,0.493070,0.599225,0.557091,0.565965,1,1
3632,91,0.657205,0.486600,0.599309,0.570621,0.563546,0,1
3649,92,0.518195,0.673368,0.522691,0.645536,0.651796,1,1
3667,92,0.518627,0.476600,0.519751,0.538087,0.648687,1,1
3662,92,0.581875,0.565553,0.545481,0.543878,0.627031,1,1
3671,92,0.555304,0.494957,0.532685,0.490636,0.565858,1,1
3656,92,0.535795,0.598092,0.614028,0.693603,0.645856,1,1
3648,92,0.646088,0.620750,0.636883,0.568202,0.641775,1,1
3663,92,0.471447,0.507311,0.601105,0.689585,0.641560,1,1
3665,92,0.598972,0.549556,0.570026,0.580159,0.673905,1,1
3643,92,0.504664,0.596953,0.608856,0.631237,0.588921,1,1
3679,92,0.551131,0.549936,0.612427,0.590899,0.519828,1,1
3666,92,0.538355,0.583314,0.562768,0.643388,0.475946,1,1
3647,92,0.578743,0.616915,0.514852,0.587691,0.672750,1,1
3654,92,0.548106,0.539329,0.534016,0.643275,0.577948,1,1
3672,92,0.571687,0.551036,0.507290,0.652647,0.554301,1,1
3651,92,0.549497,0.671053,0.582997,0.591396,0.599361,1,1
3668,92,0.574880,0.566500,0.561574,0.584214,0.526987,1,1
3661,92,0.603877,0.474086,0.576587,0.641319,0.683282,1,1
3674,92,0.587042,0.498847,0.556857,0.606096,0.598792,1,1
3670,92,0.508615,0.648969,0.436926,0.517788,0.679765,1,1
3640,92,0.540279,0.627661,0.575000,0.570344,0.627004,1,1
3652,92,0.496748,0.655274,0.596288,0.626851,0.703768,1,1
3646,92,0.463898,0.633606,0.701962,0.588666,0.469674,1,1
3641,92,0.566836,0.528833,0.624722,0.623018,0.716182,1,1
3660,92,0.629973,0.551166,0.542183,0.648903,0.563480,1,1
3645,92,0.547527,0.543580,0.650485,0.498613,0.600412,1,1
3677,92,0.569340,0.528410,0.518830,0.508668,0.606047,1,1
3657,92,0.518688,0.681455,0.615822,0.627546,0.550853,1,1
3659,92,0.578102,0.637335,0.535138,0.638161,0.632387,1,1
3650,92,0.495575,0.544593,0.576534,0.661837,0.640461,1,1
3655,92,0.537025,0.630522,0.592229,0.657359,0.656698,1,1
3669,92,0.599989,0.527784,0.521746,0.520190,0.689889,1,1
3676,92,0.525156,0.517286,0.538007,0.521461,0.574675,1,1
3644,92,0.606872,0.611582,0.526647,0.607604,0.623245,1,1
3675,92,0.630207,0.552971,0.603114,0.521260,0.648894,1,1
3658,92,0.457602,0.604979,0.563736,0.508571,0.752029,1,1
3673,92,0.605750,0.532949,0.566374,0.488735,0.567935,1,1
3664,92,0.537073,0.542708,0.560664,0.636333,0.561557,1,1
3653,92,0.528245,0.576542,0.604324,0.698379,0.612528,1,1
3678,92,0.566178,0.505408,0.624391,0.636326,0.584701,1,1
3642,92,0.581507,0.681201,0.635524,0.648311,0.655927,1,1
3694,93,0.551721,0.596242,0.540843,0.603660,0.582664,1,1
3703,93,0.584062,0.589475,0.619273,0.513564,0.606880,1,1
3690,93,0.535692,0.680834,0.587610,0.626044,0.701803,1,1
3719,93,0.623335,0.557709,0.525736,0.571057,0.582062,1,1
3695,93,0.644542,0.630049,0.536454,0.611064,0.655233,1,1
3718,93,0.659386,0.582347,0.542802,0.636100,0.670352,1,1
3683,93,0.531463,0.652853,0.545302,0.682417,0.623839,1,1
3705,93,0.608619,0.586093,0.585682,0.585887,0.533846,1,1
3712,93,0.529118,0.525203,0.592503,0.560907,0.587556,1,1
3692,93,0.598697,0.559597,0.686556,0.602488,0.610295,1,1
3685,93,0.571393,0.583522,0.468113,0.618097,0.698839,1,1
3715,93,0.471308,0.533828,0.568488,0.664756,0.590323,1,1
3710,93,0.539695,0.552854,0.572239,0.628472,0.490185,1,1
3713,93,0.460410,0.540111,0.529183,0.550708,0.596988,1,1
3714,93,0.551134,0.460592,0.618241,0.655815,0.601211,1,1
3697,93,0.585267,0.570101,0.632355,0.605159,0.623827,1,1
3711,93,0.615404,0.564076,0.509591,0.606178,0.530266,1,1
3701,93,0.578177,0.535329,0.558634,0.631505,0.600968,1,1
3704,93,0.545508,0.532475,0.444365,0.627517,0.580797,1,1
3686,93,0.561179,0.606886,0.650917,0.626728,0.637836,1,1
3681,93,0.504997,0.565749,0.584174,0.546053,0.709981,1,1
3707,93,0.530066,0.484601,0.481141,0.571660,0.624303,1,1
3691,93,0.615478,0.575471,0.631596,0.678673,0.568136,1,1
3689,93,0.530078,0.531707,0.600413,0.612524,0.598091,1,1
3699,93,0.612808,0.566617,0.581243,0.576637,0.573785,1,1
3698,93,0.614365,0.676789,0.693749,0.591587,0.607707,1,1
3708,93,0.666293,0.546400,0.574295,0.548586,0.678053,1,1
3717,93,0.495679,0.495380,0.553351,0.540883,0.622748,1,1
3687,93,0.600783,0.714464,0.510065,0.651653,0.606970,1,0
3693,93,0.526766,0.619713,0.523237,0.565294,0.618865,1,1
3700,93,0.490908,0.538885,0.630224,0.570105,0.618713,1,1
3688,93,0.538354,0.623698,0.545289,0.573205,0.685668,1,1
3682,93,0.470962,0.585239,0.684979,0.617096,0.651888,1,1
3684,93,0.572701,0.585567,0.596638,0.648889,0.691715,1,1
3680,93,0.561801,0.671017,0.525102,0.617723,0.429934,1,1
3702,93,0.614810,0.643051,0.520902,0.640335,0.667124,1,1
3716,93,0.567509,0.478502,0.489429,0.564779,0.617319,1,1
3696,93,0.549082,0.609461,0.609838,0.613968,0.638598,1,1
3709,93,0.604266,0.553822,0.543792,0.606630,0.549272,1,1
3706,93,0.525119,0.501130,0.568617,0.610617,0.557346,1,1
3754,94,0.604592,0.632858,0.627258,0.641302,0.558370,1,1
3733,94,0.649499,0.698224,0.521838,0.557977,0.575486,1,0
3723,94,0.549643,0.586727,0.540754,0.555539,0.581460,1,1
3756,94,0.520289,0.533894,0.530148,0.656445,0.618262,1,1
3753,94,0.510910,0.496628,0.574669,0.512991,0.605866,1,1
3734,94,0.559910,0.652960,0.539659,0.549999,0.622591,1,1
3748,94,0.592178,0.432365,0.584240,0.582499,0.653358,0,1
3747,94,0.597064,0.548944,0.499040,0.609522,0.521628,1,1
3752,94,0.543859,0.532813,0.569916,0.548468,0.620249,1,1
3755,94,0.570039,0.571432,0.606864,0.546323,0.595924,1,1
3741,94,0.620699,0.628218,0.608632,0.516765,0.589699,1,1
3724,94,0.608953,0.647409,0.598638,0.590253,0.614141,1,1
3728,94,0.526609,0.590991,0.680168,0.585247,0.626775,1,1
3750,94,0.550439,0.555585,0.619045,0.544804,0.631798,1,1
3746,94,0.540984,0.613125,0.568272,0.574627,0.594381,1,1
3726,94,0.530051,0.524917,0.506008,0.638486,0.661417,1,1
3727,94,0.618658,0.606217,0.532012,0.625845,0.663706,1,1
3729,94,0.630346,0.564361,0.643038,0.654574,0.674133,1,1
3758,94,0.599430,0.560376,0.528916,0.568636,0.543401,1,1
3737,94,0.530821,0.589900,0.630197,0.754410,0.655704,1,1
3730,94,0.451859,0.592666,0.521749,0.640470,0.686223,1,1
3720,94,0.601781,0.641607,0.562724,0.611373,0.695854,1,1
3757,94,0.518689,0.560500,0.527788,0.551592,0.630773,1,1
3735,94,0.596057,0.611883,0.535057,0.570556,0.649575,1,1
3759,94,0.537020,0.483752,0.542242,0.551977,0.578428,1,1
3749,94,0.508853,0.553654,0.597442,0.610527,0.662483,1,1
3751,94,0.585386,0.566980,0.501266,0.616002,0.538850,1,1
3742,94,0.530823,0.566788,0.523491,0.695401,0.605033,1,1
3731,94,0.537708,0.580681,0.547638,0.722372,0.748523,1,1
3721,94,0.543506,0.646030,0.658370,0.559628,0.695735,1,1
3745,94,0.614462,0.516632,0.515239,0.527093,0.646428,1,1
3722,94,0.549729,0.564328,0.549607,0.585253,0.598863,1,1
3744,94,0.622940,0.502092,0.605531,0.516550,0.607681,1,1
3739,94,0.577820,0.633358,0.628846,0.631819,0.546315,1,1
3743,94,0.539071,0.615828,0.476979,0.607598,0.545954,1,1
3732,94,0.646063,0.613083,0.569810,0.676066,0.601140,1,1
3725,94,0.549778,0.622072,0.582518,0.648908,0.634319,1,1
3740,94,0.574005,0.554117,0.614756,0.492439,0.667360,1,1
3736,94,0.538421,0.571179,0.538408,0.551876,0.609878,1,1
3738,94,0.617125,0.571434,0.656666,0.614762,0.628497,1,1
3791,95,0.568132,0.648964,0.579799,0.598775,0.660021,1,1
3766,95,0.577563,0.599690,0.726544,0.661965,0.716906,1,1
3780,95,0.558934,0.536936,0.693802,0.568514,0.646281,1,1
3772,95,0.508482,0.643865,0.583927,0.699626,0.677205,1,1
3764,95,0.554422,0.636740,0.618112,0.613908,0.650788,1,1
3798,95,0.455565,0.553454,0.551687,0.606169,0.631236,1,1
3770,95,0.660062,0.606638,0.629868,0.635829,0.658036,1,1
3768,95,0.604836,0.583079,0.629882,0.631809,0.685583,1,1
3784,95,0.546682,0.508854,0.645284,0.619272,0.638032,1,1
3769,95,0.576188,0.648706,0.614817,0.567903,0.593607,1,1
3796,95,0.564504,0.579503,0.608208,0.512016,0.674836,1,1
3763,95,0.509846,0.691428,0.660862,0.670388,0.538942,1,0
3771,95,0.522178,0.614528,0.575678,0.633270,0.689847,1,1
3765,95,0.557243,0.566381,0.590450,0.505426,0.596778,1,1
3795,95,0.580403,0.539310,0.573042,0.557903,0.598206,1,1
3790,95,0.636644,0.590573,0.566702,0.502125,0.603305,1,1
3797,95,0.576381,0.521582,0.605654,0.593597,0.572587,1,1
3793,95,0.587611,0.572205,0.662022,0.598279,0.539767,1,1
3792,95,0.644586,0.500236,0.525645,0.584931,0.689065,1,1
3782,95,0.507980,0.501800,0.512505,0.543594,0.591581,1,1
3762,95,0.596386,0.588506,0.621328,0.595606,0.731405,1,1
3778,95,0.577819,0.682506,0.730270,0.692885,0.688635,1,1
3781,95,0.608768,0.587955,0.615160,0.678568,0.700276,1,1
3786,95,0.547592,0.515832,0.591472,0.615097,0.584233,1,1
3794,95,0.583008,0.489511,0.613149,0.503347,0.627081,1,1
3775,95,0.582393,0.638038,0.626070,0.689226,0.690410,1,1
3785,95,0.628297,0.576188,0.567692,0.641855,0.574903,1,1
3777,95,0.500149,0.658112,0.525573,0.584390,0.633812,1,1
3799,95,0.596395,0.560324,0.588681,0.576555,0.635323,1,1
3783,95,0.580289,0.539517,0.572218,0.581291,0.638727,1,1
3773,95,0.553880,0.522464,0.539344,0.656788,0.636210,1,1
3788,95,0.542361,0.643727,0.546781,0.532886,0.639997,1,1
3787,95,0.592053,0.557363,0.553753,0.595600,0.720262,1,1
3774,95,0.594911,0.586301,0.569709,0.641949,0.659337,1,1
3779,95,0.582876,0.593961,0.557792,0.613229,0.758115,1,1
3761,95,0.603675,0.678289,0.625586,0.637000,0.651949,1,1
3760,95,0.547432,0.614678,0.635287,0.668987,0.665998,1,1
3789,95,0.521702,0.493560,0.509483,0.657966,0.612040,1,1
3776,95,0.638107,0.591947,0.554956,0.603417,0.644030,1,1
3767,95,0.621044,0.658380,0.608562,0.594695,0.657298,1,1
3827,96,0.618948,0.600415,0.647487,0.513795,0.556470,1,1
3822,96,0.571809,0.577449,0.493889,0.650429,0.599545,1,1
3838,96,0.624652,0.545161,0.497069,0.629805,0.611399,1,1
3803,96,0.525241,0.615875,0.628714,0.617961,0.709117,1,1
3814,96,0.535127,0.574588,0.591464,0.591649,0.661024,1,1
3811,96,0.543755,0.651088,0.577771,0.629536,0.695820,1,1
3835,96,0.606017,0.542876,0.551491,0.545746,0.604761,1,1
3802,96,0.547399,0.625383,0.542103,0.675468,0.733885,1,1
3839,96,0.658625,0.569351,0.562593,0.594160,0.545660,1,1
3807,96,0.511971,0.609124,0.626930,0.641336,0.746087,1,1
3817,96,0.548998,0.577998,0.541995,0.610615,0.643190,1,1
3832,96,0.579147,0.576542,0.569821,0.593519,0.616910,1,1
3826,96,0.615438,0.542018,0.509883,0.577842,0.551991,1,1
3821,96,0.586538,0.602955,0.549490,0.544391,0.663227,1,1
3834,96,0.616576,0.595888,0.627367,0.642192,0.673880,1,1
3804,96,0.557783,0.615919,0.570518,0.660910,0.765212,1,1
3828,96,0.517690,0.507424,0.578478,0.568723,0.606689,1,1
3801,96,0.546248,0.594082,0.614706,0.680875,0.609072,1,1
3815,96,0.590308,0.594436,0.631728,0.610006,0.614896,1,1
3806,96,0.559982,0.582014,0.578852,0.649709,0.759953,1,1
3813,96,0.544168,0.601854,0.523952,0.552491,0.661033,1,1
3824,96,0.567270,0.562164,0.611197,0.585674,0.606396,1,1
3836,96,0.555328,0.500748,0.611995,0.504234,0.675767,1,1
3820,96,0.558639,0.499087,0.586611,0.570184,0.569195,1,1
3812,96,0.628501,0.615752,0.647148,0.690433,0.739641,1,1
3809,96,0.568708,0.562112,0.603152,0.535062,0.627514,1,1
3810,96,0.628082,0.623694,0.604830,0.532974,0.643494,1,1
3831,96,0.576608,0.525467,0.590462,0.633803,0.698259,1,1
3837,96,0.624315,0.573764,0.532903,0.634053,0.664612,1,1
3805,96,0.608010,0.538957,0.592002,0.629164,0.666119,1,1
3823,96,0.652183,0.496408,0.570858,0.610463,0.573385,1,1
3825,96,0.540634,0.517597,0.653507,0.603211,0.596469,1,1
3819,96,0.594346,0.597747,0.639197,0.708074,0.630580,1,1
3800,96,0.604336,0.644014,0.584756,0.565086,0.622896,1,1
3833,96,0.631832,0.604268,0.559293,0.531845,0.635203,1,1
3829,96,0.578948,0.571725,0.587781,0.550728,0.578974,1,1
3818,96,0.636765,0.548258,0.629928,0.630631,0.711107,1,1
3816,96,0.569066,0.554818,0.579264,0.605439,0.664450,1,1
3830,96,0.617521,0.468883,0.553644,0.649878,0.673095,1,1
3808,96,0.495900,0.679562,0.509338,0.685850,0.651817,1,0
3865,97,0.523204,0.649058,0.420658,0.601212,0.616808,1,1
3849,97,0.582941,0.495630,0.580971,0.528765,0.608257,1,1
3844,97,0.595030,0.531169,0.550119,0.583198,0.652695,1,1
3860,97,0.607852,0.477840,0.506147,0.586219,0.682649,1,1
3853,97,0.635583,0.709599,0.627482,0.633305,0.606483,1,0
3846,97,0.562399,0.626915,0.656112,0.615424,0.615450,1,1
3861,97,0.628296,0.527383,0.534306,0.675089,0.710473,1,1
3863,97,0.485886,0.568946,0.487874,0.558206,0.566557,1,1
3866,97,0.611188,0.563349,0.584364,0.581954,0.565403,1,1
3862,97,0.623562,0.510162,0.626079,0.542618,0.659938,1,1
3850,97,0.613160,0.586263,0.621757,0.623553,0.636966,1,1
3855,97,0.589970,0.598035,0.704787,0.666679,0.623539,1,1
3859,97,0.567209,0.640412,0.585502,0.626122,0.666426,1,1
3870,97,0.536930,0.597393,0.538204,0.511591,0.653014,1,1
3843,97,0.577626,0.701610,0.552407,0.539970,0.593753,1,0
3869,97,0.605295,0.521237,0.507158,0.677510,0.568620,1,1
3868,97,0.580968,0.543216,0.626688,0.681973,0.592962,1,1
3845,97,0.568150,0.610245,0.651185,0.620580,0.637240,1,1
3852,97,0.510651,0.694950,0.555659,0.683570,0.646372,1,0
3864,97,0.507404,0.680328,0.617266,0.596137,0.629186,1,1
3857,97,0.568937,0.600757,0.589858,0.653435,0.767274,1,1
3851,97,0.648258,0.561717,0.549548,0.693754,0.673820,1,1
3876,97,0.671881,0.543811,0.642176,0.583108,0.606505,1,1
3872,97,0.627438,0.531887,0.557124,0.592939,0.639165,1,1
3856,97,0.573521,0.605087,0.662808,0.649939,0.647797,1,1
3854,97,0.614226,0.640800,0.619617,0.710732,0.630844,1,1
3841,97,0.526603,0.560268,0.619432,0.581638,0.684808,1,1
3878,97,0.499383,0.547811,0.526972,0.508976,0.522021,1,1
3847,97,0.513901,0.637083,0.635328,0.570470,0.643025,1,1
3842,97,0.588017,0.618515,0.571840,0.550112,0.581872,1,1
3877,97,0.467039,0.584574,0.517649,0.553650,0.621146,1,1
3875,97,0.546246,0.628382,0.599403,0.485782,0.598165,1,1
3867,97,0.526023,0.533913,0.638918,0.520553,0.589673,1,1
3848,97,0.639255,0.535108,0.606687,0.577680,0.597890,1,1
3874,97,0.608906,0.435600,0.571067,0.591801,0.673927,0,1
3871,97,0.612216,0.470238,0.642611,0.658440,0.637107,1,1
3858,97,0.494233,0.525983,0.593313,0.648720,0.647560,1,1
3840,97,0.560338,0.613109,0.658064,0.692774,0.726100,1,1
3879,97,0.477993,0.531270,0.549472,0.540237,0.641308,1,1
3873,97,0.612511,0.520006,0.543560,0.608323,0.585847,1,1
3903,98,0.540004,0.577798,0.621867,0.558169,0.699397,1,1
3892,98,0.578676,0.572527,0.597427,0.581933,0.714131,1,1
3901,98,0.548248,0.494108,0.559750,0.660912,0.640693,1,1
3918,98,0.685653,0.555425,0.592062,0.606902,0.664990,1,1
3897,98,0.642917,0.629535,0.553274,0.586826,0.579379,1,1
3882,98,0.622210,0.501679,0.597023,0.608630,0.651645,1,1
3916,98,0.561218,0.599598,0.601740,0.645058,0.633438,1,1
3900,98,0.523577,0.590233,0.606788,0.564989,0.714674,1,1
3885,98,0.568511,0.586826,0.574128,0.653515,0.622912,1,1
3891,98,0.616498,0.647709,0.562166,0.647221,0.613457,1,1
3919,98,0.592953,0.554425,0.515293,0.594549,0.595896,1,1
3905,98,0.574519,0.621705,0.512573,0.570537,0.481623,1,1
3908,98,0.657891,0.552080,0.495673,0.562132,0.587937,1,1
3896,98,0.625686,0.658295,0.628924,0.624467,0.704439,1,1
3884,98,0.605728,0.710799,0.616810,0.667392,0.634079,1,0
3880,98,0.553954,0.529888,0.567151,0.515318,0.652496,1,1
3899,98,0.575608,0.572766,0.511298,0.649905,0.723446,1,1
3911,98,0.571653,0.511877,0.613890,0.588089,0.577143,1,1
3889,98,0.493958,0.554446,0.667394,0.641980,0.628591,1,1
3886,98,0.635044,0.658278,0.542730,0.571979,0.688083,1,1
3914,98,0.649873,0.623320,0.572781,0.596082,0.628723,1,1
3915,98,0.597091,0.558697,0.550366,0.545427,0.573349,1,1
3898,98,0.612369,0.647601,0.549891,0.650586,0.671591,1,1
3912,98,0.663047,0.594090,0.528730,0.616259,0.607845,1,1
3881,98,0.557506,0.606297,0.705667,0.594761,0.682072,1,1
3913,98,0.669172,0.488748,0.626339,0.656479,0.639264,1,1
3893,98,0.640576,0.696981,0.603503,0.580170,0.559210,1,0
3883,98,0.534602,0.649702,0.583032,0.628192,0.608918,1,1
3888,98,0.600579,0.615001,0.664976,0.675803,0.565685,1,1
3894,98,0.644831,0.592065,0.611235,0.584974,0.614371,1,1
3887,98,0.584215,0.552743,0.570406,0.622161,0.674418,1,1
3902,98,0.562412,0.468302,0.620216,0.546365,0.578901,1,1
3906,98,0.574285,0.622191,0.488496,0.599666,0.619516,1,1
3917,98,0.622423,0.516450,0.585999,0.561320,0.595673,1,1
3895,98,0.634182,0.547703,0.555682,0.632007,0.689718,1,1
3904,98,0.566369,0.610552,0.531186,0.619553,0.668293,1,1
3907,98,0.601928,0.495254,0.653279,0.567763,0.584840,1,1
3890,98,0.583351,0.596894,0.557307,0.694855,0.667781,1,1
3910,98,0.597972,0.557614,0.576388,0.621757,0.635238,1,1
3909,98,0.569608,0.474938,0.519325,0.590449,0.623931,1,1
3925,99,0.497063,0.551127,0.533871,0.702264,0.696850,1,1
3943,99,0.601395,0.588382,0.544229,0.591113,0.548948,1,1
3926,99,0.624379,0.581716,0.533962,0.682202,0.595437,1,1
3953,99,0.580494,0.522341,0.647188,0.536772,0.601080,1,1
3937,99,0.608222,0.515391,0.591851,0.601958,0.645747,1,1
3929,99,0.575471,0.576995,0.532655,0.576776,0.509056,1,1
3949,99,0.561664,0.555683,0.577363,0.574660,0.609963,1,1
3934,99,0.533248,0.644999,0.641617,0.642905,0.676511,1,1
3948,99,0.468970,0.490615,0.672475,0.543534,0.589125,0,1
3956,99,0.648923,0.497366,0.646618,0.501988,0.727287,1,1
3924,99,0.636200,0.613706,0.665318,0.662338,0.653754,1,1
3922,99,0.619173,0.652127,0.527096,0.607138,0.613505,1,1
3954,99,0.601878,0.491562,0.589410,0.609025,0.565681,1,1
3939,99,0.614476,0.560118,0.677125,0.678739,0.550859,1,1
3933,99,0.585469,0.602071,0.579477,0.614547,0.700762,1,1
3944,99,0.589358,0.638627,0.588846,0.537366,0.585862,1,1
3951,99,0.542204,0.527007,0.510346,0.515300,0.675918,1,1
3952,99,0.565953,0.551933,0.583286,0.614898,0.627634,1,1
3932,99,0.705612,0.630716,0.629946,0.750786,0.615935,1,1
3921,99,0.520692,0.515548,0.622112,0.598334,0.534144,1,1
3941,99,0.667372,0.561682,0.582159,0.560094,0.475976,1,1
3940,99,0.557133,0.479836,0.554022,0.580246,0.693216,1,1
3945,99,0.630521,0.431503,0.546408,0.599380,0.553847,0,1
3942,99,0.603258,0.555023,0.567258,0.636648,0.603031,1,1
3927,99,0.719686,0.715906,0.540433,0.689670,0.677890,1,0
3935,99,0.597482,0.570689,0.660319,0.617937,0.660913,1,1
3936,99,0.660193,0.642696,0.726193,0.638421,0.663847,1,1
3958,99,0.682499,0.515028,0.442892,0.433111,0.657387,1,1
3946,99,0.663004,0.471774,0.537724,0.622304,0.669981,0,1
3920,99,0.590129,0.686701,0.647750,0.544233,0.726318,1,1
3923,99,0.641126,0.564523,0.613379,0.643304,0.587404,1,1
3957,99,0.635965,0.575755,0.574583,0.644390,0.638495,1,1
3938,99,0.674576,0.557738,0.596827,0.604554,0.634412,1,1
3928,99,0.556445,0.542563,0.615728,0.660657,0.595081,1,1
3931,99,0.633833,0.523823,0.602501,0.566121,0.676692,1,1
3947,99,0.636765,0.613489,0.533486,0.636298,0.624708,1,1
3930,99,0.565700,0.639977,0.640679,0.600332,0.722492,1,1
3955,99,0.656520,0.625391,0.573729,0.540598,0.622651,1,1
3950,99,0.593643,0.578237,0.536879,0.599001,0.587515,1,1
3959,99,0.641520,0.632332,0.567268,0.734383,0.599230,1,1
3974,100,0.586810,0.591766,0.643808,0.665539,0.647882,1,1
3992,100,0.513571,0.541158,0.599374,0.654778,0.684935,1,1
3994,100,0.522872,0.508001,0.650208,0.646414,0.662754,1,1
3981,100,0.519836,0.477467,0.567231,0.558330,0.569359,0,1
3979,100,0.683585,0.611203,0.644216,0.611331,0.666144,1,1
3986,100,0.579633,0.565150,0.638296,0.608939,0.643672,1,1
3987,100,0.648529,0.525296,0.546130,0.556707,0.601191,1,1
3985,100,0.537037,0.591604,0.595029,0.559776,0.670834,1,1
3978,100,0.618864,0.525359,0.589165,0.689652,0.650830,1,1
3982,100,0.502594,0.518046,0.595589,0.673706,0.570760,1,1
3969,100,0.617065,0.701176,0.677446,0.602096,0.635028,1,0
3961,100,0.623165,0.552009,0.561974,0.657801,0.626366,1,1
3999,100,0.600816,0.513692,0.606617,0.598903,0.686538,1,1
3973,100,0.516193,0.575017,0.676781,0.608558,0.638088,1,1
3983,100,0.638290,0.585816,0.685102,0.508380,0.667485,1,1
3993,100,0.569958,0.557782,0.575651,0.546960,0.697260,1,1
3988,100,0.665728,0.537731,0.569377,0.448519,0.596819,1,1
3967,100,0.537117,0.611590,0.579964,0.654938,0.736057,1,1
3976,100,0.526314,0.612155,0.639640,0.662351,0.638026,1,1
3971,100,0.587314,0.627793,0.641133,0.574554,0.690158,1,1
3964,100,0.581407,0.521388,0.594614,0.680404,0.642795,1,1
3970,100,0.620525,0.604648,0.523055,0.628601,0.771395,1,1
3977,100,0.621021,0.573340,0.583244,0.708390,0.650782,1,1
3995,100,0.541689,0.524649,0.660459,0.616225,0.663816,1,1
3975,100,0.577143,0.605400,0.716898,0.717075,0.682787,1,1
3991,100,0.616608,0.522207,0.659499,0.578886,0.599031,1,1
3968,100,0.669640,0.696367,0.623791,0.654239,0.598447,1,0
3980,100,0.430337,0.555415,0.591565,0.567241,0.554362,0,1
3962,100,0.616440,0.573797,0.550169,0.645282,0.670794,1,1
3990,100,0.568366,0.554831,0.605100,0.675023,0.488591,1,1
3960,100,0.635586,0.593985,0.633287,0.673274,0.598628,1,1
3963,100,0.617739,0.551192,0.575926,0.589998,0.768683,1,1
3984,100,0.502182,0.505204,0.674108,0.546439,0.609445,1,1
3997,100,0.647127,0.568451,0.521499,0.646248,0.603496,1,1
3965,100,0.678007,0.640446,0.666739,0.593440,0.713148,1,1
3966,100,0.669846,0.577559,0.528722,0.562861,0.651369,1,1
3972,100,0.602994,0.645016,0.638369,0.580971,0.632824,1,1
3998,100,0.617864,0.551922,0.575295,0.592137,0.535223,1,1
3989,100,0.600110,0.608437,0.587456,0.622565,0.619069,1,1
3996,100,0.592052,0.528165,0.572787,0.600117,0.661200,1,1