global_id,timestamp,f1,f2,f3,f4,class_0,class_1
1,1,-0.547918,0.003954,-0.206067,-0.085227,1,1
33,1,-0.627917,-0.020535,-0.198849,-0.063577,1,1
32,1,-0.573283,-0.004440,-0.184101,-0.128943,1,1
28,1,-0.541260,-0.129707,-0.198543,-0.101876,1,1
0,1,-0.566723,0.003262,-0.247717,-0.051976,1,1
19,1,-0.620190,-0.023796,-0.267865,-0.025334,1,1
21,1,-0.545782,-0.127688,-0.204005,-0.127910,1,1
9,1,-0.631927,-0.017894,-0.178321,-0.089160,1,1
20,1,-0.577598,-0.020429,-0.229928,-0.180335,1,1
24,1,-0.563748,-0.100867,-0.243594,-0.101892,1,1
18,1,-0.507074,0.047381,-0.195344,-0.058858,1,1
17,1,-0.617047,-0.016604,-0.165132,-0.038683,1,1
22,1,-0.629084,-0.042927,-0.157746,-0.071949,1,1
15,1,-0.494209,0.038649,-0.089234,-0.052843,1,0
13,1,-0.618863,0.057345,-0.249621,-0.036502,1,1
6,1,-0.593945,-0.063268,-0.244100,-0.059572,1,1
7,1,-0.673274,-0.143715,-0.196586,-0.055330,1,1
34,1,-0.567610,-0.085885,-0.259922,-0.021027,1,1
36,1,-0.692459,-0.157229,-0.105349,-0.121397,0,1
16,1,-0.543229,-0.151475,-0.149160,-0.051036,1,1
10,1,-0.567798,-0.034081,-0.181809,-0.079112,1,1
38,1,-0.562183,-0.026434,-0.201490,-0.021578,1,1
37,1,-0.594978,-0.073330,-0.099698,-0.127232,1,1
31,1,-0.562049,-0.095348,-0.235765,-0.182593,1,1
12,1,-0.577549,-0.016559,-0.083296,-0.123568,1,1
35,1,-0.677833,-0.019088,-0.147463,-0.039332,1,1
3,1,-0.659110,-0.024726,-0.260317,-0.012190,1,1
39,1,-0.657248,-0.097029,-0.215064,-0.099984,1,1
26,1,-0.626392,-0.027210,-0.226765,-0.061875,1,1
8,1,-0.582520,-0.015339,-0.181515,-0.126037,1,1
30,1,-0.622911,-0.072280,-0.119819,-0.163568,1,1
14,1,-0.623427,-0.022951,-0.156484,-0.110895,1,1
5,1,-0.546224,0.041175,-0.192517,-0.020332,1,1
2,1,-0.567515,-0.023391,-0.146873,0.020668,1,1
23,1,-0.654276,-0.040312,-0.207434,-0.140883,1,1
11,1,-0.576097,0.079260,-0.181410,-0.089336,1,1
4,1,-0.541417,-0.063107,-0.277144,-0.040638,1,1
27,1,-0.536254,-0.084373,-0.148170,-0.144839,1,1
29,1,-0.616902,-0.011301,-0.154195,-0.134267,1,1
25,1,-0.565935,-0.083225,-0.237148,-0.080630,1,1
66,2,-0.625764,-0.084486,-0.136524,-0.030182,1,1
41,2,-0.554363,-0.021767,0.195029,0.077997,1,1
73,2,-0.566889,-0.095551,-0.257164,-0.058492,1,1
63,2,-0.646186,-0.047727,-0.269199,-0.085292,1,1
51,2,-0.656302,-0.129598,0.232102,-0.016407,1,1
55,2,-0.627602,-0.002033,0.147902,0.089967,1,1
58,2,-0.643375,-0.036549,0.122038,-0.031704,1,1
46,2,-0.534892,-0.004810,0.154520,0.040703,1,1
45,2,-0.525565,-0.040529,0.131339,0.012005,1,1
54,2,-0.565570,0.051635,0.217173,0.008899,1,1
49,2,-0.665261,-0.023708,0.216484,0.114630,1,1
40,2,-0.587188,0.075104,0.152984,0.008724,1,1
48,2,-0.667307,-0.033275,0.173230,0.154985,1,1
62,2,-0.569513,-0.058225,-0.181721,-0.183522,1,1
57,2,-0.605239,-0.008838,0.082690,0.043132,1,1
60,2,-0.651203,-0.137902,-0.171889,-0.091363,1,1
61,2,-0.585621,-0.097391,-0.135758,-0.098494,1,1
68,2,-0.676900,-0.157624,-0.224745,-0.003487,0,1
65,2,-0.566942,-0.063841,-0.186669,-0.140221,1,1
76,2,-0.563767,-0.024499,-0.241276,-0.148580,1,1
77,2,-0.618310,0.021647,-0.241110,-0.155290,1,1
42,2,-0.640029,-0.056407,0.200985,-0.016515,1,1
69,2,-0.480222,-0.062213,-0.148435,-0.149674,1,1
44,2,-0.511961,-0.038097,0.201796,0.007996,1,1
43,2,-0.573003,-0.049655,0.137872,-0.012343,1,1
71,2,-0.637374,-0.071995,-0.211244,-0.123712,1,1
67,2,-0.546300,0.012575,-0.225474,-0.038039,1,1
74,2,-0.533135,-0.024250,-0.138645,-0.049760,1,1
59,2,-0.620032,0.019060,0.067585,-0.024102,1,1
56,2,-0.630178,0.030063,0.117687,0.025682,1,1
70,2,-0.611888,-0.115968,-0.179152,-0.006005,1,1
75,2,-0.623337,-0.086609,-0.169804,-0.114442,1,1
64,2,-0.600760,-0.159104,-0.209273,-0.063258,1,1
47,2,-0.549490,-0.034639,0.083083,0.089576,1,1
78,2,-0.570606,-0.058974,-0.100017,-0.105626,1,1
79,2,-0.535415,-0.122197,-0.194062,-0.138502,1,1
50,2,-0.561547,-0.041975,0.098373,-0.016769,1,1
52,2,-0.619852,-0.053230,0.116233,0.121585,1,1
53,2,-0.579161,-0.027401,0.095947,0.034482,1,1
72,2,-0.601177,0.018927,-0.113117,-0.177209,1,1
104,3,-0.616787,-0.071892,-0.228882,-0.063757,1,1
92,3,-0.555197,0.010448,0.171908,0.046741,1,1
100,3,-0.627606,-0.115748,-0.132239,-0.101440,1,1
110,3,-0.683767,-0.039948,-0.164393,-0.040301,1,1
86,3,-0.632963,-0.031349,0.142562,0.055411,1,1
113,3,-0.564597,0.014829,-0.138082,-0.105790,1,1
85,3,-0.576595,0.016485,0.240475,0.168923,1,1
84,3,-0.659205,-0.030619,0.172270,0.064034,1,1
93,3,-0.525356,-0.046205,0.041834,0.053746,1,1
116,3,-0.566354,0.002738,-0.280758,-0.192208,1,1
109,3,-0.588627,-0.075220,-0.278994,-0.083840,1,1
107,3,-0.654705,-0.132025,-0.176561,-0.065558,1,1
97,3,-0.623866,-0.037014,0.210600,0.028094,1,1
108,3,-0.562147,-0.087874,-0.182946,-0.106303,1,1
106,3,-0.627838,-0.087871,-0.172590,-0.048999,1,1
91,3,-0.592284,-0.105722,0.142759,-0.078400,1,1
112,3,-0.621834,-0.123817,-0.187229,-0.070915,1,1
82,3,-0.622198,0.057580,0.197847,0.009357,1,1
89,3,-0.673317,-0.027593,0.240193,-0.008667,1,1
103,3,-0.655226,-0.082811,-0.226416,-0.031942,1,1
117,3,-0.522948,-0.140530,-0.231469,-0.098493,1,1
101,3,-0.577165,-0.046049,-0.201095,-0.096177,1,1
119,3,-0.622877,-0.055434,-0.231505,-0.136168,1,1
83,3,-0.620811,-0.014758,0.190746,0.087763,1,1
111,3,-0.659579,-0.089763,-0.181962,-0.078241,1,1
99,3,-0.589821,-0.099408,0.112359,-0.012412,1,1
115,3,-0.565780,0.016624,-0.284807,-0.080114,1,1
87,3,-0.577916,-0.069680,0.213671,0.041999,1,1
90,3,-0.682393,0.001199,0.231300,-0.014244,1,1
80,3,-0.629349,-0.024217,0.086861,0.120826,1,1
105,3,-0.647707,-0.036034,-0.153572,-0.137304,1,1
114,3,-0.613301,-0.109348,-0.236444,-0.044033,1,1
102,3,-0.516045,-0.029912,-0.139805,-0.073015,1,1
98,3,-0.655017,-0.105703,0.192267,0.064280,1,1
81,3,-0.538392,-0.046061,0.103375,0.113042,1,1
96,3,-0.522355,-0.089052,0.134384,0.013298,1,1
94,3,-0.599738,-0.015207,0.234202,0.073913,1,1
118,3,-0.592380,-0.124816,-0.199099,-0.168200,1,1
88,3,-0.624354,0.016943,0.239303,0.069310,1,1
95,3,-0.577318,0.014000,0.111281,0.063191,1,1
150,4,-0.544793,-0.066171,-0.233484,-0.177788,1,1
157,4,-0.541362,-0.132037,-0.198056,-0.110010,1,1
131,4,-0.646733,-0.123343,0.168358,0.019387,1,1
148,4,-0.589760,-0.083280,-0.281661,-0.083125,1,1
123,4,-0.586798,-0.057306,0.189364,-0.010342,1,1
155,4,-0.635365,-0.117666,-0.222611,-0.058130,1,1
156,4,-0.536602,0.008304,-0.194584,-0.095936,1,1
137,4,-0.669534,-0.022331,0.214405,0.117520,1,1
129,4,-0.521362,0.037178,0.202311,0.093315,1,1
159,4,-0.603299,-0.086183,-0.182415,-0.117156,1,1
146,4,-0.552657,-0.058353,-0.263425,-0.102526,1,1
153,4,-0.662807,-0.061457,-0.128194,-0.049096,1,1
145,4,-0.707468,-0.055641,-0.262445,-0.144678,1,1
126,4,-0.647950,0.064005,0.055250,0.062143,1,1
135,4,-0.598375,-0.071580,0.088156,0.145111,1,1
142,4,-0.576318,-0.029845,-0.244338,-0.136093,1,1
136,4,-0.570800,-0.029948,0.160232,0.042378,1,1
152,4,-0.582299,-0.039193,-0.236885,-0.061571,1,1
158,4,-0.618793,-0.121049,-0.223543,-0.060002,1,1
144,4,-0.581073,-0.087223,-0.194750,-0.258115,1,1
124,4,-0.561148,-0.059052,0.220398,-0.049837,1,1
154,4,-0.654799,-0.043965,-0.217690,-0.146151,1,1
133,4,-0.630741,-0.025491,0.222844,0.086771,1,1
120,4,-0.558587,-0.012624,0.251855,0.095804,1,1
140,4,-0.577618,-0.107296,-0.209771,-0.094971,1,1
130,4,-0.640405,-0.021438,0.140982,-0.049189,1,1
132,4,-0.569376,-0.001612,0.121630,-0.023017,1,1
141,4,-0.629533,-0.067517,-0.141276,-0.097575,1,1
149,4,-0.570070,-0.085347,-0.242868,-0.084416,1,1
134,4,-0.636491,-0.031689,0.125776,0.026783,1,1
125,4,-0.611513,-0.028565,0.118707,0.118179,1,1
151,4,-0.619560,-0.053225,-0.143039,-0.128552,1,1
143,4,-0.611679,-0.098332,-0.043574,-0.049017,1,1
138,4,-0.613752,-0.042665,0.126495,0.145232,1,1
122,4,-0.576572,-0.087352,0.129121,-0.002888,1,1
128,4,-0.621077,-0.081780,0.112787,0.037119,1,1
147,4,-0.607961,-0.144119,-0.192218,-0.107767,1,1
121,4,-0.534929,-0.013383,0.139886,0.032086,1,1
139,4,-0.571342,-0.058138,0.172394,0.158961,1,1
127,4,-0.659183,0.042528,0.223714,0.045523,1,1
189,5,-0.568352,0.013013,-0.144957,-0.056843,1,1
198,5,-0.491920,-0.074708,-0.206347,-0.168354,1,1
196,5,-0.582883,-0.082503,-0.187559,-0.056102,1,1
199,5,-0.607909,-0.064139,-0.157117,-0.127311,1,1
178,5,-0.573011,-0.095967,0.097975,0.040915,1,1
190,5,-0.611849,-0.063764,-0.137665,-0.025885,1,1
182,5,-0.602216,-0.048314,-0.236587,-0.146844,1,1
167,5,-0.585664,-0.007695,0.184765,0.017872,1,1
160,5,-0.613652,-0.071796,0.115129,0.031007,1,1
180,5,-0.585271,-0.041262,-0.216533,-0.103745,1,1
168,5,-0.656402,0.011291,0.230002,-0.067682,1,1
179,5,-0.515982,-0.067203,0.130685,0.092070,1,1
174,5,-0.743868,0.103411,0.156231,0.092496,1,0
162,5,-0.695097,-0.054261,0.206700,-0.008028,1,1
197,5,-0.643523,-0.117057,-0.193667,-0.090475,1,1
161,5,-0.572929,0.044099,0.154951,0.000159,1,1
173,5,-0.626803,-0.000389,0.252569,0.021609,1,1
175,5,-0.569763,-0.147653,0.139921,0.098832,1,1
188,5,-0.556742,0.048458,-0.192135,-0.118183,1,1
181,5,-0.668277,-0.112644,-0.178273,-0.085609,1,1
186,5,-0.538282,-0.104407,-0.224648,-0.205443,1,1
165,5,-0.599856,0.053505,0.117693,0.074313,1,1
193,5,-0.661345,0.001891,-0.149076,-0.119479,1,1
183,5,-0.569804,-0.100953,-0.220376,-0.074701,1,1
177,5,-0.615118,-0.022583,0.165401,0.041923,1,1
185,5,-0.599800,-0.115198,-0.256405,-0.139071,1,1
187,5,-0.555414,0.024033,-0.152804,-0.092995,1,1
191,5,-0.605434,-0.110287,-0.284245,-0.110525,1,1
192,5,-0.539420,-0.122485,-0.148159,-0.132930,1,1
195,5,-0.545376,-0.017623,-0.203491,-0.096220,1,1
166,5,-0.615239,0.000981,0.128615,0.002006,1,1
184,5,-0.577248,-0.053907,-0.203910,-0.120496,1,1
169,5,-0.667272,0.016963,0.268572,-0.023350,1,1
176,5,-0.622355,-0.074732,0.191091,0.043524,1,1
194,5,-0.545722,-0.075770,-0.267559,-0.137598,1,1
171,5,-0.629678,-0.088695,0.168915,-0.074314,1,1
163,5,-0.598645,0.037552,0.145614,-0.004030,1,1
172,5,-0.674623,-0.034200,0.121680,0.042836,1,1
170,5,-0.601015,-0.014078,0.230184,0.027444,1,1
164,5,-0.603876,0.018553,0.305241,0.038495,1,1
224,6,-0.567392,-0.044190,-0.158006,-0.164745,1,1
215,6,-0.584746,-0.038238,0.141345,-0.041214,1,1
219,6,-0.605237,-0.017327,0.266830,-0.028734,1,1
228,6,-0.659856,-0.044635,-0.238939,-0.061419,1,1
210,6,-0.580238,-0.022080,0.118471,0.050292,1,1
238,6,-0.586024,-0.070264,-0.272685,-0.100140,1,1
225,6,-0.665838,-0.050387,-0.245790,-0.067447,1,1
200,6,-0.612684,0.036811,0.200710,0.067367,1,1
213,6,-0.544480,-0.044428,0.137486,0.006634,1,1
203,6,-0.632074,0.012279,0.229863,0.052602,1,1
209,6,-0.462502,0.045102,0.208369,-0.020083,1,0
211,6,-0.630216,-0.138889,0.154111,0.064527,1,1
221,6,-0.649442,-0.093102,-0.169438,-0.160320,1,1
212,6,-0.591964,-0.002258,0.209279,0.038403,1,1
234,6,-0.552782,-0.023666,-0.165330,-0.120415,1,1
222,6,-0.558430,-0.013961,-0.176161,-0.120347,1,1
227,6,-0.568453,-0.079231,-0.276406,-0.097803,1,1
226,6,-0.606226,0.030101,-0.125448,-0.104537,1,1
229,6,-0.564831,-0.090640,-0.240592,-0.101266,1,1
237,6,-0.608765,-0.054752,-0.213492,-0.147341,1,1
207,6,-0.670781,-0.014627,0.163157,-0.006201,1,1
233,6,-0.594322,-0.065608,-0.144262,-0.058096,1,1
230,6,-0.659271,-0.043041,-0.196766,-0.165101,1,1
239,6,-0.722325,-0.011146,-0.189042,0.001348,1,1
218,6,-0.563691,-0.043901,0.119835,-0.043762,1,1
205,6,-0.590644,-0.001935,0.172525,0.073190,1,1
217,6,-0.658990,-0.054307,0.145194,-0.019153,1,1
232,6,-0.622110,-0.172597,-0.213930,-0.080785,0,1
231,6,-0.562599,-0.003643,-0.260503,-0.113022,1,1
220,6,-0.648645,0.008825,-0.220513,-0.205186,1,1
216,6,-0.685947,0.017096,0.226946,-0.011502,1,1
201,6,-0.644425,0.055293,0.149498,-0.015861,1,1
208,6,-0.667024,0.045448,0.155185,0.102472,1,1
204,6,-0.574790,-0.042300,0.136819,-0.055492,1,1
223,6,-0.682311,-0.091546,-0.224371,-0.150484,1,1
236,6,-0.658545,-0.086104,-0.203944,-0.130989,1,1
214,6,-0.469587,-0.051015,0.217470,0.078741,1,1
202,6,-0.577461,-0.059404,0.260954,0.039324,1,1
235,6,-0.563900,-0.104062,-0.210401,-0.127288,1,1
206,6,-0.576169,0.023232,0.124033,0.091681,1,1
267,7,-0.636034,-0.096707,-0.194436,-0.190557,1,1
255,7,-0.582006,-0.091773,0.194679,0.041413,1,1
272,7,-0.574064,-0.084174,-0.258251,-0.126640,1,1
256,7,-0.557002,-0.052931,0.187704,0.033607,1,1
274,7,-0.639815,-0.034971,-0.185549,-0.084338,1,1
253,7,-0.645459,0.010723,0.207961,0.119486,1,1
275,7,-0.745216,-0.046481,-0.251056,-0.106641,1,1
273,7,-0.683127,-0.027239,-0.168583,-0.087501,1,1
257,7,-0.589415,-0.064437,0.154678,0.040269,1,1
245,7,-0.607484,-0.009301,0.239859,0.026906,1,1
261,7,-0.671460,0.044567,-0.153263,-0.053182,1,1
270,7,-0.609020,-0.062517,-0.212209,-0.109675,1,1
263,7,-0.588010,-0.152367,-0.251180,-0.085200,1,1
259,7,-0.567242,-0.038708,0.166860,0.048514,1,1
247,7,-0.685206,-0.000298,0.227678,0.036297,1,1
250,7,-0.665447,-0.136183,0.124382,0.001740,1,1
241,7,-0.644648,0.011359,0.218539,0.065829,1,1
271,7,-0.660057,-0.043484,-0.237478,-0.052742,1,1
266,7,-0.659143,-0.042950,-0.260251,0.015965,1,1
248,7,-0.592613,0.003018,0.114096,-0.028118,1,1
268,7,-0.594097,-0.034413,-0.096173,-0.163443,1,1
244,7,-0.594959,-0.020019,0.185795,0.068959,1,1
276,7,-0.627608,-0.117293,-0.250791,-0.169298,1,1
265,7,-0.675684,-0.096320,-0.166074,-0.147647,1,1
249,7,-0.551041,-0.007527,0.225961,-0.012360,1,1
269,7,-0.599284,-0.120574,-0.270521,-0.143653,1,1
254,7,-0.633120,-0.029800,0.083005,0.006191,1,1
242,7,-0.672754,0.009443,0.149512,0.073265,1,1
240,7,-0.647584,-0.055926,0.188832,0.026169,1,1
264,7,-0.622518,0.032544,-0.174164,-0.212000,1,1
251,7,-0.453952,0.101219,0.245799,0.074580,1,0
258,7,-0.650211,0.031689,0.212020,0.048840,1,1
246,7,-0.553836,0.015611,0.198638,0.098307,1,1
278,7,-0.579084,-0.012766,-0.210864,-0.128004,1,1
277,7,-0.586458,-0.024124,-0.159985,-0.180764,1,1
260,7,-0.654100,-0.034198,-0.156298,-0.198799,1,1
262,7,-0.462763,-0.102591,-0.297977,-0.206988,0,1
243,7,-0.631547,-0.140844,0.219175,0.105885,1,1
252,7,-0.618625,0.060155,0.142395,0.059943,1,1
279,7,-0.666145,-0.050881,-0.252660,-0.131466,1,1
302,8,-0.607791,-0.031818,-0.178175,-0.077111,1,1
289,8,-0.601756,-0.077089,0.115018,0.032816,1,1
311,8,-0.549226,-0.046019,-0.172723,-0.156580,1,1
300,8,-0.652797,-0.046663,-0.227393,-0.089674,1,1
305,8,-0.643376,-0.129140,-0.221592,-0.125787,1,1
314,8,-0.598713,-0.075478,-0.212033,-0.069457,1,1
303,8,-0.570329,-0.024182,-0.175875,-0.144086,1,1
298,8,-0.503436,-0.034749,0.183461,0.054090,1,1
295,8,-0.557644,0.008056,0.131329,0.027811,1,1
280,8,-0.684772,-0.025513,0.109862,0.040541,1,1
294,8,-0.686647,0.091974,0.169696,0.008700,1,0
315,8,-0.533314,-0.009273,-0.162958,-0.005645,1,1
285,8,-0.486185,-0.068012,0.221332,0.015891,1,1
287,8,-0.665292,-0.013389,0.244834,0.074018,1,1
281,8,-0.588614,-0.044961,0.076944,-0.098259,1,1
293,8,-0.675643,0.099331,0.219189,0.010677,1,0
317,8,-0.611511,-0.129502,-0.102437,-0.110504,1,1
310,8,-0.703961,-0.141768,-0.206118,-0.202070,0,1
284,8,-0.661512,0.010500,0.278544,0.054415,1,1
288,8,-0.672649,-0.029573,0.175208,-0.029848,1,1
297,8,-0.622783,-0.000091,0.161125,0.086258,1,1
307,8,-0.607172,-0.036344,-0.252410,-0.159902,1,1
313,8,-0.554792,-0.063441,-0.209244,-0.055271,1,1
309,8,-0.590157,-0.045415,-0.148610,-0.102016,1,1
299,8,-0.587646,-0.006412,0.204607,0.040642,1,1
286,8,-0.612551,-0.011188,0.207704,0.050500,1,1
290,8,-0.572546,-0.073621,0.159695,0.101686,1,1
282,8,-0.538161,0.000723,0.258418,0.095586,1,1
319,8,-0.534678,-0.026801,-0.218000,-0.110042,1,1
304,8,-0.697822,0.061406,-0.109783,-0.150576,1,1
318,8,-0.594296,-0.097745,-0.195996,-0.100193,1,1
308,8,-0.632684,-0.082026,-0.131128,-0.131168,1,1
296,8,-0.659539,-0.000907,0.146713,0.055854,1,1
316,8,-0.585917,-0.046750,-0.259634,-0.154013,1,1
292,8,-0.536975,-0.071913,0.080742,0.021408,1,1
312,8,-0.632014,-0.089531,-0.150393,-0.168766,1,1
301,8,-0.501194,-0.037410,-0.232534,-0.105554,1,1
306,8,-0.689294,-0.036151,-0.187627,-0.039938,1,1
283,8,-0.561388,-0.066603,0.161361,0.059238,1,1
291,8,-0.630222,0.102398,0.190664,0.000478,1,0
335,9,-0.659926,0.003163,0.071947,0.059457,1,1
334,9,-0.639247,0.036537,0.178682,0.043794,1,1
348,9,-0.504689,-0.106234,-0.164756,-0.199069,1,1
324,9,-0.633935,0.015973,0.209601,0.017135,1,1
339,9,-0.519279,0.051906,0.161209,-0.025914,1,1
327,9,-0.542931,0.007142,0.225187,-0.007532,1,1
321,9,-0.607050,0.003157,0.050873,0.051508,1,1
329,9,-0.588357,-0.090506,0.100771,0.026898,1,1
356,9,-0.525901,-0.024921,-0.218993,-0.133354,1,1
325,9,-0.570040,-0.046144,0.242240,0.091169,1,1
341,9,-0.566304,-0.090767,-0.238202,-0.118123,1,1
350,9,-0.576632,0.019929,-0.155853,-0.203809,1,1
333,9,-0.650836,-0.009164,0.161446,0.078097,1,1
347,9,-0.572193,-0.100368,-0.198688,-0.305023,1,1
359,9,-0.490388,-0.074579,-0.087719,-0.199495,1,1
342,9,-0.521507,-0.063560,-0.163524,-0.045583,1,1
344,9,-0.619355,-0.016153,-0.121229,-0.141218,1,1
358,9,-0.604949,-0.058864,-0.127002,-0.195002,1,1
345,9,-0.520527,-0.052780,-0.172147,-0.189792,1,1
343,9,-0.622999,-0.136249,-0.195984,-0.158526,1,1
331,9,-0.640322,-0.002772,0.192836,0.016748,1,1
353,9,-0.604979,-0.002073,-0.164087,-0.142123,1,1
323,9,-0.582067,-0.022825,0.121776,0.000301,1,1
357,9,-0.552080,-0.053311,-0.211955,-0.237692,1,1
340,9,-0.655564,-0.024678,-0.116866,-0.156675,1,1
337,9,-0.589449,0.017736,0.206320,0.020550,1,1
349,9,-0.616032,-0.003726,-0.137259,-0.208719,1,1
336,9,-0.625614,-0.055717,0.251862,0.032620,1,1
338,9,-0.563595,-0.009393,0.225111,0.017925,1,1
330,9,-0.572940,0.019490,0.186395,0.047079,1,1
328,9,-0.549117,0.017097,0.249000,0.003058,1,1
332,9,-0.596860,-0.041087,0.154441,0.085633,1,1
352,9,-0.590469,-0.057876,-0.208526,-0.141340,1,1
322,9,-0.508806,0.034551,0.119330,0.061525,1,1
351,9,-0.632800,-0.116900,-0.190421,-0.167700,1,1
354,9,-0.650652,0.021070,-0.197392,-0.216876,1,1
355,9,-0.515175,-0.098653,-0.160608,-0.158719,1,1
320,9,-0.628482,-0.057062,0.047421,-0.001848,1,1
326,9,-0.636959,-0.046464,0.055925,0.010720,1,1
346,9,-0.579207,-0.021358,-0.251394,-0.149023,1,1
374,10,-0.701239,-0.026352,0.200621,0.020156,1,1
376,10,-0.661308,-0.015438,0.146860,0.067411,1,1
360,10,-0.677157,0.075438,0.134709,0.055627,1,0
395,10,-0.591219,-0.043537,-0.170410,-0.104398,1,1
379,10,-0.633675,-0.002762,0.196952,0.106276,1,1
361,10,-0.533390,-0.011594,0.078065,-0.028365,1,1
381,10,-0.616164,-0.098167,-0.229330,-0.197757,1,1
391,10,-0.616622,-0.159641,-0.230199,-0.112019,1,1
396,10,-0.647324,-0.013553,-0.201790,-0.197456,1,1
388,10,-0.596475,-0.020959,-0.158152,-0.211942,1,1
362,10,-0.698263,-0.019350,0.227022,0.120614,1,1
398,10,-0.492802,0.022600,-0.160378,-0.150313,1,1
366,10,-0.569527,-0.042309,0.104476,0.003298,1,1
387,10,-0.529661,0.025684,-0.120317,-0.228299,1,1
399,10,-0.689994,-0.109544,-0.120502,-0.217939,1,1
382,10,-0.615216,-0.126208,-0.106844,-0.109216,1,1
373,10,-0.574630,0.014245,0.158470,0.040654,1,1
378,10,-0.592111,0.045745,0.102775,-0.012129,1,1
375,10,-0.587726,-0.079219,0.210164,0.051444,1,1
383,10,-0.594723,-0.038704,-0.110426,-0.126760,1,1
371,10,-0.591585,0.022857,0.105282,-0.009005,1,1
380,10,-0.577760,-0.031169,-0.165719,-0.059573,1,1
364,10,-0.645982,-0.040315,0.266440,0.039734,1,1
365,10,-0.571163,-0.000009,0.063700,0.054247,1,1
372,10,-0.626572,-0.004397,0.171913,0.008443,1,1
386,10,-0.580014,-0.020538,-0.129236,-0.166889,1,1
377,10,-0.609774,-0.089862,0.203833,0.041064,1,1
390,10,-0.574319,-0.071722,-0.196704,-0.196235,1,1
394,10,-0.636740,-0.036151,-0.105566,-0.223264,1,1
393,10,-0.658444,-0.116883,-0.212513,-0.189407,1,1
368,10,-0.660147,0.004955,0.195532,0.017131,1,1
367,10,-0.685384,0.063529,0.170834,0.012861,1,0
392,10,-0.590464,-0.003473,-0.086409,-0.209687,1,1
363,10,-0.694005,-0.020346,0.161585,0.023427,1,1
389,10,-0.597205,0.000666,-0.159748,-0.146281,1,1
369,10,-0.672000,-0.016222,0.234143,-0.008415,1,1
385,10,-0.616376,-0.128576,-0.146516,-0.127257,1,1
370,10,-0.607315,-0.002428,0.115509,0.058349,1,1
397,10,-0.588681,-0.024361,-0.238435,-0.085072,1,1
384,10,-0.657194,-0.071991,-0.271567,-0.155768,1,1
414,11,-0.694743,0.009463,0.158757,0.042775,1,1
424,11,-0.583773,0.004969,-0.217319,-0.242782,1,1
427,11,-0.631857,-0.110903,-0.182531,-0.234297,1,1
420,11,-0.575151,-0.051963,-0.148447,-0.226432,1,1
400,11,-0.568437,-0.126551,0.194195,0.063633,1,1
406,11,-0.665822,-0.095488,0.122792,-0.022315,1,1
437,11,-0.613242,-0.037386,-0.229084,-0.207561,1,1
436,11,-0.591194,-0.084540,-0.143164,-0.260531,1,1
426,11,-0.490098,-0.064598,-0.188509,-0.198750,1,1
425,11,-0.587044,-0.109232,-0.188749,-0.309832,1,1
403,11,-0.630607,0.023755,0.168747,0.007649,1,1
407,11,-0.519512,-0.003964,0.176929,-0.009978,1,1
439,11,-0.489255,-0.018763,-0.187601,-0.137584,1,1
438,11,-0.541366,-0.005162,-0.132523,-0.173698,1,1
410,11,-0.658665,-0.019789,0.199472,-0.032559,1,1
428,11,-0.591338,-0.091888,-0.217157,-0.251134,1,1
401,11,-0.610987,0.073389,0.188238,-0.010547,1,1
423,11,-0.658028,-0.098738,-0.147912,-0.187570,1,1
415,11,-0.653390,-0.058341,0.052928,0.001056,1,1
413,11,-0.678188,-0.050122,0.082285,-0.011099,1,1
402,11,-0.632390,0.036196,0.121939,-0.010581,1,1
418,11,-0.562070,0.021493,0.215540,0.006998,1,1
422,11,-0.689531,-0.074847,-0.257645,-0.079892,1,1
432,11,-0.677014,0.005551,-0.207235,-0.230091,1,1
416,11,-0.609436,0.013244,0.212220,0.002584,1,1
419,11,-0.544600,-0.081437,0.246413,-0.044195,1,1
431,11,-0.525222,0.058172,-0.130456,-0.146429,1,1
409,11,-0.615484,0.013752,0.150891,-0.016840,1,1
421,11,-0.709910,-0.057220,-0.168113,-0.178525,1,1
417,11,-0.579248,-0.001279,0.219305,0.061381,1,1
429,11,-0.545292,-0.004291,-0.205593,-0.212267,1,1
405,11,-0.546759,0.029696,0.193644,0.027579,1,1
412,11,-0.620441,0.011193,0.174559,-0.011603,1,1
408,11,-0.605926,-0.026077,0.152598,0.000755,1,1
404,11,-0.630070,0.003199,0.246852,0.047846,1,1
430,11,-0.623682,-0.065598,-0.215873,-0.224996,1,1
434,11,-0.626105,-0.025025,-0.172779,-0.188671,1,1
433,11,-0.644763,-0.080566,-0.161107,-0.172097,1,1
435,11,-0.595851,-0.045669,-0.098368,-0.223291,1,1
411,11,-0.651105,0.056128,0.123352,-0.004306,1,1
450,12,-0.561394,0.024161,0.115232,-0.074292,1,1
454,12,-0.615875,-0.113135,0.122563,0.070674,1,1
448,12,-0.526564,0.105866,0.147597,-0.018409,1,0
473,12,-0.665771,-0.149596,-0.177702,-0.178841,1,1
464,12,-0.627928,0.062443,-0.153378,-0.183800,1,1
455,12,-0.605986,-0.007671,0.135226,-0.077724,1,1
472,12,-0.594692,-0.126472,-0.128428,-0.216985,1,1
447,12,-0.611105,-0.041077,0.141468,-0.034375,1,1
453,12,-0.681801,-0.055041,0.238030,0.053689,1,1
451,12,-0.560200,-0.145381,0.200050,0.004894,1,1
476,12,-0.572141,0.010377,-0.151728,-0.192061,1,1
477,12,-0.592423,-0.008062,-0.171017,-0.148488,1,1
449,12,-0.598825,0.017606,0.167540,-0.023896,1,1
458,12,-0.706932,0.051494,0.209961,0.006604,1,0
463,12,-0.523505,-0.080136,-0.171606,-0.179493,1,1
461,12,-0.522031,-0.012929,-0.079359,-0.231004,1,1
456,12,-0.644980,-0.017824,0.115965,-0.014802,1,1
460,12,-0.645812,-0.154461,-0.183075,-0.121482,1,1
457,12,-0.658355,-0.057252,0.186776,0.071587,1,1
443,12,-0.580963,0.013822,0.241761,0.015629,1,1
474,12,-0.471039,-0.000833,-0.185270,-0.196340,1,1
444,12,-0.594902,0.002122,0.184785,0.085561,1,1
478,12,-0.630399,-0.084313,-0.211699,-0.218417,1,1
469,12,-0.585239,-0.140490,-0.160922,-0.185474,1,1
442,12,-0.599303,-0.044709,0.089222,-0.003039,1,1
440,12,-0.596463,-0.064739,0.190121,0.114823,1,1
446,12,-0.481189,0.010704,0.261386,0.098627,1,1
452,12,-0.559581,-0.095709,0.185670,0.049785,1,1
465,12,-0.519979,-0.070615,-0.195833,-0.162391,1,1
462,12,-0.587074,-0.048113,-0.212893,-0.269351,1,1
459,12,-0.595257,-0.029538,0.178174,-0.047347,1,1
475,12,-0.631457,-0.092806,-0.248769,-0.146487,1,1
471,12,-0.680520,-0.114396,-0.303584,-0.196024,1,1
445,12,-0.636948,-0.059678,0.188641,-0.004580,1,1
479,12,-0.605812,-0.096031,-0.234483,-0.092867,1,1
468,12,-0.610428,-0.033872,-0.092410,-0.254367,1,1
470,12,-0.529168,-0.071480,-0.187910,-0.199305,1,1
466,12,-0.612691,-0.007030,-0.162111,-0.101212,1,1
441,12,-0.616172,-0.022386,0.090336,0.055970,1,1
467,12,-0.570792,-0.087755,-0.261188,-0.150071,1,1
508,13,-0.615600,-0.049826,-0.075374,-0.116007,1,1
507,13,-0.632651,0.009302,-0.213377,-0.266749,1,1
514,13,-0.614971,-0.026957,-0.192812,-0.209579,1,1
484,13,-0.527014,-0.032174,0.169265,0.045808,1,1
498,13,-0.608183,0.045773,0.166026,0.035051,1,1
516,13,-0.589825,-0.153681,-0.142317,-0.178689,1,1
490,13,-0.628061,-0.077625,0.178733,0.006442,1,1
497,13,-0.612025,0.050518,0.177016,0.006842,1,1
491,13,-0.617151,0.054708,0.128922,0.060164,1,1
518,13,-0.530644,-0.061705,-0.243595,-0.284214,1,1
501,13,-0.565753,-0.048028,-0.186634,-0.141298,1,1
485,13,-0.494502,-0.018498,0.114605,-0.047334,1,1
511,13,-0.593536,-0.060071,-0.179262,-0.202018,1,1
493,13,-0.626122,0.031289,0.108312,0.082937,1,1
480,13,-0.711437,-0.038027,0.193477,0.037736,1,1
506,13,-0.543767,-0.017833,-0.090579,-0.175215,1,1
503,13,-0.492981,-0.080284,-0.135816,-0.234791,1,1
505,13,-0.608078,-0.080622,-0.224549,-0.240049,1,1
509,13,-0.665834,-0.067903,-0.173417,-0.198914,1,1
504,13,-0.562702,-0.002358,-0.204562,-0.195168,1,1
502,13,-0.608929,-0.045755,-0.201369,-0.194086,1,1
513,13,-0.514607,-0.046671,-0.036838,-0.182638,1,1
500,13,-0.534416,-0.100925,-0.116531,-0.210592,1,1
483,13,-0.632260,-0.043135,0.235396,0.029825,1,1
486,13,-0.554148,-0.033932,0.091379,0.105115,1,1
489,13,-0.615006,-0.047189,0.246902,-0.001495,1,1
494,13,-0.702295,0.012886,0.187414,0.118701,1,1
512,13,-0.578420,0.007469,-0.224748,-0.093134,1,1
495,13,-0.656307,0.017946,0.239529,0.029788,1,1
499,13,-0.629629,0.054422,0.134765,0.024703,1,1
510,13,-0.618061,-0.011616,-0.321381,-0.197464,1,1
515,13,-0.553211,-0.027210,-0.120006,-0.231412,1,1
487,13,-0.611142,-0.079971,0.180952,-0.014080,1,1
519,13,-0.663698,-0.024775,-0.251918,-0.140015,1,1
481,13,-0.661593,-0.089832,0.124943,0.023849,1,1
482,13,-0.649787,-0.042504,0.205593,0.062286,1,1
492,13,-0.592804,-0.152960,0.149590,0.007304,1,1
488,13,-0.592924,0.075787,0.186481,-0.009121,1,1
517,13,-0.613377,-0.100432,-0.186777,-0.193733,1,1
496,13,-0.569868,0.062301,0.125226,0.051128,1,1
533,14,-0.629463,-0.048969,0.207084,0.072889,1,1
523,14,-0.586867,0.005716,0.235404,-0.054405,1,1
542,14,-0.572450,-0.098999,-0.244295,-0.186291,1,1
529,14,-0.600034,-0.061266,0.147357,0.117790,1,1
536,14,-0.674939,0.073408,0.243419,0.007327,1,0
551,14,-0.570156,-0.015004,-0.137789,-0.294831,1,1
531,14,-0.627160,-0.018940,0.118120,0.054746,1,1
546,14,-0.658650,-0.097806,-0.130913,-0.202387,1,1
522,14,-0.710516,-0.082196,0.141914,-0.007789,1,1
558,14,-0.630555,-0.028951,-0.121399,-0.166352,1,1
549,14,-0.558925,-0.020738,-0.148779,-0.082625,1,1
521,14,-0.554913,0.036097,0.220916,0.042992,1,1
550,14,-0.562329,-0.084810,-0.141709,-0.208395,1,1
543,14,-0.655940,-0.095760,-0.144757,-0.175488,1,1
545,14,-0.583131,-0.017851,-0.111347,-0.202389,1,1
524,14,-0.533332,0.003746,0.185268,-0.054584,1,1
554,14,-0.543740,-0.085491,-0.075963,-0.078261,1,1
553,14,-0.658518,-0.044093,-0.138397,-0.204882,1,1
555,14,-0.567642,-0.068219,-0.219418,-0.156718,1,1
541,14,-0.625436,-0.051965,-0.214682,-0.188748,1,1
537,14,-0.634808,-0.046123,0.191762,-0.053652,1,1
552,14,-0.661122,-0.062819,-0.252407,-0.170726,1,1
532,14,-0.630496,-0.102427,0.129197,0.081492,1,1
557,14,-0.633230,-0.033619,-0.152490,-0.187302,1,1
527,14,-0.590590,0.023408,0.147234,0.042276,1,1
534,14,-0.625764,-0.036287,0.163980,0.042963,1,1
530,14,-0.627128,-0.023317,0.123818,0.028508,1,1
539,14,-0.587156,-0.026006,0.177412,0.110640,1,1
535,14,-0.622276,0.064888,0.144459,0.058589,1,1
526,14,-0.490470,0.010348,0.121119,0.069647,1,1
547,14,-0.631984,-0.134064,-0.226892,-0.122628,1,1
544,14,-0.581199,-0.082763,-0.229186,-0.176362,1,1
548,14,-0.634229,-0.052393,-0.179817,-0.239741,1,1
559,14,-0.663625,-0.064793,-0.111857,-0.239885,1,1
528,14,-0.666709,-0.093586,0.239473,0.066899,1,1
538,14,-0.660400,0.078783,0.188756,0.045119,1,0
556,14,-0.628158,-0.076063,-0.219870,-0.213358,1,1
540,14,-0.538921,-0.080426,-0.258251,-0.203334,1,1
525,14,-0.618583,-0.057681,0.191772,0.016911,1,1
520,14,-0.551702,-0.080182,0.088769,0.029969,1,1
575,15,-0.566778,-0.031648,0.198694,0.051403,1,1
571,15,-0.548733,-0.006629,0.118296,0.014558,1,1
596,15,-0.629906,-0.008542,-0.169828,-0.184806,1,1
580,15,-0.606497,-0.065468,-0.158327,-0.239372,1,1
573,15,-0.608455,-0.057217,0.160820,0.049295,1,1
577,15,-0.613039,0.018902,0.130952,0.121706,1,1
579,15,-0.627743,0.006129,0.170035,0.011920,1,1
572,15,-0.563430,0.056492,0.170507,0.094746,1,1
586,15,-0.561550,-0.006757,-0.145591,-0.165768,1,1
585,15,-0.596557,-0.037312,-0.118555,-0.169330,1,1
582,15,-0.582457,-0.025613,-0.163979,-0.164316,1,1
570,15,-0.552820,0.025553,0.145239,0.036648,1,1
578,15,-0.708930,-0.010220,0.145035,0.050148,1,1
588,15,-0.639391,-0.089741,-0.038122,-0.215042,1,1
561,15,-0.592677,-0.077309,0.167446,-0.050457,1,1
564,15,-0.693763,0.028156,0.140888,0.006771,1,1
587,15,-0.561887,-0.100323,-0.160634,-0.170845,1,1
566,15,-0.660910,-0.019018,0.199580,0.012020,1,1
581,15,-0.609178,-0.025463,-0.215548,-0.231124,1,1
583,15,-0.606878,-0.027147,-0.165619,-0.175956,1,1
568,15,-0.708753,-0.135669,0.245291,0.106246,1,1
594,15,-0.572587,-0.095165,-0.245394,-0.215274,1,1
574,15,-0.592094,-0.049259,0.138522,0.005237,1,1
563,15,-0.559873,-0.028175,0.153010,0.035409,1,1
562,15,-0.622806,-0.012680,0.161326,0.079160,1,1
599,15,-0.563085,-0.024086,-0.154835,-0.219237,1,1
560,15,-0.544761,-0.087224,0.208669,0.071428,1,1
569,15,-0.662064,0.022014,0.182846,0.031351,1,1
591,15,-0.533902,-0.059086,-0.180925,-0.130933,1,1
592,15,-0.616744,-0.104075,-0.094632,-0.257874,1,1
595,15,-0.615708,-0.014609,-0.140590,-0.132095,1,1
589,15,-0.679412,-0.074095,-0.154971,-0.175574,1,1
598,15,-0.515032,-0.157874,-0.023797,-0.102353,0,1
590,15,-0.547303,-0.098713,-0.171229,-0.152060,1,1
565,15,-0.680934,-0.081004,0.134240,0.080169,1,1
597,15,-0.630958,0.025811,-0.199415,-0.126410,1,1
567,15,-0.624964,-0.058936,0.170152,0.050986,1,1
576,15,-0.644710,0.146887,0.107153,0.085336,1,0
593,15,-0.581721,-0.074994,-0.161809,-0.209647,1,1
584,15,-0.645381,-0.024494,-0.189685,-0.110881,1,1
608,16,-0.628900,-0.037362,0.200632,0.003831,1,1
632,16,-0.570733,0.007784,-0.139056,-0.124697,1,1
612,16,-0.639767,-0.078065,0.186046,0.028418,1,1
636,16,-0.631648,-0.058783,-0.128051,-0.129009,1,1
605,16,-0.543964,-0.014049,0.187633,0.035933,1,1
634,16,-0.581372,0.041637,-0.110873,-0.122592,1,1
627,16,-0.604836,-0.094127,-0.074177,-0.014790,1,1
604,16,-0.608622,-0.033849,0.103004,-0.026210,1,1
602,16,-0.640212,0.012432,0.181830,-0.028181,1,1
633,16,-0.548755,-0.026808,-0.090012,-0.104235,1,1
628,16,-0.608094,-0.051910,-0.098912,-0.103696,1,1
638,16,-0.606894,0.001166,-0.055083,-0.077614,1,1
637,16,-0.522805,-0.046641,-0.168938,-0.201276,1,1
603,16,-0.583994,0.094517,0.246872,-0.045042,1,0
601,16,-0.533032,-0.055959,0.072959,0.043572,1,1
618,16,-0.553913,-0.070312,0.212240,0.023822,1,1
623,16,-0.524678,-0.002025,-0.176853,-0.081464,1,1
610,16,-0.602686,-0.019040,0.157601,0.099833,1,1
621,16,-0.538977,-0.102847,-0.083708,-0.091066,1,1
631,16,-0.588363,-0.028478,-0.132894,-0.099417,1,1
639,16,-0.476985,-0.081871,-0.145881,-0.106655,1,1
625,16,-0.594343,-0.052525,-0.116963,-0.139640,1,1
629,16,-0.619835,-0.073633,-0.144081,-0.126027,1,1
606,16,-0.652486,-0.000355,0.203527,0.115853,1,1
616,16,-0.590528,-0.007438,0.201797,0.043946,1,1
609,16,-0.702875,-0.027109,0.191852,0.027862,1,1
630,16,-0.663539,-0.011354,-0.089922,-0.073270,1,1
607,16,-0.568544,-0.042758,0.154483,0.067400,1,1
613,16,-0.560792,-0.038146,0.232839,0.097563,1,1
617,16,-0.602308,-0.013989,0.133367,0.085488,1,1
619,16,-0.599334,-0.070196,0.194635,-0.014429,1,1
611,16,-0.561911,-0.062626,0.174186,0.065386,1,1
622,16,-0.568692,-0.039896,-0.177875,-0.107627,1,1
614,16,-0.595669,-0.078652,0.162854,0.023038,1,1
615,16,-0.609184,-0.012579,0.131936,0.067252,1,1
600,16,-0.595482,-0.004874,0.118655,0.113528,1,1
635,16,-0.645655,-0.076730,-0.193259,-0.026321,1,1
620,16,-0.707196,-0.142862,-0.111860,-0.058128,0,1
626,16,-0.603271,0.025133,-0.107105,-0.134270,1,1
624,16,-0.529349,-0.060048,-0.230309,-0.104882,1,1
653,17,-0.658120,-0.106141,0.207542,0.044769,1,1
670,17,-0.580936,-0.081752,-0.151940,-0.191175,1,1
678,17,-0.563966,-0.116850,-0.214343,-0.033960,1,1
677,17,-0.597009,0.030631,-0.131724,-0.095235,1,1
640,17,-0.544799,0.002046,0.179541,0.077826,1,1
641,17,-0.544617,-0.157985,0.117292,0.011120,1,1
658,17,-0.653913,-0.087096,0.196085,-0.061639,1,1
659,17,-0.649105,-0.055827,0.154047,-0.009748,1,1
668,17,-0.578533,-0.081494,-0.165945,-0.028347,1,1
654,17,-0.559535,-0.017276,0.194490,0.053239,1,1
674,17,-0.560402,0.034462,-0.126806,-0.124342,1,1
642,17,-0.500151,-0.023650,0.132650,0.045726,1,1
655,17,-0.522467,0.050372,0.118080,0.159659,1,1
648,17,-0.544983,-0.026832,0.135222,-0.048313,1,1
669,17,-0.591951,-0.053474,-0.073784,-0.062398,1,1
661,17,-0.560617,-0.072346,-0.171194,-0.087182,1,1
676,17,-0.609163,0.004072,-0.161092,-0.075669,1,1
652,17,-0.585133,-0.092394,0.071010,0.010308,1,1
645,17,-0.661958,-0.087530,0.085287,0.111922,1,1
672,17,-0.613826,0.005586,-0.093776,-0.088908,1,1
679,17,-0.588648,-0.068887,-0.082298,-0.161657,1,1
664,17,-0.555959,-0.021080,-0.091317,-0.124812,1,1
650,17,-0.578875,-0.006134,0.110258,0.075157,1,1
643,17,-0.584025,-0.059429,0.161715,0.000948,1,1
657,17,-0.702542,0.035731,0.191298,0.021682,1,1
651,17,-0.719530,0.025819,0.157559,-0.025034,1,0
647,17,-0.637511,-0.030208,0.164240,0.118166,1,1
646,17,-0.570195,0.029087,0.010875,0.080051,1,1
673,17,-0.595520,-0.100878,-0.150600,-0.121234,1,1
660,17,-0.619504,-0.019489,-0.037802,-0.098891,1,1
662,17,-0.683086,-0.084750,-0.164579,-0.013437,1,1
644,17,-0.685500,-0.058356,0.086913,0.007744,1,1
665,17,-0.523782,-0.065551,-0.066414,-0.110556,1,1
671,17,-0.631700,-0.073003,-0.087688,-0.132168,1,1
656,17,-0.566295,-0.064214,0.170293,0.046758,1,1
649,17,-0.550875,-0.022998,0.130322,0.146825,1,1
675,17,-0.586859,-0.043481,-0.097828,-0.103576,1,1
667,17,-0.605759,-0.026710,-0.194221,-0.054033,1,1
666,17,-0.576351,-0.086091,-0.065700,-0.089475,1,1
663,17,-0.647493,-0.074673,-0.177623,-0.138989,1,1
683,18,-0.513405,-0.029785,0.112742,0.071796,1,1
708,18,-0.695287,-0.026577,-0.184540,-0.100228,1,1
690,18,-0.533145,0.011469,0.151730,0.006680,1,1
689,18,-0.531129,-0.050627,0.200444,-0.032785,1,1
710,18,-0.690035,-0.117589,-0.096665,-0.138851,1,1
713,18,-0.621529,-0.066677,-0.069760,-0.120534,1,1
691,18,-0.595677,0.050529,0.179530,0.076226,1,1
684,18,-0.608820,-0.005016,0.159868,0.051197,1,1
715,18,-0.608542,-0.062015,-0.120062,-0.077895,1,1
704,18,-0.503951,-0.047445,-0.073538,-0.021159,1,1
680,18,-0.579631,-0.066082,0.196369,-0.003559,1,1
709,18,-0.520819,-0.007057,-0.235965,-0.069852,1,1
693,18,-0.623062,-0.039980,0.278255,0.106244,1,1
694,18,-0.667182,-0.014653,0.165258,0.023840,1,1
700,18,-0.532477,-0.071976,-0.126348,-0.123172,1,1
707,18,-0.665870,-0.108794,-0.168819,-0.183457,1,1
681,18,-0.634170,-0.042219,0.127698,-0.032224,1,1
688,18,-0.636064,0.064153,0.152695,0.082633,1,1
696,18,-0.611058,0.026117,0.219278,0.009277,1,1
682,18,-0.644499,-0.010307,0.065441,-0.011303,1,1
702,18,-0.697258,-0.026759,-0.064814,-0.159722,1,1
701,18,-0.564545,-0.083231,-0.052484,-0.089416,1,1
686,18,-0.644742,-0.046675,0.182540,0.066558,1,1
695,18,-0.515321,0.020869,0.135362,0.100791,1,1
716,18,-0.562010,-0.041412,-0.116546,-0.027136,1,1
697,18,-0.661135,-0.025593,0.172191,0.038319,1,1
714,18,-0.602657,-0.118404,-0.064177,-0.119582,1,1
699,18,-0.579558,-0.023557,0.115753,-0.024601,1,1
692,18,-0.589854,0.032157,0.109356,0.022282,1,1
711,18,-0.540758,-0.071580,-0.077604,-0.111083,1,1
719,18,-0.553360,-0.087969,-0.125095,-0.140759,1,1
698,18,-0.621182,0.001024,0.283445,0.032201,1,1
687,18,-0.510345,0.002961,0.177084,0.020711,1,1
717,18,-0.597659,-0.112286,-0.099757,-0.098538,1,1
703,18,-0.625496,-0.110510,-0.120389,-0.075348,1,1
712,18,-0.597037,-0.069893,-0.142472,-0.207457,1,1
706,18,-0.582212,-0.069442,-0.158729,-0.072384,1,1
685,18,-0.635130,-0.042102,0.205244,0.030840,1,1
705,18,-0.595761,-0.022609,-0.053716,-0.091833,1,1
718,18,-0.671900,-0.074041,-0.111383,-0.048906,1,1
743,19,-0.518782,-0.025957,-0.139239,-0.088123,1,1
750,19,-0.605247,-0.117978,-0.099600,-0.113009,1,1
744,19,-0.534495,-0.089983,0.003519,-0.179175,1,1
727,19,-0.639635,-0.054894,0.166113,0.000333,1,1
751,19,-0.626341,-0.131347,-0.081412,-0.150696,1,1
739,19,-0.607598,-0.126366,0.154916,-0.118703,1,1
732,19,-0.604932,-0.036594,0.190365,0.082303,1,1
746,19,-0.568210,-0.046816,-0.145482,-0.188649,1,1
736,19,-0.617758,0.032693,0.197911,0.122603,1,1
735,19,-0.571631,0.045250,0.188933,-0.010279,1,1
754,19,-0.649656,-0.089556,-0.143679,-0.113790,1,1
752,19,-0.557643,-0.004231,-0.097086,-0.160858,1,1
741,19,-0.684541,-0.073791,-0.066676,-0.097319,1,1
721,19,-0.614534,0.039495,0.124817,-0.023452,1,1
748,19,-0.681330,-0.145397,-0.136400,-0.045935,0,1
723,19,-0.589688,0.001312,0.107405,0.048441,1,1
725,19,-0.525674,0.094415,0.118289,0.042241,1,0
758,19,-0.627333,-0.056317,-0.122063,-0.057753,1,1
734,19,-0.583294,0.008908,0.214057,-0.002708,1,1
749,19,-0.525315,-0.032511,-0.174010,-0.089150,1,1
742,19,-0.564270,-0.107743,-0.142244,-0.083588,1,1
757,19,-0.559948,-0.053389,-0.123056,-0.087732,1,1
738,19,-0.645916,-0.013925,0.182069,0.018759,1,1
740,19,-0.616530,-0.136609,-0.042078,-0.139703,1,1
745,19,-0.536136,0.006173,-0.142797,-0.064379,1,1
730,19,-0.556077,-0.015519,0.178266,0.111995,1,1
722,19,-0.572780,-0.107845,0.188914,0.060040,1,1
726,19,-0.573543,-0.120799,0.235786,0.121800,1,1
755,19,-0.657480,-0.199477,-0.172216,-0.082440,0,1
724,19,-0.576586,-0.033030,0.159900,-0.022358,1,1
729,19,-0.663344,0.023642,0.036259,0.065364,1,1
731,19,-0.606112,0.051653,0.168600,0.061633,1,1
720,19,-0.640305,-0.057021,0.264782,-0.059520,1,1
728,19,-0.565313,-0.018552,0.137606,-0.009674,1,1
756,19,-0.574366,-0.026962,-0.088991,-0.054409,1,1
753,19,-0.637990,-0.024523,-0.105094,0.012424,1,1
733,19,-0.522911,0.048999,0.136769,0.056048,1,1
747,19,-0.532375,-0.016103,-0.178686,-0.101895,1,1
737,19,-0.584582,-0.031775,0.210063,0.038925,1,1
759,19,-0.655573,-0.019731,-0.097246,-0.097310,1,1
788,20,-0.579568,-0.021594,-0.107493,-0.099994,1,1
770,20,-0.663299,-0.042854,0.136538,0.023849,1,1
791,20,-0.667400,-0.124075,-0.109479,0.039142,1,1
786,20,-0.507717,-0.067852,-0.137563,-0.090442,1,1
773,20,-0.714986,0.036236,0.130403,0.023386,1,0
792,20,-0.530763,-0.140934,-0.122492,-0.077464,1,1
799,20,-0.608598,-0.017485,-0.053386,-0.133256,1,1
778,20,-0.619923,-0.028992,0.219881,0.028316,1,1
787,20,-0.715079,-0.015824,-0.172160,-0.111758,1,1
789,20,-0.563854,-0.102803,-0.119635,-0.030927,1,1
780,20,-0.638017,-0.106463,-0.058632,-0.189761,1,1
795,20,-0.600752,0.056675,-0.115700,-0.085374,1,1
781,20,-0.597493,-0.088462,-0.161549,-0.159674,1,1
760,20,-0.652505,0.026943,0.187155,-0.052829,1,1
793,20,-0.613976,-0.119822,-0.084829,-0.114578,1,1
776,20,-0.522214,-0.072287,0.119132,-0.030054,1,1
782,20,-0.593805,-0.031499,-0.141268,-0.168548,1,1
766,20,-0.590180,-0.015208,0.183008,0.022673,1,1
797,20,-0.617959,-0.054002,-0.128732,-0.097845,1,1
769,20,-0.559400,-0.033213,0.220731,0.106422,1,1
765,20,-0.634213,-0.080193,0.209468,0.093247,1,1
761,20,-0.586641,0.018820,0.210143,0.115260,1,1
775,20,-0.598242,0.004288,0.153756,0.016425,1,1
772,20,-0.542918,0.004077,0.177319,-0.027175,1,1
777,20,-0.606702,-0.021912,0.154679,-0.026711,1,1
763,20,-0.628257,-0.022139,0.271205,0.037799,1,1
768,20,-0.558047,-0.030385,0.209488,-0.006111,1,1
798,20,-0.606207,-0.086405,-0.132991,-0.101898,1,1
767,20,-0.613961,-0.140052,0.129036,-0.010157,1,1
784,20,-0.645046,-0.104171,-0.101737,-0.102604,1,1
771,20,-0.573744,0.099250,0.077768,0.004572,1,0
796,20,-0.565586,-0.004949,-0.096975,-0.142302,1,1
790,20,-0.616264,-0.079338,-0.147522,-0.065116,1,1
779,20,-0.502047,0.058315,0.090795,0.049480,1,1
785,20,-0.534309,-0.068591,-0.144423,-0.058084,1,1
783,20,-0.567957,0.000291,-0.042595,0.022454,1,1
794,20,-0.565286,-0.099729,-0.081678,0.004036,1,1
762,20,-0.682367,0.010239,0.113441,0.027570,1,1
764,20,-0.663935,0.019333,0.161420,0.099878,1,1
774,20,-0.613891,-0.032422,0.136314,-0.032845,1,1
819,21,-0.660304,0.031792,0.133463,0.048746,1,1
802,21,-0.658314,-0.005615,0.175732,0.003270,1,1
820,21,-0.520499,0.054962,-0.295260,-0.102807,1,1
801,21,-0.551220,0.033955,0.153683,0.043235,1,1
836,21,-0.573648,-0.054935,-0.058444,-0.142530,1,1
810,21,-0.674620,-0.013265,0.206315,0.069670,1,1
833,21,-0.612362,-0.132670,-0.146314,-0.165143,1,1
831,21,-0.648864,-0.102491,-0.189213,-0.052154,1,1
832,21,-0.591929,-0.101127,-0.074130,-0.062990,1,1
834,21,-0.618273,-0.064905,-0.125316,-0.121192,1,1
811,21,-0.593690,-0.083613,0.110424,0.076918,1,1
827,21,-0.565926,-0.045807,-0.169887,-0.001856,1,1
807,21,-0.534010,0.072082,0.243524,0.074798,1,1
822,21,-0.573821,-0.013716,-0.013805,-0.085399,1,1
804,21,-0.596106,-0.002620,0.179758,0.017509,1,1
803,21,-0.601398,0.038234,0.198684,0.038714,1,1
839,21,-0.542174,-0.100962,-0.157993,-0.235442,1,1
809,21,-0.589219,0.040147,0.147883,-0.001292,1,1
816,21,-0.660012,-0.008175,0.195194,-0.013194,1,1
806,21,-0.548279,-0.052660,0.194725,0.018396,1,1
825,21,-0.667220,-0.037103,-0.168262,-0.090665,1,1
830,21,-0.628870,-0.001350,-0.049379,-0.131160,1,1
812,21,-0.661568,0.044362,0.122985,0.050886,1,1
826,21,-0.624008,-0.002901,-0.092202,-0.194757,1,1
817,21,-0.590981,0.019926,0.169435,0.000175,1,1
805,21,-0.546107,0.002533,0.239392,0.000891,1,1
815,21,-0.554253,-0.008485,0.217471,-0.028468,1,1
837,21,-0.523807,-0.054967,-0.118907,-0.066490,1,1
824,21,-0.569852,-0.060908,-0.043246,-0.099715,1,1
829,21,-0.623946,0.028595,-0.186764,-0.070954,1,1
800,21,-0.577742,0.004110,0.201805,0.060876,1,1
814,21,-0.574970,-0.008009,0.111778,-0.048869,1,1
808,21,-0.552090,0.005075,0.156007,0.077270,1,1
838,21,-0.558592,-0.010341,-0.087425,-0.156907,1,1
835,21,-0.570501,-0.076743,-0.117189,-0.178088,1,1
823,21,-0.640033,-0.102590,-0.173367,-0.133580,1,1
828,21,-0.549330,-0.002219,-0.146084,-0.188537,1,1
821,21,-0.579813,-0.057248,-0.182236,-0.218270,1,1
818,21,-0.666190,0.056833,0.185920,-0.000479,1,1
813,21,-0.606042,-0.022797,0.169409,0.090013,1,1
840,22,-0.620078,0.041004,0.171031,-0.030569,1,1
864,22,-0.487316,-0.006550,-0.151436,-0.105002,1,1
870,22,-0.631587,-0.034104,-0.197511,-0.196723,1,1
862,22,-0.582758,-0.029659,-0.145966,-0.061755,1,1
851,22,-0.548369,0.086592,0.059114,0.010166,1,1
877,22,-0.534949,-0.046567,-0.212485,-0.065196,1,1
866,22,-0.568205,-0.064477,0.009190,-0.170761,1,1
871,22,-0.527195,-0.109502,-0.165957,-0.163045,1,1
869,22,-0.553934,-0.041238,-0.074990,-0.091735,1,1
858,22,-0.611623,0.046838,0.209369,0.066824,1,1
855,22,-0.593706,-0.078126,0.204886,0.065557,1,1
842,22,-0.548407,-0.100477,0.250119,0.057066,1,1
844,22,-0.564531,-0.072371,0.180366,0.132941,1,1
868,22,-0.613491,-0.167410,-0.191786,-0.116213,0,1
846,22,-0.579736,-0.067434,0.218031,0.016418,1,1
860,22,-0.586486,-0.098128,-0.137396,-0.103515,1,1
872,22,-0.615486,0.005009,-0.173095,-0.173589,1,1
876,22,-0.650755,-0.163457,-0.138898,-0.167487,0,1
873,22,-0.548069,0.020769,-0.103767,-0.132763,1,1
878,22,-0.510334,-0.017641,-0.145039,-0.121395,1,1
853,22,-0.594550,-0.091086,0.191992,0.080497,1,1
848,22,-0.572087,0.014403,0.172492,0.080571,1,1
847,22,-0.570302,0.024692,0.114141,0.015168,1,1
856,22,-0.607620,-0.068048,0.163000,0.001472,1,1
852,22,-0.594912,-0.078661,0.195554,0.039826,1,1
865,22,-0.602701,-0.144258,-0.064977,-0.124063,1,1
867,22,-0.611659,-0.017627,-0.131388,-0.113655,1,1
850,22,-0.666464,-0.003850,0.183536,-0.001075,1,1
857,22,-0.624058,0.055694,0.158824,0.072866,1,1
861,22,-0.513867,0.003248,-0.102973,-0.158738,1,1
863,22,-0.630852,0.014407,-0.124925,-0.068800,1,1
849,22,-0.592573,-0.094954,0.207043,0.046832,1,1
874,22,-0.555651,-0.061182,-0.157456,-0.107720,1,1
845,22,-0.671754,-0.064390,0.167958,0.128355,1,1
843,22,-0.582918,-0.093878,0.230302,-0.031618,1,1
854,22,-0.518372,-0.061895,0.127521,0.067701,1,1
859,22,-0.573900,-0.015895,0.175582,-0.046470,1,1
879,22,-0.666459,-0.026204,-0.124795,-0.113441,1,1
841,22,-0.537667,-0.109565,0.160602,-0.041403,1,1
875,22,-0.626720,-0.055133,-0.194813,-0.078921,1,1
881,23,-0.692974,0.015547,0.226971,0.031779,1,1
915,23,-0.571784,-0.056661,-0.176048,-0.062548,1,1
912,23,-0.646893,0.051874,0.011507,-0.120301,1,1
889,23,-0.582682,-0.016289,0.253683,0.037524,1,1
901,23,-0.647057,-0.121323,-0.122801,-0.159990,1,1
906,23,-0.624119,-0.028926,-0.124426,-0.126714,1,1
880,23,-0.627834,-0.020018,0.180579,0.073357,1,1
900,23,-0.586232,-0.060467,-0.094344,-0.052142,1,1
917,23,-0.633054,-0.014715,-0.078384,-0.119411,1,1
911,23,-0.597630,-0.080272,-0.155017,-0.047157,1,1
899,23,-0.575311,0.021678,0.170018,0.072978,1,1
884,23,-0.634097,-0.014199,0.206773,0.053244,1,1
904,23,-0.667658,-0.083981,-0.044218,-0.011396,1,1
894,23,-0.690217,0.016121,0.196590,0.072093,1,1
905,23,-0.653664,-0.065735,-0.064061,-0.209933,1,1
895,23,-0.660754,-0.057430,0.224762,-0.008169,1,1
883,23,-0.600242,0.017625,0.107726,-0.062112,1,1
898,23,-0.663452,0.044654,0.182888,0.051573,1,1
902,23,-0.535045,-0.118133,-0.052915,-0.158966,1,1
909,23,-0.632735,-0.092225,-0.137268,-0.131142,1,1
896,23,-0.619759,0.009830,0.210010,0.035393,1,1
890,23,-0.627101,-0.105954,0.213961,0.074917,1,1
919,23,-0.526919,-0.031078,-0.168751,-0.074588,1,1
916,23,-0.611235,-0.041827,-0.193461,-0.090239,1,1
897,23,-0.606535,-0.046899,0.160541,0.033170,1,1
908,23,-0.561573,-0.149389,-0.225426,-0.021187,1,1
893,23,-0.576599,-0.020375,0.172269,0.034138,1,1
882,23,-0.635946,-0.053926,0.233800,0.066211,1,1
888,23,-0.630967,-0.055807,0.135400,0.024133,1,1
886,23,-0.608803,-0.028768,0.151151,-0.039524,1,1
891,23,-0.584927,-0.069381,0.168369,-0.004746,1,1
885,23,-0.633777,-0.016254,0.222807,0.010251,1,1
918,23,-0.534177,-0.011271,-0.202417,-0.060471,1,1
914,23,-0.468654,-0.016622,-0.157150,-0.143956,1,1
913,23,-0.504296,-0.057286,-0.130274,-0.109684,1,1
887,23,-0.599980,0.045448,0.173051,-0.057490,1,1
907,23,-0.550657,-0.104432,-0.099483,-0.129632,1,1
892,23,-0.544543,-0.034067,0.065173,-0.020484,1,1
910,23,-0.657108,-0.126552,-0.205461,-0.135340,1,1
903,23,-0.538659,-0.073902,-0.126217,-0.068075,1,1
924,24,-0.513933,-0.049017,0.190415,0.018863,1,1
928,24,-0.587858,0.008946,0.235620,0.072415,1,1
941,24,-0.638866,-0.076597,-0.153323,-0.074931,1,1
957,24,-0.620482,-0.075443,-0.149781,-0.096984,1,1
948,24,-0.606523,-0.028834,-0.121369,-0.036791,1,1
934,24,-0.632420,-0.052267,0.137693,-0.008570,1,1
929,24,-0.544173,0.017543,0.117364,0.108780,1,1
923,24,-0.624369,0.043700,0.151122,0.016926,1,1
950,24,-0.554024,-0.004856,-0.152428,-0.042962,1,1
931,24,-0.529030,-0.016859,0.132546,-0.100145,1,1
938,24,-0.590961,0.016792,0.057952,0.128807,1,1
930,24,-0.682746,-0.071447,0.161291,-0.012602,1,1
953,24,-0.640581,-0.082483,-0.118153,-0.117767,1,1
951,24,-0.579042,-0.092266,-0.029712,-0.131144,1,1
949,24,-0.585862,-0.040456,-0.114577,-0.185890,1,1
955,24,-0.671480,-0.020473,-0.083112,-0.059199,1,1
936,24,-0.585012,0.024726,0.152486,0.023370,1,1
920,24,-0.651457,-0.016328,0.118190,0.032379,1,1
943,24,-0.606546,-0.033315,-0.161799,-0.093059,1,1
945,24,-0.616344,-0.108520,-0.085186,-0.160146,1,1
937,24,-0.561744,-0.033498,0.148265,0.047526,1,1
940,24,-0.590275,-0.087142,-0.175344,-0.135700,1,1
942,24,-0.582991,-0.018144,-0.160036,-0.101858,1,1
944,24,-0.560994,0.004260,-0.091272,-0.126457,1,1
927,24,-0.626473,-0.018145,0.153204,0.009406,1,1
946,24,-0.707633,-0.121240,-0.103994,-0.070123,0,1
922,24,-0.624269,0.020972,0.238730,0.047214,1,1
933,24,-0.632571,-0.049124,0.212395,0.134828,1,1
954,24,-0.451331,-0.024276,-0.101545,-0.139948,0,1
921,24,-0.599166,-0.019306,0.212437,-0.064121,1,1
959,24,-0.583194,0.026143,-0.155494,-0.085755,1,1
956,24,-0.615212,-0.152150,-0.125719,-0.069914,1,1
925,24,-0.597029,-0.004898,0.194826,-0.005852,1,1
958,24,-0.579685,-0.108700,-0.090014,-0.069378,1,1
932,24,-0.649688,-0.004718,0.218791,0.020759,1,1
939,24,-0.590199,-0.065121,0.159053,0.088298,1,1
935,24,-0.597519,-0.040960,0.198204,-0.043616,1,1
926,24,-0.597209,-0.045125,0.097803,0.023557,1,1
952,24,-0.667812,-0.118843,-0.163251,-0.135938,1,1
947,24,-0.579852,-0.023066,-0.141201,-0.101357,1,1
983,25,-0.738161,-0.036147,-0.138214,-0.179108,1,1
965,25,-0.578766,0.016876,0.175768,0.093978,1,1
991,25,-0.561825,-0.071083,-0.155003,-0.088818,1,1
966,25,-0.583880,-0.022073,0.169262,0.116973,1,1
994,25,-0.673054,-0.071000,-0.145467,-0.050542,1,1
988,25,-0.580985,-0.079918,-0.100515,-0.111238,1,1
969,25,-0.570776,0.031045,0.206552,0.111949,1,1
992,25,-0.638181,-0.075809,-0.088653,-0.043038,1,1
999,25,-0.479449,-0.050891,-0.121191,-0.063151,1,1
997,25,-0.484780,-0.059062,-0.092209,-0.104409,1,1
964,25,-0.579389,0.002067,0.141173,0.124299,1,1
960,25,-0.612064,-0.073019,0.192136,0.052695,1,1
962,25,-0.545733,0.022326,0.151935,0.022063,1,1
993,25,-0.510164,-0.035731,-0.086196,-0.197138,1,1
990,25,-0.572658,-0.067735,-0.145496,-0.085378,1,1
967,25,-0.616156,0.070306,0.242002,-0.001246,1,1
979,25,-0.608301,-0.081551,0.093332,0.000164,1,1
986,25,-0.596539,-0.015706,-0.072173,-0.016121,1,1
968,25,-0.635236,-0.042242,0.148560,0.032730,1,1
982,25,-0.575208,-0.055306,-0.001520,-0.033015,1,1
975,25,-0.723636,0.032046,0.172136,0.045474,1,0
978,25,-0.642149,0.049366,0.203386,0.006639,1,1
970,25,-0.538189,-0.033961,0.174626,-0.017054,1,1
989,25,-0.483595,-0.094276,-0.170499,-0.130738,1,1
963,25,-0.598506,-0.053295,0.150089,-0.004920,1,1
977,25,-0.667738,0.049655,0.195148,0.085702,1,1
961,25,-0.650711,-0.087924,0.162878,0.010859,1,1
995,25,-0.590490,-0.046233,-0.115832,-0.162076,1,1
972,25,-0.675297,-0.027430,0.269600,0.070513,1,1
984,25,-0.526042,-0.076193,-0.121139,-0.123708,1,1
987,25,-0.527749,-0.037612,-0.114661,-0.161448,1,1
974,25,-0.572658,0.018671,0.186167,-0.022404,1,1
973,25,-0.620030,-0.064590,0.150179,-0.089321,1,1
981,25,-0.629489,-0.025842,-0.168359,-0.107586,1,1
980,25,-0.563107,-0.167043,-0.045886,-0.120483,0,1
985,25,-0.579997,-0.032990,-0.107564,-0.097831,1,1
996,25,-0.575501,-0.107631,-0.135672,-0.097502,1,1
976,25,-0.485874,0.076564,0.244304,0.000408,1,0
998,25,-0.571334,-0.066794,-0.116191,-0.097202,1,1
971,25,-0.644031,0.028181,0.254408,0.043123,1,1
1021,26,-0.622072,-0.043593,-0.143340,-0.206779,1,1
1007,26,-0.665817,-0.088376,0.159724,0.057932,1,1
1004,26,-0.672138,-0.023587,0.137349,-0.071623,1,1
1013,26,-0.683331,-0.007422,0.135502,0.072201,1,1
1018,26,-0.615199,0.052458,0.210831,0.028613,1,1
1036,26,-0.610023,-0.010686,-0.127181,-0.060685,1,1
1015,26,-0.571311,0.085666,0.082522,0.080102,1,1
1034,26,-0.563807,-0.118416,-0.185211,-0.010428,1,1
1022,26,-0.506194,0.032121,-0.147411,-0.148163,1,1
1011,26,-0.587170,-0.010334,0.206574,0.087970,1,1
1008,26,-0.572325,-0.000517,0.177923,0.104726,1,1
1029,26,-0.579762,-0.016305,-0.176431,-0.066958,1,1
1033,26,-0.594949,-0.121268,-0.096435,-0.132473,1,1
1035,26,-0.572208,-0.062252,-0.121033,-0.068312,1,1
1017,26,-0.550700,-0.036817,0.177242,0.036080,1,1
1016,26,-0.665634,-0.045613,0.179599,0.073500,1,1
1026,26,-0.647507,-0.024824,-0.079003,-0.016131,1,1
1014,26,-0.639519,0.024453,0.151755,0.092092,1,1
1025,26,-0.650172,0.032258,-0.123268,-0.193553,1,1
1003,26,-0.549568,-0.036427,0.176652,0.051918,1,1
1039,26,-0.605198,-0.061125,-0.112218,-0.111486,1,1
1019,26,-0.685574,-0.001659,0.218862,0.209576,1,1
1023,26,-0.646663,-0.084145,-0.209974,-0.105972,1,1
1009,26,-0.657020,0.008082,0.179322,0.038849,1,1
1001,26,-0.677539,-0.036497,0.104670,-0.032105,1,1
1005,26,-0.569813,0.003227,0.199081,-0.084551,1,1
1002,26,-0.600918,0.048016,0.113579,0.131938,1,1
1000,26,-0.651071,-0.035097,0.193921,0.031895,1,1
1024,26,-0.497639,-0.011627,-0.070661,-0.095812,1,1
1037,26,-0.644923,-0.025296,-0.201637,-0.063999,1,1
1031,26,-0.595860,-0.078453,-0.029568,-0.153535,1,1
1030,26,-0.549991,-0.070301,-0.133334,-0.153446,1,1
1032,26,-0.589298,0.001787,-0.129346,-0.038874,1,1
1028,26,-0.597061,-0.116394,-0.084748,-0.091738,1,1
1027,26,-0.549943,-0.119205,-0.076962,-0.141397,1,1
1012,26,-0.583130,-0.037350,0.129091,0.055683,1,1
1020,26,-0.587808,-0.039591,-0.146160,-0.147774,1,1
1038,26,-0.611533,-0.047759,-0.076090,-0.131380,1,1
1010,26,-0.559000,-0.030700,0.187863,0.001907,1,1
1006,26,-0.620764,0.067480,0.096916,0.091978,1,1
1042,27,-0.597364,-0.013083,0.141833,0.072551,1,1
1043,27,-0.573374,0.007483,0.164731,0.007876,1,1
1071,27,-0.538493,-0.035711,-0.207219,-0.169036,1,1
1040,27,-0.631609,-0.065584,0.165633,0.069236,1,1
1073,27,-0.470713,-0.040732,-0.136179,-0.228670,1,1
1048,27,-0.622645,-0.012801,0.278850,0.077177,1,1
1050,27,-0.590432,-0.028403,0.095873,0.030062,1,1
1051,27,-0.586473,0.009669,0.119004,0.102011,1,1
1058,27,-0.569828,-0.106051,0.191845,-0.019880,1,1
1059,27,-0.607293,-0.031118,0.284986,0.093320,1,1
1053,27,-0.635808,-0.001492,0.151210,0.117134,1,1
1067,27,-0.515252,-0.040557,-0.204668,-0.091485,1,1
1063,27,-0.601976,-0.037227,-0.099338,-0.160894,1,1
1057,27,-0.567037,0.015764,0.139012,-0.018701,1,1
1070,27,-0.595958,-0.066247,-0.119498,-0.080762,1,1
1060,27,-0.580892,0.063342,-0.070773,-0.156151,1,1
1052,27,-0.581453,-0.034268,0.172755,-0.001351,1,1
1062,27,-0.609226,-0.016932,-0.022012,-0.177199,1,1
1066,27,-0.588349,-0.026876,-0.105497,-0.138160,1,1
1055,27,-0.614325,-0.038684,0.213957,0.034606,1,1
1047,27,-0.586402,-0.039744,0.133249,-0.042554,1,1
1078,27,-0.646592,-0.031529,-0.153748,-0.144420,1,1
1061,27,-0.575159,0.000267,-0.137672,-0.074924,1,1
1074,27,-0.673295,-0.119376,-0.174259,-0.065386,1,1
1077,27,-0.511265,-0.055724,-0.089969,-0.071797,1,1
1064,27,-0.608190,-0.101985,-0.051169,-0.122119,1,1
1056,27,-0.573087,-0.020724,0.175622,0.081383,1,1
1075,27,-0.583409,-0.083047,-0.091530,-0.066345,1,1
1076,27,-0.749955,-0.002144,-0.169817,-0.178092,1,1
1069,27,-0.644319,-0.018776,-0.099049,-0.099261,1,1
1041,27,-0.588960,-0.061252,0.163744,0.041130,1,1
1072,27,-0.552432,-0.056627,-0.113170,-0.144858,1,1
1046,27,-0.478874,0.004546,0.250881,0.062947,1,1
1065,27,-0.622895,-0.058329,-0.102300,-0.086532,1,1
1079,27,-0.585060,-0.050367,-0.173665,-0.181693,1,1
1054,27,-0.605560,0.049043,0.143465,0.056947,1,1
1044,27,-0.664318,0.053256,0.220971,0.011024,1,1
1068,27,-0.602961,-0.135487,-0.098383,-0.096651,1,1
1045,27,-0.593331,0.061932,0.128298,0.080685,1,1
1049,27,-0.575091,-0.031580,0.247476,-0.018552,1,1
1113,28,-0.619313,-0.085342,-0.030765,-0.171343,1,1
1115,28,-0.565571,-0.100279,-0.154819,-0.120999,1,1
1103,28,-0.538304,-0.017515,-0.094229,-0.136846,1,1
1084,28,-0.619427,0.008429,0.166258,-0.068578,1,1
1096,28,-0.599304,0.012475,0.198944,0.117382,1,1
1098,28,-0.596040,0.081128,0.153309,-0.082648,1,1
1090,28,-0.576122,-0.051140,0.207717,0.001899,1,1
1094,28,-0.607764,0.008420,0.194806,-0.006409,1,1
1089,28,-0.688438,-0.035714,0.141574,0.045700,1,1
1092,28,-0.678132,-0.054328,0.206418,-0.024117,1,1
1095,28,-0.556488,-0.025145,0.054821,0.044469,1,1
1110,28,-0.605332,-0.042478,-0.061077,-0.156948,1,1
1099,28,-0.535018,0.022659,0.188355,0.015470,1,1
1086,28,-0.625316,0.012190,0.211110,0.071085,1,1
1109,28,-0.610845,0.058153,-0.166448,-0.141718,1,1
1119,28,-0.597185,0.009266,-0.148349,-0.075446,1,1
1111,28,-0.603008,-0.008149,-0.213140,-0.064884,1,1
1114,28,-0.569698,-0.053304,-0.135795,-0.238664,1,1
1083,28,-0.564665,-0.050194,0.171389,-0.045122,1,1
1087,28,-0.715022,-0.044432,0.134505,0.030916,1,1
1100,28,-0.549866,-0.160714,-0.145495,-0.197480,0,1
1107,28,-0.614533,-0.096265,-0.182909,-0.118313,1,1
1105,28,-0.617047,-0.054835,-0.057035,-0.028645,1,1
1082,28,-0.599590,-0.087909,0.161535,-0.031560,1,1
1101,28,-0.546294,-0.098203,-0.127487,-0.041825,1,1
1097,28,-0.567711,-0.045160,0.192016,-0.003617,1,1
1108,28,-0.633518,-0.038099,-0.092393,-0.136174,1,1
1081,28,-0.607397,0.005955,0.223293,0.063539,1,1
1085,28,-0.590076,0.135671,0.065405,0.185368,1,0
1106,28,-0.697842,-0.111623,-0.154610,-0.058078,1,1
1116,28,-0.568350,-0.079120,-0.144620,-0.117257,1,1
1102,28,-0.534349,-0.054184,-0.072096,-0.118319,1,1
1117,28,-0.551490,-0.020899,-0.081477,-0.124260,1,1
1112,28,-0.616841,-0.008808,-0.152159,-0.161105,1,1
1091,28,-0.601373,-0.069665,0.222888,0.003613,1,1
1088,28,-0.651973,0.002099,0.124930,0.019623,1,1
1104,28,-0.525487,-0.016144,-0.119313,-0.145203,1,1
1093,28,-0.604181,-0.006314,0.117088,-0.017878,1,1
1118,28,-0.597764,-0.172571,-0.146632,-0.152061,0,1
1080,28,-0.695161,-0.037031,0.283055,0.018272,1,1
1158,29,-0.628169,-0.071279,-0.085567,-0.116392,1,1
1129,29,-0.542864,-0.056966,0.164185,0.005092,1,1
1130,29,-0.552992,-0.128704,0.170561,0.009916,1,1
1123,29,-0.632810,-0.001897,0.154681,0.102839,1,1
1141,29,-0.530170,0.022547,-0.089490,-0.177434,1,1
1154,29,-0.571955,-0.112641,-0.120152,-0.035541,1,1
1153,29,-0.562233,-0.104900,-0.126665,-0.090367,1,1
1155,29,-0.623110,-0.041002,-0.098035,-0.136750,1,1
1127,29,-0.565518,-0.050569,0.161035,-0.020176,1,1
1142,29,-0.595409,-0.083595,-0.165349,-0.145781,1,1
1120,29,-0.609407,0.023206,0.081037,0.087667,1,1
1134,29,-0.616839,-0.077258,0.182994,0.157114,1,1
1151,29,-0.612199,-0.095482,-0.157280,-0.085935,1,1
1145,29,-0.579702,-0.067551,-0.100979,-0.214649,1,1
1136,29,-0.513355,0.002104,0.135743,0.001017,1,1
1147,29,-0.640226,-0.045946,-0.223425,-0.122712,1,1
1152,29,-0.629649,-0.108613,-0.104479,-0.055081,1,1
1148,29,-0.576723,0.027118,-0.178100,-0.094426,1,1
1124,29,-0.651748,0.059052,0.042927,0.034454,1,1
1149,29,-0.527593,-0.040671,-0.160243,-0.036962,1,1
1125,29,-0.655308,-0.097068,0.200553,0.000149,1,1
1133,29,-0.634838,0.035487,0.168594,-0.033115,1,1
1122,29,-0.585874,0.022171,0.132357,0.018900,1,1
1159,29,-0.482883,-0.101731,-0.144825,-0.186897,0,1
1157,29,-0.552180,-0.050086,-0.094508,-0.183021,1,1
1150,29,-0.519530,-0.005278,-0.154660,-0.160682,1,1
1143,29,-0.536572,-0.097712,-0.170253,-0.068370,1,1
1144,29,-0.608110,-0.181946,-0.119872,-0.054353,0,1
1131,29,-0.539509,-0.008229,0.205586,0.041337,1,1
1140,29,-0.506756,-0.095473,-0.092466,-0.122917,1,1
1126,29,-0.515850,0.037525,0.125849,0.054549,1,1
1156,29,-0.640611,0.003416,-0.125588,-0.143744,1,1
1138,29,-0.564871,-0.010629,0.225080,0.083023,1,1
1139,29,-0.692653,-0.036951,0.065378,0.042539,1,1
1121,29,-0.676505,-0.066926,0.186244,0.104878,1,1
1137,29,-0.557475,-0.036378,0.224868,0.043951,1,1
1128,29,-0.628810,-0.072257,0.138397,0.103296,1,1
1132,29,-0.566381,-0.069445,0.237463,0.035659,1,1
1146,29,-0.611746,-0.060997,-0.131322,-0.134371,1,1
1135,29,-0.546080,-0.022696,0.106346,0.043297,1,1
1168,30,-0.657164,0.011021,-0.108070,0.006473,1,1
1187,30,-0.590868,-0.016879,-0.113952,-0.229309,1,1
1179,30,-0.558818,-0.132457,0.034516,0.044102,1,1
1173,30,-0.781622,-0.082782,0.046790,-0.027597,1,0
1180,30,-0.606777,-0.020551,-0.165651,-0.166563,1,1
1189,30,-0.549045,-0.088027,-0.219008,-0.170379,1,1
1170,30,-0.558200,-0.001653,-0.107847,0.029620,1,1
1161,30,-0.592134,-0.067354,-0.080154,0.063215,1,1
1172,30,-0.640252,-0.049881,-0.003492,0.062917,1,1
1166,30,-0.584586,0.043492,-0.003055,0.041375,1,1
1191,30,-0.509204,0.036691,-0.265552,-0.180529,1,1
1185,30,-0.593364,0.023893,-0.114945,-0.247136,1,1
1194,30,-0.678576,-0.043696,-0.061910,-0.094346,1,1
1195,30,-0.591147,-0.096420,-0.144458,-0.187530,1,1
1188,30,-0.625705,0.031144,-0.093303,-0.213540,1,1
1177,30,-0.606576,-0.045354,0.030602,-0.008129,1,1
1164,30,-0.526306,-0.093380,-0.054030,0.032683,1,1
1198,30,-0.560558,-0.060861,-0.093508,-0.201591,1,1
1176,30,-0.566139,0.005480,0.002674,0.072009,1,1
1190,30,-0.483458,-0.059091,-0.215070,-0.214070,1,1
1184,30,-0.652597,-0.009419,-0.172858,-0.199382,1,1
1192,30,-0.594759,0.008923,-0.127677,-0.183239,1,1
1169,30,-0.613086,-0.077574,-0.038707,-0.069733,1,1
1181,30,-0.536167,-0.043690,-0.104160,-0.169838,1,1
1193,30,-0.581598,-0.016258,-0.205211,-0.157183,1,1
1183,30,-0.509065,0.020836,-0.136066,-0.257529,1,1
1199,30,-0.576092,-0.010143,-0.111099,-0.152226,1,1
1182,30,-0.590852,-0.044515,-0.179959,-0.138768,1,1
1165,30,-0.642718,0.006269,0.073028,0.015486,1,1
1163,30,-0.679918,-0.057312,0.017268,0.096684,1,1
1197,30,-0.626366,-0.091536,0.037016,-0.183808,1,1
1186,30,-0.590858,-0.051895,-0.163165,-0.238721,1,1
1160,30,-0.633006,-0.077064,-0.055418,0.051964,1,1
1178,30,-0.582089,0.111769,-0.069746,0.031876,1,0
1171,30,-0.611386,0.035586,0.000070,0.036627,1,1
1196,30,-0.478739,-0.014552,-0.071795,-0.152315,1,1
1175,30,-0.622576,0.045979,0.021108,0.039028,1,1
1174,30,-0.627764,-0.059591,-0.038199,0.073413,1,1
1167,30,-0.601060,0.053416,0.008662,0.112568,1,1
1162,30,-0.572995,0.069371,0.070760,0.007609,1,1
1207,31,-0.674316,-0.067619,0.002540,0.028751,1,1
1212,31,-0.623688,0.034803,0.010615,-0.012710,1,1
1216,31,-0.571975,-0.010436,-0.024267,0.036614,1,1
1222,31,-0.565687,-0.016049,-0.227041,-0.116615,1,1
1219,31,-0.566168,-0.032824,0.033447,0.036947,1,1
1231,31,-0.648464,-0.005689,-0.107884,-0.171430,1,1
1211,31,-0.529630,-0.000202,-0.003354,-0.029496,1,1
1227,31,-0.608038,-0.000379,-0.131994,-0.134425,1,1
1203,31,-0.620914,0.034480,-0.022943,0.014335,1,1
1236,31,-0.593246,-0.079636,-0.151221,-0.221452,1,1
1235,31,-0.643408,-0.060169,-0.122816,-0.256267,1,1
1221,31,-0.513613,-0.072386,-0.073556,-0.301721,1,1
1206,31,-0.579035,-0.028781,-0.037806,0.009468,1,1
1232,31,-0.571475,-0.113364,-0.043912,-0.324452,1,1
1218,31,-0.562836,-0.008192,-0.043163,-0.067498,1,1
1202,31,-0.587033,0.050155,0.047465,0.043558,1,1
1220,31,-0.524422,-0.048939,-0.051302,-0.204205,1,1
1205,31,-0.549637,0.010023,-0.073219,0.059643,1,1
1237,31,-0.534895,-0.117476,-0.001675,-0.151872,1,1
1229,31,-0.496210,0.016085,-0.186214,-0.229057,1,1
1230,31,-0.527351,-0.076793,-0.088777,-0.204889,1,1
1238,31,-0.555767,0.065298,-0.129255,-0.202219,1,1
1234,31,-0.542678,-0.080203,-0.058922,-0.129321,1,1
1228,31,-0.605322,-0.085797,-0.292082,-0.132178,1,1
1215,31,-0.559248,0.005944,-0.040568,-0.061399,1,1
1223,31,-0.575434,-0.098011,-0.219280,-0.059432,1,1
1209,31,-0.671736,0.027815,-0.041802,0.043554,1,1
1201,31,-0.647849,-0.127734,0.005076,0.039810,1,1
1214,31,-0.583706,0.077179,-0.022978,0.069283,1,1
1226,31,-0.536993,-0.062592,-0.120026,-0.100973,1,1
1233,31,-0.570809,-0.080009,-0.125809,-0.125074,1,1
1217,31,-0.629676,-0.001428,-0.065309,-0.011170,1,1
1208,31,-0.698466,0.019383,0.036318,0.022935,1,1
1200,31,-0.595084,0.027397,-0.026175,0.029585,1,1
1204,31,-0.635355,0.019771,-0.144156,0.040240,1,1
1210,31,-0.618744,-0.036833,-0.054706,0.121825,1,1
1224,31,-0.551429,-0.071979,-0.135835,-0.159501,1,1
1239,31,-0.618085,-0.101422,-0.040811,-0.181076,1,1
1213,31,-0.664333,0.017180,0.079740,0.047931,1,1
1225,31,-0.529964,-0.018795,-0.158160,-0.220379,1,1
1240,32,-0.618724,-0.050004,-0.065939,0.030757,1,1
1252,32,-0.530865,0.052122,-0.049553,0.053082,1,1
1259,32,-0.591157,-0.058950,-0.010986,0.069996,1,1
1255,32,-0.634326,0.045351,0.014761,-0.064387,1,1
1241,32,-0.617642,0.023637,0.009543,0.126266,1,1
1264,32,-0.602736,-0.017134,-0.065909,-0.120393,1,1
1275,32,-0.642818,-0.068105,-0.107382,-0.166280,1,1
1242,32,-0.547215,-0.013844,0.001409,0.111873,1,1
1274,32,-0.503953,-0.084956,-0.082298,-0.128956,1,1
1251,32,-0.606701,0.010925,-0.040572,-0.043477,1,1
1258,32,-0.565387,-0.098122,-0.082328,0.069197,1,1
1271,32,-0.564869,-0.097775,-0.073206,-0.144903,1,1
1249,32,-0.570508,0.056630,-0.013784,-0.046160,1,1
1269,32,-0.550415,-0.056164,-0.186673,-0.209671,1,1
1243,32,-0.562105,-0.069903,0.004034,0.085934,1,1
1276,32,-0.511823,0.010427,-0.161161,-0.107453,1,1
1279,32,-0.562508,-0.083852,-0.115358,-0.177039,1,1
1278,32,-0.462532,0.026587,-0.137343,-0.163139,1,1
1244,32,-0.598340,-0.095419,-0.013476,0.110302,1,1
1266,32,-0.630770,-0.056153,-0.142029,-0.203607,1,1
1250,32,-0.550562,-0.030732,0.085932,0.020257,1,1
1267,32,-0.553878,-0.022953,-0.167520,-0.154408,1,1
1246,32,-0.656481,0.014024,0.109045,-0.031875,1,1
1257,32,-0.615083,-0.012917,-0.016151,0.039186,1,1
1247,32,-0.673528,-0.124736,0.044619,0.065743,1,1
1265,32,-0.640428,-0.058664,-0.159830,-0.197386,1,1
1261,32,-0.535420,-0.007679,-0.143871,-0.282287,1,1
1260,32,-0.552826,-0.049251,-0.127509,-0.203154,1,1
1273,32,-0.589675,0.040727,-0.122115,-0.127749,1,1
1263,32,-0.529982,-0.022286,-0.177198,-0.203378,1,1
1253,32,-0.542268,0.025594,-0.028153,0.047935,1,1
1270,32,-0.575761,-0.024696,-0.060137,-0.098192,1,1
1268,32,-0.599220,-0.013926,-0.186646,-0.214598,1,1
1272,32,-0.553672,-0.089374,-0.147345,-0.194642,1,1
1248,32,-0.509724,0.073918,0.020233,-0.004731,1,1
1277,32,-0.624691,0.021574,-0.125467,-0.175037,1,1
1262,32,-0.626789,-0.054079,-0.185515,-0.194152,1,1
1245,32,-0.540943,-0.063946,0.005360,0.002599,1,1
1254,32,-0.574906,0.031806,0.096074,0.024196,1,1
1256,32,-0.555059,-0.028073,0.070516,-0.007286,1,1
1305,33,-0.571501,-0.112415,-0.152095,-0.252256,1,1
1300,33,-0.554277,-0.017601,-0.117716,-0.133109,1,1
1304,33,-0.583509,-0.080833,-0.179473,-0.197973,1,1
1283,33,-0.557626,0.028289,-0.072250,0.031679,1,1
1298,33,-0.576360,-0.006593,0.005796,-0.000549,1,1
1314,33,-0.538907,0.026204,-0.128597,-0.188307,1,1
1315,33,-0.511549,-0.032346,-0.194314,-0.112829,1,1
1302,33,-0.584365,-0.069865,-0.144902,-0.237007,1,1
1296,33,-0.601028,0.004875,0.052202,0.070691,1,1
1295,33,-0.664047,0.052730,0.066735,0.036955,1,1
1303,33,-0.610966,0.038388,-0.028909,-0.157186,1,1
1307,33,-0.562156,-0.044592,-0.167437,-0.168864,1,1
1297,33,-0.620261,0.032797,0.043967,-0.045443,1,1
1294,33,-0.562788,-0.023077,-0.064302,0.018953,1,1
1287,33,-0.565663,-0.031364,0.071629,-0.049631,1,1
1317,33,-0.612965,-0.014793,-0.041857,-0.139853,1,1
1299,33,-0.670183,-0.033941,-0.025932,-0.029179,1,1
1308,33,-0.558169,-0.073959,-0.124830,-0.139292,1,1
1309,33,-0.633550,-0.064045,-0.013166,-0.103909,1,1
1318,33,-0.665531,-0.110903,-0.191213,-0.247592,1,1
1286,33,-0.639035,-0.076879,-0.013269,0.059764,1,1
1293,33,-0.513336,-0.036213,-0.024938,0.086936,1,1
1280,33,-0.621985,-0.079161,0.091884,-0.057400,1,1
1310,33,-0.612595,-0.022781,-0.066691,-0.134432,1,1
1311,33,-0.614107,-0.066054,-0.084890,-0.143581,1,1
1290,33,-0.600384,0.093528,-0.028565,0.042060,1,1
1301,33,-0.686826,-0.043869,-0.204379,-0.175989,1,1
1292,33,-0.592488,0.001315,0.000392,0.024290,1,1
1281,33,-0.578867,-0.016001,0.004304,0.067688,1,1
1289,33,-0.529668,-0.059183,-0.084138,0.011058,1,1
1316,33,-0.522462,0.000332,-0.111483,-0.116110,1,1
1285,33,-0.562505,-0.002044,0.023459,-0.049700,1,1
1306,33,-0.525699,0.046308,-0.088442,-0.232187,1,1
1313,33,-0.478594,0.021359,-0.147523,-0.157061,1,1
1284,33,-0.496988,-0.076603,-0.003050,0.006204,1,1
1288,33,-0.605176,-0.058606,-0.077641,0.093560,1,1
1282,33,-0.588494,-0.002222,-0.044051,0.014887,1,1
1312,33,-0.573108,0.024001,-0.093205,-0.094038,1,1
1319,33,-0.495652,-0.048714,-0.082418,-0.244385,1,1
1291,33,-0.600378,0.002195,-0.031508,-0.032128,1,1
1350,34,-0.557505,-0.029195,-0.152299,-0.135467,1,1
1336,34,-0.525772,-0.043869,-0.010141,0.086860,1,1
1339,34,-0.601165,0.001115,0.057427,-0.029270,1,1
1324,34,-0.580165,0.054300,-0.054787,0.068912,1,1
1325,34,-0.656201,0.065640,-0.053529,0.025989,1,1
1333,34,-0.587517,-0.030275,0.065670,0.076681,1,1
1342,34,-0.546606,0.034833,-0.224583,-0.208979,1,1
1338,34,-0.651458,0.053527,0.022135,0.010212,1,1
1340,34,-0.567178,-0.008399,-0.123116,-0.100219,1,1
1351,34,-0.679029,-0.132499,-0.059084,-0.129920,0,1
1346,34,-0.593649,-0.017041,-0.120439,-0.159773,1,1
1326,34,-0.566897,-0.116610,0.038216,0.024457,1,1
1352,34,-0.607804,-0.124220,-0.059181,-0.156053,1,1
1335,34,-0.589476,0.019540,0.161441,-0.029142,1,1
1343,34,-0.615944,0.025105,-0.118729,-0.130091,1,1
1344,34,-0.651656,-0.051459,-0.057467,-0.178615,1,1
1353,34,-0.554343,-0.032582,-0.079549,-0.167885,1,1
1358,34,-0.627807,-0.055027,-0.085500,-0.208941,1,1
1329,34,-0.576222,-0.078714,-0.055474,0.001511,1,1
1330,34,-0.651689,0.060785,0.042962,0.077697,1,1
1327,34,-0.613519,0.040712,-0.046234,0.033382,1,1
1320,34,-0.542156,-0.017575,0.024884,-0.058623,1,1
1348,34,-0.577561,-0.009099,-0.175743,-0.176999,1,1
1357,34,-0.492231,-0.038014,-0.162748,-0.163416,1,1
1321,34,-0.608775,-0.093141,0.036796,0.072244,1,1
1347,34,-0.590463,-0.074238,-0.190998,-0.148389,1,1
1328,34,-0.608143,-0.011310,-0.054044,0.012650,1,1
1331,34,-0.525750,0.018874,-0.051007,0.016379,1,1
1354,34,-0.553238,-0.035915,-0.186673,-0.112641,1,1
1349,34,-0.574930,-0.031286,-0.099032,-0.216276,1,1
1355,34,-0.495398,-0.063406,-0.101169,-0.288647,1,1
1337,34,-0.639648,-0.019336,0.053892,0.070488,1,1
1341,34,-0.672658,-0.033649,-0.134162,-0.229707,1,1
1322,34,-0.565429,-0.028515,-0.022288,0.090887,1,1
1334,34,-0.664354,-0.019969,-0.012930,-0.010912,1,1
1345,34,-0.534791,-0.001827,-0.130702,-0.102358,1,1
1323,34,-0.705064,-0.070876,-0.067431,0.005259,1,1
1332,34,-0.551130,0.067282,-0.021423,0.007055,1,1
1359,34,-0.580894,-0.008960,-0.044969,-0.116079,1,1
1356,34,-0.519335,-0.150082,-0.175169,-0.130130,0,1
1396,35,-0.716048,-0.085304,-0.140270,-0.274670,1,1
1388,35,-0.604759,-0.059034,-0.150416,-0.127329,1,1
1373,35,-0.595717,0.014360,-0.028613,0.106888,1,1
1374,35,-0.661781,-0.066957,-0.015007,-0.030041,1,1
1394,35,-0.640955,-0.058662,-0.138149,-0.144673,1,1
1360,35,-0.586922,-0.077680,-0.108265,0.012578,1,1
1389,35,-0.634150,-0.029867,-0.178557,-0.249664,1,1
1378,35,-0.562619,0.027633,0.123769,0.003024,1,1
1377,35,-0.609546,0.031856,-0.041083,0.079743,1,1
1383,35,-0.611178,-0.107674,-0.120621,-0.127242,1,1
1365,35,-0.546116,-0.034353,-0.101256,0.002195,1,1
1372,35,-0.738175,-0.040974,0.051285,0.041700,1,0
1397,35,-0.600705,-0.044304,-0.153192,-0.257212,1,1
1382,35,-0.558686,-0.013208,-0.096477,-0.194596,1,1
1368,35,-0.632388,-0.028281,-0.014635,0.016507,1,1
1384,35,-0.546218,-0.143908,-0.113474,-0.143607,1,1
1371,35,-0.564846,0.016678,-0.071483,-0.021467,1,1
1379,35,-0.567152,-0.012306,0.017727,0.005806,1,1
1380,35,-0.543468,0.085632,-0.151509,-0.284894,1,1
1387,35,-0.601731,0.012695,-0.086789,-0.216035,1,1
1375,35,-0.555734,-0.051157,-0.019376,0.052341,1,1
1399,35,-0.638086,-0.076746,-0.074812,-0.210664,1,1
1361,35,-0.547509,0.068379,0.008372,-0.032408,1,1
1366,35,-0.525548,0.045003,0.051873,0.006349,1,1
1369,35,-0.639043,-0.073709,0.083922,0.132470,1,1
1362,35,-0.661587,0.048476,-0.025423,0.021636,1,1
1386,35,-0.629833,-0.008859,-0.053219,-0.087023,1,1
1370,35,-0.551420,0.098233,0.021010,0.021182,1,1
1376,35,-0.558343,-0.020594,0.029449,0.004137,1,1
1395,35,-0.605240,-0.052848,-0.132731,-0.063809,1,1
1398,35,-0.503141,-0.104564,-0.196379,-0.202364,1,1
1381,35,-0.571963,0.012889,-0.107272,-0.182687,1,1
1367,35,-0.605602,-0.048186,-0.023594,0.001487,1,1
1392,35,-0.659292,-0.065890,-0.104925,-0.166794,1,1
1385,35,-0.594179,-0.038465,-0.212109,-0.163867,1,1
1390,35,-0.613642,0.019729,-0.173498,-0.129885,1,1
1363,35,-0.553993,0.010211,0.069251,-0.102660,1,1
1391,35,-0.547085,-0.060791,-0.091973,-0.177946,1,1
1364,35,-0.631612,-0.023848,-0.112631,0.082257,1,1
1393,35,-0.477925,-0.018727,-0.091959,-0.185745,1,1
1419,36,-0.604026,-0.054229,0.025723,0.006580,1,1
1409,36,-0.658385,0.025318,-0.012511,-0.049650,1,1
1417,36,-0.598881,-0.016610,-0.061660,0.013436,1,1
1426,36,-0.579948,-0.031664,-0.218780,-0.150064,1,1
1439,36,-0.547683,-0.050662,-0.138829,-0.235216,1,1
1415,36,-0.634835,0.001844,0.069517,0.003935,1,1
1407,36,-0.568739,0.023548,0.079374,0.109444,1,1
1418,36,-0.669344,-0.028518,-0.012591,0.011802,1,1
1438,36,-0.486704,0.036146,-0.130375,-0.155320,1,1
1424,36,-0.501222,-0.086218,-0.232658,-0.235123,1,1
1403,36,-0.670128,-0.034449,-0.025263,0.023649,1,1
1405,36,-0.631091,-0.033121,-0.011287,0.051384,1,1
1401,36,-0.595235,0.037559,-0.006928,0.031345,1,1
1406,36,-0.644799,0.082319,0.023058,0.009781,1,1
1431,36,-0.585915,-0.137875,-0.137725,-0.217110,1,1
1400,36,-0.578116,-0.027966,0.027095,0.038301,1,1
1422,36,-0.514598,-0.082538,-0.084860,-0.195571,1,1
1411,36,-0.681960,-0.103247,0.094125,-0.033702,1,1
1413,36,-0.523890,-0.029038,0.049233,0.063737,1,1
1425,36,-0.585184,-0.005767,-0.081989,-0.219202,1,1
1427,36,-0.525559,0.016368,-0.117870,-0.198841,1,1
1421,36,-0.653252,0.002575,-0.054802,-0.245600,1,1
1420,36,-0.500866,-0.083326,-0.191510,-0.147990,1,1
1414,36,-0.577130,0.023425,-0.094599,-0.019946,1,1
1433,36,-0.622164,-0.061833,-0.164119,-0.194525,1,1
1402,36,-0.533731,-0.066634,0.094339,0.093689,1,1
1429,36,-0.539612,-0.015336,-0.131154,-0.121260,1,1
1432,36,-0.648250,-0.109691,-0.123607,-0.093304,1,1
1435,36,-0.615893,-0.077989,-0.078594,-0.275539,1,1
1408,36,-0.555991,-0.029276,-0.035820,0.004649,1,1
1423,36,-0.592402,0.044625,-0.048727,-0.155440,1,1
1436,36,-0.500823,-0.001503,-0.162078,-0.094070,1,1
1437,36,-0.610560,-0.035960,-0.150523,-0.205988,1,1
1430,36,-0.565448,-0.035503,-0.117986,-0.169979,1,1
1404,36,-0.643071,-0.041099,0.037039,0.157601,1,1
1434,36,-0.500938,0.001241,-0.121912,-0.168944,1,1
1428,36,-0.506694,-0.101708,-0.146177,-0.088267,1,1
1412,36,-0.516408,-0.037022,0.014623,0.031997,1,1
1410,36,-0.625552,0.096930,-0.039157,0.097648,1,1
1416,36,-0.565041,-0.002879,0.045834,0.092105,1,1
1450,37,-0.580062,0.050917,0.029579,0.088318,1,1
1473,37,-0.553750,-0.027038,-0.208200,-0.176020,1,1
1442,37,-0.647698,-0.030946,0.026781,0.035919,1,1
1445,37,-0.441821,-0.005355,-0.007201,-0.015864,1,1
1460,37,-0.551328,-0.007382,-0.210170,-0.187561,1,1
1479,37,-0.618622,-0.047053,-0.083001,-0.158941,1,1
1474,37,-0.597274,0.038358,-0.059509,-0.288599,1,1
1463,37,-0.528220,-0.049687,-0.163862,-0.226625,1,1
1447,37,-0.588136,0.108164,-0.158433,0.152490,1,0
1464,37,-0.577780,-0.068397,-0.215172,-0.076864,1,1
1454,37,-0.593330,-0.061981,-0.215424,-0.040317,1,1
1468,37,-0.630754,-0.021622,-0.086810,-0.184215,1,1
1465,37,-0.578261,-0.006160,-0.156928,-0.106787,1,1
1448,37,-0.618198,-0.029367,-0.039627,-0.033800,1,1
1453,37,-0.516973,-0.052081,0.093968,0.052595,1,1
1444,37,-0.659010,-0.003904,-0.033759,-0.075780,1,1
1461,37,-0.619279,-0.062909,-0.095295,-0.151886,1,1
1446,37,-0.633753,-0.036646,-0.037041,-0.026657,1,1
1440,37,-0.539624,-0.016929,0.050949,-0.040874,1,1
1471,37,-0.560760,-0.051927,-0.120657,-0.197427,1,1
1467,37,-0.634635,-0.095130,-0.085067,-0.156738,1,1
1472,37,-0.590229,-0.040194,-0.166978,-0.193209,1,1
1459,37,-0.647253,-0.026691,-0.045157,0.092025,1,1
1458,37,-0.666806,0.021495,0.028985,0.091067,1,1
1477,37,-0.552696,-0.048736,-0.175348,-0.072823,1,1
1475,37,-0.598956,0.016115,-0.141089,-0.098523,1,1
1456,37,-0.671179,-0.025033,0.050783,-0.013296,1,1
1462,37,-0.627454,-0.072880,-0.199835,-0.236394,1,1
1451,37,-0.544680,0.009788,-0.001795,-0.033544,1,1
1469,37,-0.488790,0.026070,-0.159490,-0.173856,1,1
1457,37,-0.632290,0.038065,0.040682,0.003575,1,1
1449,37,-0.577095,-0.075380,-0.002735,0.025636,1,1
1476,37,-0.517639,-0.096088,-0.100516,-0.212366,1,1
1452,37,-0.513411,-0.000484,-0.043397,0.088192,1,1
1443,37,-0.579704,0.010914,0.041971,0.064608,1,1
1466,37,-0.634224,-0.008469,-0.153601,-0.148846,1,1
1478,37,-0.562968,-0.181614,-0.105937,-0.223044,0,1
1470,37,-0.570395,0.022391,-0.090558,-0.254624,1,1
1441,37,-0.495982,-0.010643,-0.115614,-0.134441,1,1
1455,37,-0.564660,-0.002102,-0.016119,-0.033434,1,1
1515,38,-0.506994,-0.021666,-0.113690,-0.151201,1,1
1497,38,-0.642400,0.001186,-0.103792,-0.064251,1,1
1502,38,-0.607664,-0.101972,-0.077298,-0.052786,1,1
1481,38,-0.657751,-0.098614,0.012753,0.094510,1,1
1506,38,-0.648232,-0.072761,-0.202490,-0.183214,1,1
1514,38,-0.556161,-0.010718,-0.123592,-0.194334,1,1
1505,38,-0.573735,-0.074623,-0.269724,-0.240315,1,1
1480,38,-0.638611,0.037725,-0.039110,0.078788,1,1
1500,38,-0.573361,-0.083165,-0.147765,-0.235486,1,1
1499,38,-0.601308,-0.030617,0.006574,-0.002282,1,1
1516,38,-0.572681,-0.186673,-0.111802,-0.177911,0,1
1488,38,-0.525257,0.082623,-0.026035,0.037350,1,1
1504,38,-0.517738,0.007921,-0.186805,-0.074893,1,1
1512,38,-0.480636,0.001404,-0.183262,-0.246889,1,1
1491,38,-0.592186,-0.065539,0.008990,-0.065658,1,1
1507,38,-0.661056,0.018431,-0.174650,-0.121766,1,1
1482,38,-0.629579,0.085359,-0.078183,0.065206,1,1
1503,38,-0.574951,-0.068663,-0.186695,-0.123136,1,1
1486,38,-0.604824,-0.047011,0.003174,-0.063934,1,1
1508,38,-0.653328,-0.135953,-0.078003,-0.149167,1,1
1495,38,-0.571222,0.037720,-0.022233,0.095648,1,1
1517,38,-0.634616,-0.033077,-0.108946,-0.224252,1,1
1487,38,-0.623156,0.073225,0.065478,0.009736,1,1
1485,38,-0.611462,0.009516,0.052759,-0.025594,1,1
1489,38,-0.614151,0.127697,-0.017240,0.034280,1,0
1494,38,-0.675912,0.033742,0.069749,0.053796,1,1
1498,38,-0.594310,0.041663,0.079055,-0.007783,1,1
1501,38,-0.617228,-0.014698,-0.049068,-0.148092,1,1
1493,38,-0.526660,0.056023,0.025873,-0.057042,1,1
1496,38,-0.650708,0.030642,0.028174,0.017885,1,1
1511,38,-0.575121,-0.018628,-0.087422,-0.168772,1,1
1490,38,-0.606414,0.009377,0.008503,0.137522,1,1
1510,38,-0.633480,-0.127525,-0.039400,-0.185780,1,1
1518,38,-0.609731,-0.099021,-0.143440,-0.214690,1,1
1513,38,-0.609914,-0.079574,-0.128195,-0.104611,1,1
1483,38,-0.594196,0.026052,0.074656,-0.057995,1,1
1509,38,-0.540183,-0.072265,-0.091114,-0.157922,1,1
1484,38,-0.610618,0.047668,-0.017412,0.112690,1,1
1492,38,-0.536635,0.050049,-0.005140,0.059022,1,1
1519,38,-0.488814,-0.008025,-0.149957,-0.241759,1,1
1559,39,-0.690547,-0.042753,-0.070118,-0.027626,1,1
1532,39,-0.546237,-0.041377,-0.035592,0.038766,1,1
1521,39,-0.611901,-0.067278,-0.014443,0.043572,1,1
1553,39,-0.601224,-0.129177,-0.176879,-0.191691,1,1
1529,39,-0.558337,-0.041994,0.034389,0.040132,1,1
1555,39,-0.593515,-0.099845,-0.143961,-0.125591,1,1
1534,39,-0.589757,-0.009686,0.035298,0.000852,1,1
1546,39,-0.609593,-0.121984,-0.104919,-0.150604,1,1
1543,39,-0.577258,-0.068114,-0.091529,-0.263917,1,1
1551,39,-0.575365,-0.116423,-0.199869,-0.171991,1,1
1558,39,-0.551012,-0.038860,-0.156871,-0.133295,1,1
1545,39,-0.566000,-0.040888,-0.124908,-0.134410,1,1
1528,39,-0.546548,0.034884,0.085276,0.103132,1,1
1552,39,-0.600088,-0.026414,-0.174706,-0.256870,1,1
1530,39,-0.575258,-0.100154,-0.106398,-0.007322,1,1
1526,39,-0.596830,0.052540,-0.010931,-0.010139,1,1
1525,39,-0.636914,0.090855,-0.025242,-0.015094,1,1
1536,39,-0.593555,0.078640,-0.057924,-0.061708,1,1
1538,39,-0.689472,-0.017245,0.048253,0.016352,1,1
1531,39,-0.543488,-0.103529,0.033207,0.036990,1,1
1554,39,-0.517565,0.006721,-0.127693,-0.224471,1,1
1542,39,-0.572074,-0.085358,-0.222131,-0.243882,1,1
1556,39,-0.561237,-0.062094,-0.061302,-0.243103,1,1
1549,39,-0.574372,-0.041959,-0.154038,-0.196375,1,1
1535,39,-0.512672,0.024262,-0.027609,0.038458,1,1
1520,39,-0.641939,-0.068850,0.033825,-0.050609,1,1
1523,39,-0.630852,0.125776,-0.053920,-0.006588,1,0
1540,39,-0.577951,0.090346,-0.044989,-0.181164,1,1
1537,39,-0.565290,0.030938,-0.016764,-0.024076,1,1
1548,39,-0.691688,-0.052926,-0.133366,-0.099114,1,1
1550,39,-0.624188,-0.096172,-0.220395,-0.160001,1,1
1547,39,-0.563179,-0.025738,-0.133843,-0.193514,1,1
1522,39,-0.651895,0.023640,-0.036183,-0.028702,1,1
1533,39,-0.675079,-0.043925,-0.052773,0.144566,1,1
1544,39,-0.462298,-0.070341,-0.107649,-0.197824,1,1
1539,39,-0.563804,-0.013933,0.009896,-0.083923,1,1
1541,39,-0.568954,-0.021062,-0.033195,-0.153888,1,1
1557,39,-0.516853,-0.072162,-0.098405,-0.170611,1,1
1524,39,-0.573605,0.063455,0.006175,-0.079414,1,1
1527,39,-0.603287,0.021471,-0.020479,0.020910,1,1
1578,40,-0.604434,0.047222,-0.011266,0.000395,1,1
1581,40,-0.624798,-0.024219,-0.095992,-0.272376,1,1
1567,40,-0.665200,-0.057265,-0.040286,0.022945,1,1
1570,40,-0.547947,-0.016077,0.031342,-0.018580,1,1
1589,40,-0.487449,-0.075785,-0.137829,-0.199569,1,1
1572,40,-0.557659,-0.041140,0.050842,-0.010655,1,1
1563,40,-0.563452,0.032898,-0.070476,0.002641,1,1
1569,40,-0.576230,-0.116690,0.033087,0.055085,1,1
1579,40,-0.572271,0.044905,0.039651,-0.031753,1,1
1573,40,-0.641697,-0.023628,0.028372,-0.082163,1,1
1585,40,-0.612471,-0.058276,-0.156320,-0.190224,1,1
1571,40,-0.532053,0.016926,0.028515,0.019559,1,1
1596,40,-0.586148,0.072445,-0.175642,-0.208254,1,1
1599,40,-0.553722,-0.066152,-0.127150,-0.259938,1,1
1587,40,-0.625119,-0.110238,-0.175204,-0.255670,1,1
1564,40,-0.474986,-0.003267,0.080704,0.005552,1,1
1591,40,-0.555493,-0.016132,-0.043350,-0.194597,1,1
1592,40,-0.502077,-0.048912,-0.082288,-0.145064,1,1
1594,40,-0.528776,-0.186951,-0.147466,-0.188188,0,1
1588,40,-0.610601,-0.053165,-0.106266,-0.126295,1,1
1561,40,-0.681377,-0.070567,0.011074,-0.033175,1,1
1580,40,-0.575019,-0.033175,-0.189288,-0.059867,1,1
1582,40,-0.635448,-0.055273,-0.082982,-0.147400,1,1
1576,40,-0.627901,0.013881,0.011798,0.066759,1,1
1590,40,-0.503196,-0.003683,-0.180552,-0.094848,1,1
1598,40,-0.621640,-0.075122,-0.094362,-0.150623,1,1
1568,40,-0.565694,-0.017788,-0.045806,0.101685,1,1
1562,40,-0.536450,0.047427,-0.017137,0.013727,1,1
1575,40,-0.502329,-0.011578,0.045787,0.026828,1,1
1597,40,-0.593259,-0.045245,-0.122813,-0.188912,1,1
1566,40,-0.636377,0.077640,0.044454,-0.008479,1,1
1574,40,-0.688199,-0.009267,0.028826,0.063418,1,1
1593,40,-0.629182,-0.126948,-0.036182,-0.120817,1,1
1586,40,-0.587581,0.051975,-0.116198,-0.152489,1,1
1560,40,-0.572709,0.002520,0.015902,-0.022697,1,1
1565,40,-0.474341,0.000467,-0.029170,0.030977,1,1
1577,40,-0.638202,-0.005040,-0.036049,0.055917,1,1
1583,40,-0.561143,-0.050229,-0.134824,-0.225313,1,1
1584,40,-0.530010,-0.018406,-0.122546,-0.133074,1,1
1595,40,-0.671304,-0.044576,-0.119823,-0.106608,1,1
1609,41,-0.521744,-0.018332,0.017048,-0.064193,1,1
1631,41,-0.573920,-0.039842,-0.036992,-0.188404,1,1
1617,41,-0.570397,-0.045020,0.033914,-0.045095,1,1
1615,41,-0.542591,0.032930,0.074507,0.061137,1,1
1620,41,-0.515442,-0.088058,-0.120692,-0.187686,1,1
1612,41,-0.600590,0.014267,0.071513,0.047643,1,1
1603,41,-0.496307,0.001002,-0.021201,0.023701,1,1
1604,41,-0.634562,0.029692,0.050372,0.020764,1,1
1629,41,-0.641849,0.032638,-0.156431,-0.167079,1,1
1633,41,-0.524729,-0.077834,-0.124186,-0.176015,1,1
1637,41,-0.681505,-0.028769,-0.102820,-0.164316,1,1
1632,41,-0.616655,-0.043223,-0.141100,-0.194711,1,1
1626,41,-0.603078,-0.050663,-0.107099,-0.134356,1,1
1627,41,-0.468405,-0.154117,-0.121440,-0.177999,0,1
1613,41,-0.558419,0.003416,-0.006304,0.044511,1,1
1611,41,-0.632148,0.037001,-0.009449,0.015730,1,1
1600,41,-0.569840,0.052901,0.029991,-0.006052,1,1
1614,41,-0.544187,0.023322,-0.000237,0.011633,1,1
1619,41,-0.590648,0.036294,0.006880,0.046988,1,1
1601,41,-0.570916,0.012579,-0.015011,-0.009202,1,1
1607,41,-0.565150,-0.017548,-0.056808,0.057429,1,1
1616,41,-0.689558,-0.071203,0.015397,0.165934,1,1
1622,41,-0.586802,0.009394,-0.137573,-0.261890,1,1
1636,41,-0.659452,-0.076335,-0.166572,-0.210797,1,1
1605,41,-0.591324,0.066517,-0.020208,-0.118709,1,1
1628,41,-0.600906,-0.141075,-0.210909,-0.201566,1,1
1630,41,-0.520612,-0.055329,-0.189361,-0.226264,1,1
1635,41,-0.495266,0.035132,-0.160700,-0.152696,1,1
1624,41,-0.508739,-0.059058,-0.180019,-0.235589,1,1
1639,41,-0.555951,-0.001785,-0.177312,-0.218618,1,1
1602,41,-0.671657,-0.027737,0.047000,-0.029627,1,1
1625,41,-0.625419,-0.066462,-0.086110,-0.223788,1,1
1634,41,-0.568622,-0.036590,-0.203263,-0.197202,1,1
1621,41,-0.618369,-0.038451,-0.060759,-0.164112,1,1
1623,41,-0.542578,-0.068593,-0.054978,-0.154563,1,1
1608,41,-0.607635,0.060055,0.067734,0.021980,1,1
1606,41,-0.573338,0.007516,-0.058399,0.003070,1,1
1638,41,-0.518428,-0.040961,-0.154441,-0.242963,1,1
1618,41,-0.568829,-0.029455,0.017606,0.041817,1,1
1610,41,-0.515443,0.008962,-0.047899,0.076770,1,1
1641,42,-0.647091,-0.061618,-0.090058,0.078178,1,1
1666,42,-0.562140,-0.156226,-0.091180,-0.165889,0,1
1667,42,-0.580016,-0.079740,-0.103112,-0.167920,1,1
1674,42,-0.503427,-0.096242,-0.027655,-0.215435,1,1
1653,42,-0.606824,-0.018078,0.025534,0.122893,1,1
1659,42,-0.512960,-0.064368,0.020928,0.150621,1,1
1649,42,-0.566798,0.009074,0.022034,0.134903,1,1
1663,42,-0.564847,-0.003944,-0.121221,-0.107276,1,1
1645,42,-0.615393,-0.033163,0.012069,0.041871,1,1
1652,42,-0.588024,0.057240,-0.038748,0.153114,1,1
1648,42,-0.556848,-0.060727,-0.026380,0.073840,1,1
1643,42,-0.651049,0.033881,-0.080542,0.051128,1,1
1657,42,-0.690595,0.068348,0.003231,0.105512,1,0
1644,42,-0.487732,-0.063421,0.032542,0.143596,1,1
1660,42,-0.523549,-0.018772,-0.046765,-0.125871,1,1
1655,42,-0.588132,-0.004965,-0.061199,0.171712,1,1
1679,42,-0.601682,-0.082635,-0.103494,-0.173192,1,1
1669,42,-0.499478,-0.008097,-0.132629,-0.242095,1,1
1658,42,-0.581523,0.031055,0.028022,0.159703,1,1
1677,42,-0.598973,-0.020302,-0.149072,-0.176899,1,1
1650,42,-0.656169,-0.004424,-0.060902,0.074947,1,1
1642,42,-0.557209,0.064696,0.102247,0.177826,1,1
1662,42,-0.655089,-0.009016,-0.092350,-0.147564,1,1
1651,42,-0.596265,0.003539,-0.071978,0.141217,1,1
1672,42,-0.508920,-0.066476,-0.067111,-0.153464,1,1
1640,42,-0.651867,0.144623,-0.045343,0.178305,1,0
1668,42,-0.501185,-0.092510,-0.162132,-0.216775,1,1
1675,42,-0.554040,-0.000154,-0.070783,-0.132426,1,1
1661,42,-0.576199,-0.044416,-0.121881,-0.191225,1,1
1646,42,-0.613369,-0.043422,-0.131606,0.161901,1,1
1678,42,-0.581492,0.008806,-0.137367,-0.151532,1,1
1656,42,-0.574755,0.038082,-0.009539,0.025951,1,1
1671,42,-0.672162,-0.055790,-0.077349,-0.130027,1,1
1676,42,-0.596594,-0.080368,-0.146490,-0.146515,1,1
1673,42,-0.496833,0.021835,-0.124187,-0.163685,1,1
1670,42,-0.547384,-0.102477,-0.239477,-0.150049,1,1
1647,42,-0.595431,-0.035253,-0.007233,0.184719,1,1
1654,42,-0.537352,0.001616,-0.092741,0.097283,1,1
1665,42,-0.582749,-0.100888,-0.123627,-0.227488,1,1
1664,42,-0.579562,-0.132809,-0.148417,-0.282841,1,1
1694,43,-0.598717,0.022891,-0.069715,0.061992,1,1
1703,43,-0.557166,-0.031506,-0.113121,-0.141966,1,1
1686,43,-0.564961,-0.057369,-0.052735,0.128011,1,1
1682,43,-0.569264,0.058393,-0.103924,0.152512,1,1
1693,43,-0.557821,0.021412,-0.072187,0.099077,1,1
1697,43,-0.568225,0.026931,-0.050905,0.038142,1,1
1699,43,-0.569637,0.016443,-0.046314,0.197958,1,1
1690,43,-0.653989,-0.055438,-0.105029,0.050674,1,1
1702,43,-0.594457,0.034866,-0.164603,-0.164332,1,1
1691,43,-0.480699,0.013499,-0.019824,0.129471,1,1
1706,43,-0.608908,-0.086077,-0.196251,-0.171269,1,1
1718,43,-0.544713,-0.128536,-0.097234,-0.168661,1,1
1698,43,-0.559472,-0.006289,-0.099789,0.146710,1,1
1689,43,-0.516292,-0.050663,0.010075,0.146918,1,1
1715,43,-0.590328,-0.036381,-0.165637,-0.201249,1,1
1714,43,-0.504507,-0.076660,-0.075036,-0.220587,1,1
1704,43,-0.527232,0.039503,-0.194647,-0.150549,1,1
1707,43,-0.590255,-0.034791,-0.194624,-0.274403,1,1
1710,43,-0.613783,-0.006057,-0.169804,-0.215544,1,1
1692,43,-0.506397,0.025857,-0.090197,0.090867,1,1
1709,43,-0.506142,-0.134792,-0.075728,-0.117632,0,1
1680,43,-0.628626,-0.037948,0.004756,0.191159,1,1
1713,43,-0.614687,-0.064777,-0.111171,-0.169401,1,1
1684,43,-0.565965,0.027015,-0.093208,0.167386,1,1
1696,43,-0.520623,0.044071,-0.009696,0.102856,1,1
1705,43,-0.575080,-0.038798,-0.012267,-0.135071,1,1
1701,43,-0.538747,-0.032262,-0.139406,-0.177315,1,1
1683,43,-0.637742,0.038281,0.029251,0.137791,1,1
1695,43,-0.666335,0.121595,-0.025395,0.170483,1,0
1716,43,-0.532516,-0.066701,-0.113444,-0.095142,1,1
1681,43,-0.563206,0.056378,0.059486,0.115163,1,1
1717,43,-0.567882,-0.018970,-0.145074,-0.258612,1,1
1711,43,-0.540299,-0.019624,-0.109320,-0.176920,1,1
1708,43,-0.608014,-0.036566,-0.115859,-0.195690,1,1
1719,43,-0.601790,-0.008421,-0.132567,-0.089669,1,1
1685,43,-0.553081,-0.034070,0.003279,0.139536,1,1
1700,43,-0.596775,-0.072892,-0.032196,-0.121913,1,1
1712,43,-0.583640,0.000176,-0.072267,-0.221689,1,1
1688,43,-0.545546,0.041706,0.000485,0.110055,1,1
1687,43,-0.628416,0.142428,0.005261,0.127007,1,0
1735,44,-0.616928,-0.016981,-0.080897,0.020535,1,1
1730,44,-0.626731,0.000961,-0.055840,0.131022,1,1
1751,44,-0.548208,-0.108498,-0.052486,0.055263,1,1
1753,44,-0.585409,-0.028494,-0.201945,0.089575,1,1
1723,44,-0.500331,0.001300,-0.050179,0.032925,1,1
1759,44,-0.611395,-0.074765,-0.177007,0.171003,1,1
1744,44,-0.591672,-0.080002,-0.128686,0.046421,1,1
1728,44,-0.600744,-0.076455,-0.131403,0.144872,1,1
1727,44,-0.587366,0.034503,-0.024935,0.145438,1,1
1729,44,-0.513160,0.024037,0.046334,0.040874,1,1
1731,44,-0.626262,-0.011135,-0.046440,0.084448,1,1
1754,44,-0.659612,-0.107555,-0.152795,0.053075,1,1
1757,44,-0.595709,-0.000650,-0.177821,0.078045,1,1
1740,44,-0.618271,0.024607,-0.185466,0.129596,1,1
1736,44,-0.610560,0.057488,-0.016091,0.073026,1,1
1732,44,-0.455293,0.039922,-0.010897,0.150478,1,1
1722,44,-0.572213,0.042517,0.046064,0.151292,1,1
1745,44,-0.572368,-0.000704,-0.134686,-0.039564,1,1
1749,44,-0.530981,-0.024973,-0.136501,0.031673,1,1
1750,44,-0.536242,-0.004079,-0.121692,0.066529,1,1
1724,44,-0.598798,0.017642,0.025407,0.034116,1,1
1752,44,-0.565565,0.033413,-0.221396,0.096941,1,1
1737,44,-0.512988,0.046287,-0.024845,0.098468,1,1
1748,44,-0.536831,-0.069047,-0.179601,0.094886,1,1
1739,44,-0.627650,-0.012170,0.054297,0.002240,1,1
1756,44,-0.581475,0.008891,-0.197602,0.029688,1,1
1738,44,-0.579884,-0.049342,-0.062446,0.033752,1,1
1721,44,-0.608630,-0.001695,-0.013739,0.133419,1,1
1725,44,-0.702794,-0.057339,0.108110,0.164186,1,1
1741,44,-0.571071,-0.031141,-0.246636,0.058549,1,1
1758,44,-0.476570,-0.154709,-0.057786,0.099469,0,1
1755,44,-0.573514,-0.038989,-0.172369,0.091206,1,1
1746,44,-0.590820,-0.017676,-0.132300,0.062931,1,1
1720,44,-0.614859,-0.033869,0.029559,0.103507,1,1
1733,44,-0.516903,-0.007463,-0.036495,0.123023,1,1
1734,44,-0.623938,0.096063,0.022190,0.099757,1,1
1742,44,-0.626534,-0.016911,-0.098887,0.023280,1,1
1743,44,-0.546697,0.025005,-0.210388,0.081329,1,1
1747,44,-0.591486,-0.053663,-0.196517,0.070035,1,1
1726,44,-0.587969,-0.058514,-0.018327,0.163122,1,1
1769,45,-0.663330,-0.099722,-0.010846,0.105007,1,1
1776,45,-0.656582,-0.010481,-0.032252,0.144000,1,1
1791,45,-0.651551,-0.003931,-0.170026,0.069237,1,1
1798,45,-0.608699,0.005996,-0.212816,0.052594,1,1
1794,45,-0.538237,-0.085342,-0.070765,0.013754,1,1
1777,45,-0.529460,0.038102,0.019209,0.110620,1,1
1774,45,-0.665129,0.040292,-0.025907,0.120969,1,1
1768,45,-0.589311,0.058849,-0.093916,0.124742,1,1
1767,45,-0.551275,-0.015706,-0.127133,0.129792,1,1
1799,45,-0.615255,-0.079457,-0.187784,0.018975,1,1
1765,45,-0.620421,-0.039931,0.037586,0.050295,1,1
1766,45,-0.504285,0.024059,0.015808,0.069104,1,1
1786,45,-0.617000,-0.100247,-0.145624,0.101323,1,1
1773,45,-0.584403,-0.024401,-0.046557,0.161125,1,1
1764,45,-0.505298,0.020322,-0.051887,0.161065,1,1
1782,45,-0.566173,-0.067664,-0.235020,0.114479,1,1
1760,45,-0.522537,0.073381,-0.063840,0.101897,1,1
1772,45,-0.695537,0.004658,-0.091988,0.109889,1,1
1796,45,-0.596040,0.008262,-0.175981,0.079307,1,1
1797,45,-0.560630,-0.018731,-0.029570,0.016995,1,1
1792,45,-0.515514,-0.007344,-0.118949,-0.007346,1,1
1763,45,-0.598998,-0.076369,-0.034343,0.137075,1,1
1789,45,-0.518847,0.022114,-0.182170,-0.020341,1,1
1778,45,-0.639090,0.043534,-0.054663,0.124180,1,1
1779,45,-0.572392,0.062648,0.040503,0.102418,1,1
1790,45,-0.521201,-0.022177,-0.231447,0.053219,1,1
1775,45,-0.574692,-0.004287,0.054155,0.033769,1,1
1795,45,-0.629355,0.033922,-0.189157,-0.094866,1,1
1770,45,-0.588188,0.093944,-0.069193,0.130861,1,1
1781,45,-0.578062,-0.036495,-0.195537,0.103611,1,1
1787,45,-0.612344,0.011558,-0.153632,0.000587,1,1
1784,45,-0.508707,-0.027314,-0.104849,0.099707,1,1
1788,45,-0.599055,-0.054634,-0.179368,0.087253,1,1
1783,45,-0.602324,-0.091111,-0.173256,0.069443,1,1
1762,45,-0.593846,-0.029631,-0.034739,0.036904,1,1
1771,45,-0.582302,0.037151,-0.087861,0.089814,1,1
1785,45,-0.595465,0.022429,-0.120134,0.046247,1,1
1780,45,-0.605763,-0.118205,-0.190534,0.036086,1,1
1793,45,-0.635292,-0.030198,-0.239459,0.065014,1,1
1761,45,-0.579788,-0.009882,-0.027205,0.086766,1,1
1825,46,-0.532539,-0.005429,-0.158745,0.104171,1,1
1824,46,-0.559142,0.066626,-0.179731,0.088301,1,1
1801,46,-0.503166,0.000386,0.045584,0.182240,1,1
1829,46,-0.592698,-0.064488,-0.089034,-0.015741,1,1
1830,46,-0.516752,0.007456,-0.210108,0.029305,1,1
1807,46,-0.506313,-0.047969,-0.004618,0.112641,1,1
1817,46,-0.594836,0.081311,-0.091958,0.078179,1,1
1811,46,-0.625011,0.107582,-0.010570,0.112807,1,0
1818,46,-0.538153,0.043965,-0.035988,-0.035175,1,1
1808,46,-0.642265,-0.044636,-0.013269,0.091641,1,1
1803,46,-0.572080,0.018059,0.008655,0.055749,1,1
1833,46,-0.585998,-0.052888,-0.185991,0.091705,1,1
1814,46,-0.549388,-0.015214,-0.003095,0.122129,1,1
1806,46,-0.656360,0.052855,-0.004291,0.082456,1,1
1819,46,-0.578946,0.018107,0.036751,0.172866,1,1
1805,46,-0.545849,0.021635,-0.092995,0.093243,1,1
1832,46,-0.619328,0.047158,-0.253204,0.040056,1,1
1821,46,-0.531090,-0.012543,-0.131024,0.046533,1,1
1804,46,-0.585577,0.030625,-0.030873,0.105759,1,1
1828,46,-0.613077,-0.044380,-0.115409,0.057900,1,1
1826,46,-0.568378,0.022658,-0.155782,0.150560,1,1
1800,46,-0.489269,0.032466,0.021148,0.035416,1,1
1827,46,-0.583900,-0.005332,-0.132576,0.152211,1,1
1822,46,-0.584955,-0.048406,-0.219059,0.058152,1,1
1809,46,-0.642394,-0.008360,-0.091654,0.132942,1,1
1835,46,-0.587323,0.050147,-0.074350,0.058912,1,1
1820,46,-0.554737,-0.069723,-0.215154,0.135631,1,1
1823,46,-0.587722,-0.047738,-0.137536,0.179029,1,1
1834,46,-0.631119,-0.046633,-0.104754,0.112393,1,1
1815,46,-0.584380,0.048875,-0.077876,0.046694,1,1
1816,46,-0.571075,-0.042548,-0.142567,0.176034,1,1
1836,46,-0.564355,0.002076,-0.165119,0.092694,1,1
1810,46,-0.641529,0.062509,0.028774,0.140586,1,1
1839,46,-0.532764,-0.120136,-0.269228,-0.012311,1,1
1831,46,-0.577508,-0.022065,-0.220887,-0.019066,1,1
1837,46,-0.552660,-0.045688,-0.104242,0.086636,1,1
1812,46,-0.534324,-0.017662,-0.072906,0.195239,1,1
1838,46,-0.579928,0.001302,-0.255151,0.055310,1,1
1802,46,-0.539329,-0.050430,-0.085727,0.148268,1,1
1813,46,-0.492939,0.043413,-0.040144,0.097509,1,1
1875,47,-0.639308,-0.034675,-0.083142,0.110992,1,1
1841,47,-0.599179,-0.013149,0.009857,0.054025,1,1
1867,47,-0.650703,-0.020228,-0.129173,0.061046,1,1
1855,47,-0.539385,0.054449,-0.044744,0.116610,1,1
1870,47,-0.679941,0.040282,-0.085707,0.091585,1,1
1865,47,-0.489698,0.004861,-0.147637,0.048395,1,1
1848,47,-0.600020,0.080971,-0.017225,0.172884,1,1
1878,47,-0.584580,-0.020441,-0.185259,0.185003,1,1
1858,47,-0.615585,-0.001705,-0.038159,0.186924,1,1
1851,47,-0.672281,0.058959,-0.007778,0.081614,1,1
1863,47,-0.576728,0.005140,-0.169847,0.033707,1,1
1847,47,-0.634248,0.006130,0.055042,0.093059,1,1
1859,47,-0.540040,-0.031347,-0.033094,0.198044,1,1
1864,47,-0.576002,-0.006290,-0.133559,-0.019544,1,1
1844,47,-0.640927,0.082167,-0.116849,0.076042,1,1
1869,47,-0.520436,-0.026725,-0.243604,0.145487,1,1
1842,47,-0.578521,-0.058537,-0.073117,0.034799,1,1
1873,47,-0.558892,-0.063869,-0.148420,-0.005337,1,1
1856,47,-0.557506,-0.058958,-0.065722,0.045167,1,1
1874,47,-0.597367,-0.095074,-0.213520,0.085135,1,1
1866,47,-0.558432,-0.035325,-0.292550,0.064135,1,1
1840,47,-0.598395,-0.052978,-0.078739,0.107037,1,1
1871,47,-0.568375,-0.014345,-0.124621,0.139022,1,1
1877,47,-0.622081,-0.033731,-0.084175,-0.010394,1,1
1876,47,-0.606480,-0.044282,-0.175729,0.051015,1,1
1849,47,-0.547194,-0.085221,0.029201,0.002451,1,1
1845,47,-0.624565,0.004496,-0.024049,0.195058,1,1
1854,47,-0.613875,-0.020974,-0.003240,0.089119,1,1
1846,47,-0.600626,0.069634,-0.078957,0.131569,1,1
1853,47,-0.605778,0.034442,0.052045,0.114213,1,1
1879,47,-0.532784,-0.093228,-0.216554,0.103071,1,1
1857,47,-0.638328,-0.057825,-0.060518,0.117554,1,1
1862,47,-0.602793,-0.036358,-0.129850,0.049668,1,1
1852,47,-0.570353,-0.039799,-0.017256,0.136035,1,1
1868,47,-0.704455,-0.036623,-0.151275,0.102490,1,1
1860,47,-0.553780,-0.157599,-0.110155,0.018874,0,1
1843,47,-0.596214,-0.072088,-0.027678,0.108801,1,1
1850,47,-0.608777,0.071631,-0.101881,0.127541,1,1
1872,47,-0.602682,-0.022820,-0.118213,0.093545,1,1
1861,47,-0.580684,0.006834,-0.105457,0.085690,1,1
1880,48,-0.571572,-0.006178,-0.056800,0.121099,1,1
1914,48,-0.588983,0.013784,-0.135141,0.144167,1,1
1919,48,-0.613880,0.020054,-0.149935,0.003298,1,1
1906,48,-0.574218,-0.003769,-0.159412,0.062204,1,1
1902,48,-0.512911,-0.051361,-0.131290,0.073782,1,1
1886,48,-0.564812,-0.014555,-0.071506,0.186196,1,1
1900,48,-0.552852,0.008122,-0.169903,0.046087,1,1
1892,48,-0.581974,0.028280,-0.041676,0.149406,1,1
1904,48,-0.539269,0.010872,-0.215761,0.046231,1,1
1899,48,-0.578946,-0.066306,0.007457,0.114296,1,1
1889,48,-0.581410,0.099483,-0.050176,0.152800,1,1
1897,48,-0.578612,-0.031370,-0.041779,0.162314,1,1
1913,48,-0.524960,0.020202,-0.122415,0.057912,1,1
1884,48,-0.562939,-0.093872,-0.052929,0.216797,1,1
1909,48,-0.559597,-0.060790,-0.120711,0.011895,1,1
1888,48,-0.523241,0.035849,-0.026428,0.109457,1,1
1891,48,-0.580013,0.167074,-0.048686,0.169252,1,0
1895,48,-0.601515,0.001020,-0.063256,0.087173,1,1
1918,48,-0.501961,-0.058240,-0.143650,0.023112,1,1
1901,48,-0.610357,-0.052146,-0.173118,-0.012183,1,1
1917,48,-0.519987,-0.074778,-0.239708,-0.003939,1,1
1898,48,-0.536794,0.016868,0.012478,0.124315,1,1
1885,48,-0.597253,0.017288,-0.004030,0.062876,1,1
1894,48,-0.634069,-0.083137,-0.015708,0.049208,1,1
1907,48,-0.578996,-0.033635,-0.186309,0.125688,1,1
1887,48,-0.570315,0.023921,0.072446,0.137618,1,1
1910,48,-0.524731,0.009253,-0.164302,0.102708,1,1
1883,48,-0.555815,-0.012217,0.048656,0.139217,1,1
1903,48,-0.570386,-0.009126,-0.198385,0.154647,1,1
1911,48,-0.531772,-0.057941,-0.134122,0.016885,1,1
1912,48,-0.604359,-0.041024,-0.195759,0.090341,1,1
1882,48,-0.545978,0.085869,0.005555,0.031398,1,1
1896,48,-0.594267,0.115911,-0.017390,0.175957,1,0
1908,48,-0.542482,-0.004312,-0.083035,0.088394,1,1
1916,48,-0.529081,-0.039999,-0.200967,-0.026063,1,1
1905,48,-0.556230,-0.004530,-0.209197,0.054145,1,1
1890,48,-0.616371,-0.055879,-0.055480,0.205387,1,1
1881,48,-0.556759,-0.062485,-0.097440,0.083556,1,1
1915,48,-0.546334,-0.095488,-0.089165,0.019712,1,1
1893,48,-0.481191,-0.052149,-0.072268,0.129693,1,1
1937,49,-0.614258,-0.037467,-0.002030,0.108559,1,1
1947,49,-0.565254,-0.049294,-0.201780,0.060664,1,1
1957,49,-0.532940,-0.080765,-0.176737,0.047888,1,1
1944,49,-0.587945,-0.098717,-0.195032,0.061839,1,1
1932,49,-0.523744,-0.005394,-0.022912,0.085805,1,1
1958,49,-0.556279,0.006604,-0.163859,0.123948,1,1
1943,49,-0.565494,-0.015126,-0.123513,0.117035,1,1
1939,49,-0.555131,-0.045220,-0.043051,0.109438,1,1
1938,49,-0.539566,0.026861,-0.092021,0.097101,1,1
1923,49,-0.521605,-0.017360,-0.008387,0.077947,1,1
1942,49,-0.585684,-0.029669,-0.132528,0.058239,1,1
1930,49,-0.592200,0.075823,-0.110826,0.100885,1,1
1946,49,-0.600567,-0.014956,-0.287946,0.155560,1,1
1956,49,-0.560308,-0.040369,-0.172317,0.089697,1,1
1950,49,-0.521232,-0.005531,-0.021459,0.049776,1,1
1928,49,-0.564542,-0.055133,-0.028837,0.185035,1,1
1948,49,-0.560090,-0.014549,-0.199122,0.002842,1,1
1952,49,-0.546890,-0.072610,-0.189290,0.102803,1,1
1934,49,-0.674927,0.041799,-0.081825,0.121294,1,1
1935,49,-0.576194,-0.042297,0.015899,0.061406,1,1
1945,49,-0.422385,-0.082293,-0.089029,0.082147,0,1
1933,49,-0.508368,0.037637,0.056334,0.108072,1,1
1924,49,-0.585704,0.030737,0.142674,0.125489,1,1
1953,49,-0.584848,-0.024766,-0.187119,0.086301,1,1
1921,49,-0.720435,0.046237,-0.130590,0.104352,1,0
1920,49,-0.664987,0.113561,0.017920,0.120111,1,0
1959,49,-0.622612,-0.050342,-0.142503,0.136130,1,1
1951,49,-0.535905,-0.123961,-0.125647,0.041886,1,1
1954,49,-0.558375,-0.047766,-0.071637,0.002303,1,1
1922,49,-0.624898,0.092138,-0.020637,0.101159,1,1
1925,49,-0.508046,-0.044931,-0.092478,0.093670,1,1
1955,49,-0.538400,-0.058104,-0.195324,0.103695,1,1
1940,49,-0.580646,0.103939,-0.213745,0.106558,1,1
1926,49,-0.571264,0.090151,-0.018754,0.069992,1,1
1927,49,-0.538210,-0.026915,0.019067,0.086305,1,1
1941,49,-0.582855,-0.001958,-0.141305,0.047142,1,1
1936,49,-0.603396,-0.031043,-0.061622,0.103778,1,1
1929,49,-0.597010,0.035245,-0.043580,0.091176,1,1
1931,49,-0.625187,0.059889,0.037551,0.118006,1,1
1949,49,-0.586688,0.082973,-0.175281,0.202179,1,1
1993,50,-0.521075,-0.092522,-0.201801,0.099697,1,1
1985,50,-0.543726,-0.064127,-0.216929,0.151209,1,1
1984,50,-0.620801,-0.048533,-0.178707,0.125862,1,1
1990,50,-0.628282,-0.014766,-0.065659,0.072598,1,1
1996,50,-0.531882,-0.142216,-0.202626,0.071075,0,1
1973,50,-0.554128,0.043679,-0.090368,0.151979,1,1
1982,50,-0.630539,-0.082845,-0.242703,0.103161,1,1
1977,50,-0.651676,0.023357,0.025972,0.195721,1,1
1976,50,-0.597152,0.067513,-0.048177,0.089071,1,1
1962,50,-0.554563,-0.026031,0.031391,0.061793,1,1
1997,50,-0.633856,-0.064114,-0.112438,0.039352,1,1
1998,50,-0.610342,-0.063593,-0.098148,0.046382,1,1
1974,50,-0.632847,0.114533,-0.034651,0.132028,1,0
1989,50,-0.483377,-0.039839,-0.115905,0.014608,1,1
1971,50,-0.562006,-0.072125,-0.019745,0.287563,1,1
1960,50,-0.520957,-0.032408,-0.008202,0.123227,1,1
1968,50,-0.489204,-0.001969,-0.014347,0.009922,1,1
1988,50,-0.561368,-0.069945,-0.195396,0.142096,1,1
1986,50,-0.671631,-0.056474,-0.097336,0.056967,1,1
1970,50,-0.665911,-0.040952,-0.038989,0.104173,1,1
1979,50,-0.589708,0.002846,0.021610,0.169630,1,1
1983,50,-0.560171,-0.050064,-0.171629,0.060181,1,1
1963,50,-0.620409,0.052744,-0.117130,0.057995,1,1
1972,50,-0.555907,-0.002704,-0.014233,0.176296,1,1
1994,50,-0.623835,-0.000171,-0.215246,0.054152,1,1
1969,50,-0.672250,-0.010626,-0.087549,0.037594,1,1
1980,50,-0.558578,0.023952,-0.252578,0.031895,1,1
1991,50,-0.569989,-0.018234,-0.174160,-0.028148,1,1
1975,50,-0.726191,0.066826,-0.024578,0.143460,1,0
1992,50,-0.585806,-0.038748,-0.132758,0.140178,1,1
1995,50,-0.614679,-0.079450,-0.131664,0.029789,1,1
1961,50,-0.530761,0.013382,-0.050132,0.177242,1,1
1967,50,-0.601919,0.033440,-0.113641,0.111774,1,1
1964,50,-0.614775,-0.040300,-0.071272,0.094138,1,1
1987,50,-0.591229,0.024680,-0.206245,0.097383,1,1
1999,50,-0.520673,-0.005122,-0.192676,0.063022,1,1
1966,50,-0.616237,-0.023398,0.047986,0.030567,1,1
1981,50,-0.589648,-0.031606,-0.240245,0.061839,1,1
1965,50,-0.621517,-0.045372,-0.085106,0.022714,1,1
1978,50,-0.690690,0.024645,0.007465,-0.005369,1,1
2019,51,-0.661651,-0.079776,-0.039084,0.082563,1,1
2027,51,-0.519919,-0.056665,-0.161070,0.088963,1,1
2002,51,-0.602771,0.045118,0.026228,0.130205,1,1
2016,51,-0.617581,0.128750,-0.105031,0.112942,1,0
2009,51,-0.566610,-0.094763,0.016545,0.072218,1,1
2039,51,-0.535491,0.007794,-0.311766,0.022923,1,1
2037,51,-0.582168,-0.049991,-0.146234,0.073132,1,1
2033,51,-0.613604,-0.038918,-0.225638,0.005173,1,1
2010,51,-0.587671,-0.118360,-0.046534,0.032019,1,1
2008,51,-0.578524,0.045415,-0.039945,0.122201,1,1
2011,51,-0.618654,0.017859,0.012140,0.068533,1,1
2021,51,-0.493296,-0.036697,-0.191080,0.107812,1,1
2036,51,-0.564247,-0.190185,-0.203358,0.108754,0,1
2032,51,-0.466929,0.001500,-0.179550,0.050496,1,1
2026,51,-0.576062,-0.036739,-0.187950,0.050329,1,1
2020,51,-0.648590,-0.026789,-0.230503,0.153708,1,1
2023,51,-0.593942,-0.001302,-0.205131,0.055152,1,1
2013,51,-0.570008,0.003856,-0.046510,0.171546,1,1
2028,51,-0.473092,-0.026441,-0.186480,0.135306,1,1
2015,51,-0.568140,0.017454,-0.082719,0.091587,1,1
2007,51,-0.604198,-0.091125,-0.047169,0.164867,1,1
2018,51,-0.535110,0.062284,-0.056224,0.090046,1,1
2006,51,-0.591705,-0.032662,0.026930,0.148218,1,1
2030,51,-0.711048,-0.099987,-0.144667,0.176704,0,1
2022,51,-0.627519,-0.070972,-0.273257,0.091806,1,1
2005,51,-0.505121,-0.039635,0.006535,0.088872,1,1
2025,51,-0.621361,0.056735,-0.174762,0.068641,1,1
2014,51,-0.608132,0.115881,-0.078499,0.071759,1,0
2003,51,-0.464616,-0.014342,-0.017027,0.187061,1,1
2012,51,-0.511571,-0.038014,0.032007,0.069266,1,1
2038,51,-0.566141,-0.062931,-0.142135,0.038913,1,1
2000,51,-0.595239,0.089526,0.006710,0.075613,1,1
2017,51,-0.540419,0.040066,-0.008557,0.122586,1,1
2034,51,-0.563304,-0.016424,-0.184418,0.066595,1,1
2001,51,-0.614211,-0.030321,-0.072541,0.126286,1,1
2031,51,-0.567989,-0.053134,-0.166453,-0.003876,1,1
2029,51,-0.503602,-0.026970,-0.203436,0.019884,1,1
2004,51,-0.564316,0.060310,0.050590,0.166698,1,1
2024,51,-0.567195,-0.098345,-0.138644,0.071484,1,1
2035,51,-0.522767,-0.097038,-0.222321,0.053417,1,1
2064,52,-0.490915,-0.084211,-0.214579,0.128596,1,1
2076,52,-0.507322,-0.058642,-0.142599,0.008665,1,1
2048,52,-0.605913,0.043056,-0.024827,0.093369,1,1
2047,52,-0.564303,-0.057007,0.066796,0.162104,1,1
2069,52,-0.558086,-0.020229,-0.159921,0.091046,1,1
2056,52,-0.615971,-0.022526,-0.106929,0.149428,1,1
2062,52,-0.615160,0.017967,-0.219413,0.132459,1,1
2073,52,-0.574494,-0.096359,-0.214409,0.133655,1,1
2041,52,-0.588803,0.080424,-0.031548,0.177227,1,1
2078,52,-0.579017,-0.055682,-0.144611,0.092222,1,1
2061,52,-0.576776,-0.100240,-0.097259,0.078373,1,1
2046,52,-0.489990,0.014144,-0.046882,0.116452,1,1
2072,52,-0.540718,-0.045678,-0.157887,0.065895,1,1
2040,52,-0.553956,-0.028503,-0.066322,0.082970,1,1
2070,52,-0.552887,-0.078540,-0.122154,0.132864,1,1
2057,52,-0.658330,0.020661,-0.010670,0.116683,1,1
2059,52,-0.576053,-0.033333,0.008018,0.141449,1,1
2071,52,-0.569518,-0.042365,-0.238175,0.116047,1,1
2054,52,-0.529034,-0.038013,-0.055754,0.141836,1,1
2042,52,-0.530661,0.028234,-0.011592,0.068460,1,1
2052,52,-0.644019,-0.048186,0.019607,0.003570,1,1
2055,52,-0.637057,-0.028892,-0.052429,0.079898,1,1
2060,52,-0.564105,-0.044165,-0.224778,0.168039,1,1
2079,52,-0.555203,-0.054994,-0.165791,0.078104,1,1
2044,52,-0.653538,-0.035448,-0.050365,0.135174,1,1
2075,52,-0.582723,-0.145097,-0.214845,0.066893,1,1
2066,52,-0.560619,-0.069854,-0.159917,0.079085,1,1
2068,52,-0.559913,0.047451,-0.151802,0.120987,1,1
2065,52,-0.576907,0.008623,-0.189847,0.048946,1,1
2063,52,-0.503654,-0.042586,-0.148084,0.113650,1,1
2051,52,-0.598769,-0.018032,-0.003007,0.150405,1,1
2049,52,-0.568628,0.024781,-0.014438,0.060237,1,1
2053,52,-0.574636,0.011492,-0.000743,0.045153,1,1
2043,52,-0.593473,-0.042294,-0.014609,0.170692,1,1
2058,52,-0.544934,0.065244,0.029859,0.067533,1,1
2050,52,-0.535052,0.095172,0.003038,0.126974,1,1
2077,52,-0.553401,0.070435,-0.188557,0.069520,1,1
2074,52,-0.576927,-0.107515,-0.139322,0.080916,1,1
2067,52,-0.580817,-0.009941,-0.116138,0.053967,1,1
2045,52,-0.599396,-0.097005,0.014245,0.118177,1,1
2117,53,-0.596984,0.014527,-0.181600,0.102381,1,1
2085,53,-0.547139,-0.033181,-0.023544,0.107547,1,1
2118,53,-0.601787,-0.074543,-0.097444,-0.000468,1,1
2119,53,-0.510775,-0.039729,-0.175699,0.011898,1,1
2090,53,-0.600875,0.020490,0.009375,0.083144,1,1
2083,53,-0.620565,0.061038,-0.008381,0.188144,1,1
2100,53,-0.496186,-0.078863,-0.322987,-0.046596,1,1
2110,53,-0.597297,-0.046631,-0.201168,-0.025114,1,1
2114,53,-0.532279,-0.150842,-0.193421,0.040767,0,1
2107,53,-0.589139,-0.040539,-0.150207,0.158003,1,1
2109,53,-0.563670,-0.027386,-0.229039,-0.022474,1,1
2093,53,-0.532096,-0.030316,0.061699,0.123827,1,1
2080,53,-0.631840,0.028658,-0.078297,0.154305,1,1
2098,53,-0.561039,-0.009225,-0.067269,0.164491,1,1
2091,53,-0.467319,0.030313,-0.004835,0.157881,1,1
2116,53,-0.540320,-0.046249,-0.144195,0.078541,1,1
2082,53,-0.677658,-0.033856,-0.020335,0.107772,1,1
2095,53,-0.579876,-0.019015,-0.058452,0.081140,1,1
2104,53,-0.617256,-0.077955,-0.128578,0.038212,1,1
2089,53,-0.664106,-0.020842,-0.033972,0.153916,1,1
2084,53,-0.576728,-0.026344,0.004768,0.093133,1,1
2081,53,-0.604576,0.048406,-0.040076,0.180790,1,1
2108,53,-0.590683,0.008815,-0.145591,0.089774,1,1
2112,53,-0.547618,-0.060789,-0.146966,0.030326,1,1
2097,53,-0.576644,-0.015974,0.013216,0.168809,1,1
2099,53,-0.615505,-0.040437,-0.015696,0.190834,1,1
2094,53,-0.570214,0.037901,-0.006009,0.131526,1,1
2111,53,-0.665521,-0.031983,-0.193601,0.118150,1,1
2113,53,-0.520693,0.095150,-0.074714,-0.009684,1,1
2105,53,-0.546652,-0.138958,-0.119714,0.092567,1,1
2106,53,-0.457000,-0.004836,-0.173232,0.040332,1,1
2096,53,-0.550003,0.022769,-0.035507,0.164318,1,1
2101,53,-0.690080,-0.061902,-0.143736,0.030450,1,1
2087,53,-0.570053,-0.070100,-0.031424,0.111878,1,1
2086,53,-0.499200,-0.039685,-0.015148,0.023405,1,1
2088,53,-0.552815,-0.038792,-0.014841,0.020816,1,1
2092,53,-0.512926,0.009231,0.050828,0.059503,1,1
2103,53,-0.602391,-0.065978,-0.104258,0.060296,1,1
2102,53,-0.584817,0.004142,-0.229274,0.011075,1,1
2115,53,-0.538370,-0.151742,-0.151683,0.085227,0,1
2146,54,-0.453057,0.000395,-0.231419,0.072634,1,1
2127,54,-0.543609,0.015971,-0.087298,0.141864,1,1
2137,54,-0.632281,-0.054915,-0.061636,0.112817,1,1
2126,54,-0.580546,-0.129606,-0.094922,0.097836,1,1
2144,54,-0.655348,0.036504,-0.173666,0.055977,1,1
2139,54,-0.496968,0.001652,-0.025920,0.197466,1,1
2129,54,-0.549898,0.007153,-0.085160,0.199891,1,1
2148,54,-0.548442,-0.026400,-0.175118,0.092935,1,1
2138,54,-0.596148,-0.046535,0.074418,0.076008,1,1
2143,54,-0.672449,-0.056593,-0.166526,0.028241,1,1
2130,54,-0.570555,-0.044936,-0.001523,0.158228,1,1
2133,54,-0.526278,0.072962,0.023976,0.073499,1,1
2149,54,-0.562437,-0.024818,-0.155294,0.019695,1,1
2158,54,-0.616483,0.064141,-0.186110,0.045653,1,1
2141,54,-0.482243,-0.048739,-0.212672,0.141750,1,1
2145,54,-0.550520,-0.012264,-0.216424,0.080653,1,1
2151,54,-0.571788,-0.003974,-0.188418,0.095708,1,1
2150,54,-0.588025,0.019879,-0.134610,0.145828,1,1
2140,54,-0.692128,-0.054900,-0.181443,0.111059,1,1
2131,54,-0.532812,0.013717,-0.084720,0.196642,1,1
2124,54,-0.603749,-0.051078,0.043246,0.058059,1,1
2154,54,-0.658927,0.009296,-0.096529,0.140625,1,1
2142,54,-0.505448,-0.034966,-0.180946,0.116877,1,1
2134,54,-0.565959,-0.098137,-0.008528,0.047408,1,1
2120,54,-0.574421,0.044066,0.025564,0.147220,1,1
2159,54,-0.597600,-0.089866,-0.135858,0.124204,1,1
2153,54,-0.492911,-0.041921,-0.134933,0.090611,1,1
2121,54,-0.546034,0.013311,-0.016142,0.042166,1,1
2135,54,-0.553779,0.094679,-0.037058,0.156547,1,1
2128,54,-0.490850,0.049959,-0.098115,0.006537,1,1
2156,54,-0.495797,-0.006782,-0.176858,0.066324,1,1
2122,54,-0.587636,-0.025620,-0.026678,0.083602,1,1
2123,54,-0.635687,0.026562,-0.032730,0.039422,1,1
2155,54,-0.500769,0.013285,-0.163333,0.032790,1,1
2147,54,-0.473178,0.032983,-0.179413,-0.027121,1,1
2157,54,-0.541623,0.008869,-0.161291,0.011510,1,1
2136,54,-0.597197,0.107134,-0.038113,0.154790,1,1
2132,54,-0.574220,-0.003928,-0.008469,0.038120,1,1
2125,54,-0.566386,-0.008946,0.016258,0.118502,1,1
2152,54,-0.498099,-0.102541,-0.102830,0.027238,1,1
2187,55,-0.533941,0.003074,-0.195567,0.089054,1,1
2163,55,-0.637972,0.037310,-0.003755,0.133537,1,1
2191,55,-0.617359,-0.004316,-0.151194,0.125586,1,1
2171,55,-0.614858,-0.017884,-0.029045,0.104920,1,1
2196,55,-0.564311,-0.034395,-0.113455,0.076636,1,1
2183,55,-0.535188,0.068593,-0.223732,0.094738,1,1
2161,55,-0.624454,-0.044180,-0.018103,0.078973,1,1
2173,55,-0.668708,0.036059,-0.033933,0.099536,1,1
2194,55,-0.479726,-0.020541,-0.104848,0.086371,1,1
2172,55,-0.427059,-0.014386,-0.024838,0.010280,1,1
2195,55,-0.544836,-0.068602,-0.158979,0.072540,1,1
2188,55,-0.534554,-0.050591,-0.097213,0.100079,1,1
2184,55,-0.588766,-0.026694,-0.201075,0.096488,1,1
2168,55,-0.676848,0.048904,0.004798,0.101606,1,1
2169,55,-0.635554,0.095186,-0.006567,0.108884,1,1
2176,55,-0.588650,-0.012256,-0.038716,0.034406,1,1
2165,55,-0.601170,-0.058668,-0.089394,0.099897,1,1
2186,55,-0.530565,-0.004858,-0.188366,0.089418,1,1
2198,55,-0.563421,-0.047393,-0.167101,0.151467,1,1
2199,55,-0.478526,-0.028768,-0.205537,0.063179,1,1
2179,55,-0.657440,0.022847,-0.039002,0.189971,1,1
2162,55,-0.562828,0.014371,-0.070938,0.066401,1,1
2197,55,-0.592525,0.059807,-0.202802,0.140543,1,1
2189,55,-0.569300,0.038506,-0.178153,0.095058,1,1
2166,55,-0.585284,-0.034017,-0.007853,0.104352,1,1
2167,55,-0.642751,-0.002098,-0.028523,0.130016,1,1
2164,55,-0.610212,0.023964,-0.020992,0.157991,1,1
2180,55,-0.623278,-0.061150,-0.157382,0.060916,1,1
2178,55,-0.581306,0.020735,0.001993,0.124754,1,1
2182,55,-0.639892,-0.019001,-0.110417,0.108165,1,1
2192,55,-0.528340,-0.010912,-0.167009,0.030581,1,1
2181,55,-0.493661,-0.022343,-0.117467,0.054179,1,1
2174,55,-0.542017,0.044387,-0.008407,0.127984,1,1
2190,55,-0.609648,-0.080565,-0.187097,0.179886,1,1
2177,55,-0.548631,0.070573,-0.014033,0.198228,1,1
2193,55,-0.562465,-0.045094,-0.134852,0.136704,1,1
2160,55,-0.632910,0.004702,-0.034767,0.115936,1,1
2170,55,-0.626866,0.012466,-0.055056,0.145123,1,1
2175,55,-0.602459,-0.041211,-0.006882,0.123965,1,1
2185,55,-0.564552,-0.045144,-0.194557,0.097352,1,1
2228,56,-0.573922,-0.060225,-0.072884,0.081209,1,1
2237,56,-0.421831,-0.010683,-0.174358,0.128935,0,1
2205,56,-0.520236,-0.101741,-0.121188,0.112251,1,1
2230,56,-0.571632,0.046541,-0.191487,-0.019645,1,1
2208,56,-0.634172,-0.040114,0.033354,0.096727,1,1
2233,56,-0.570037,0.009850,-0.087012,0.080854,1,1
2211,56,-0.648651,-0.009127,0.024959,0.100332,1,1
2216,56,-0.672569,0.120241,-0.046707,0.066262,1,0
2234,56,-0.581677,-0.046076,-0.160069,0.038581,1,1
2201,56,-0.665486,-0.012957,0.060481,0.087034,1,1
2239,56,-0.520934,-0.128156,-0.210027,0.094477,1,1
2214,56,-0.679829,-0.065446,0.019026,0.166117,1,1
2215,56,-0.607288,0.053334,0.062210,0.150945,1,1
2213,56,-0.648517,0.057425,0.011913,0.201799,1,1
2224,56,-0.521564,0.035368,-0.173800,0.069586,1,1
2231,56,-0.547395,0.053540,-0.125130,0.095484,1,1
2221,56,-0.515982,-0.008036,-0.210165,0.141287,1,1
2238,56,-0.543269,0.007950,-0.164518,0.162076,1,1
2229,56,-0.482066,-0.072945,-0.141591,0.068497,1,1
2225,56,-0.524660,-0.085334,-0.136012,0.070427,1,1
2203,56,-0.595220,-0.015262,-0.029715,0.143135,1,1
2226,56,-0.444120,-0.003749,-0.025026,0.070763,1,1
2219,56,-0.541802,0.055367,-0.022157,0.010936,1,1
2200,56,-0.590251,0.032559,0.011796,0.142890,1,1
2206,56,-0.630261,-0.083065,-0.122410,0.148396,1,1
2204,56,-0.569288,0.071089,-0.108512,0.087192,1,1
2202,56,-0.637908,0.026104,-0.026292,0.085725,1,1
2223,56,-0.534451,-0.080539,-0.036969,0.044465,1,1
2236,56,-0.504907,0.002955,-0.125608,0.020808,1,1
2212,56,-0.596072,-0.007889,-0.019970,0.059522,1,1
2210,56,-0.624107,0.083761,-0.044440,0.057622,1,1
2207,56,-0.549397,-0.052909,0.016032,0.055474,1,1
2227,56,-0.578568,-0.101968,-0.202574,0.150874,1,1
2218,56,-0.616280,-0.045548,-0.034277,0.133860,1,1
2235,56,-0.587361,0.025165,-0.061130,0.106831,1,1
2217,56,-0.566424,0.132133,-0.013232,0.082773,1,0
2220,56,-0.580422,-0.005156,-0.150568,0.182541,1,1
2209,56,-0.592804,0.053618,0.031862,0.113206,1,1
2222,56,-0.642630,-0.020260,-0.091683,0.066276,1,1
2232,56,-0.506633,0.025946,-0.089823,0.124991,1,1
2252,57,-0.612105,-0.025009,-0.037955,0.174281,1,1
2242,57,-0.523241,-0.024923,-0.041915,0.011516,1,1
2263,57,-0.576264,-0.016744,-0.150536,0.089332,1,1
2248,57,-0.687979,0.020591,0.026938,0.173273,1,1
2262,57,-0.598393,-0.052414,-0.281369,0.013507,1,1
2243,57,-0.619585,0.034659,0.087661,0.152249,1,1
2268,57,-0.542803,0.029668,-0.167929,0.036043,1,1
2257,57,-0.574070,-0.026379,-0.015409,0.123224,1,1
2249,57,-0.636459,0.046191,-0.120637,0.141911,1,1
2274,57,-0.555251,0.059314,-0.140908,0.043149,1,1
2272,57,-0.532641,0.044550,-0.148651,-0.028764,1,1
2259,57,-0.616832,-0.010164,-0.055527,0.101567,1,1
2264,57,-0.536144,-0.093810,-0.155260,0.088265,1,1
2275,57,-0.582043,0.008927,-0.199171,0.081721,1,1
2270,57,-0.518111,-0.093853,-0.220955,0.029119,1,1
2246,57,-0.631384,-0.032421,-0.044310,0.136156,1,1
2261,57,-0.554936,0.001824,-0.213616,-0.035858,1,1
2240,57,-0.637900,0.022086,-0.017611,0.107066,1,1
2245,57,-0.516747,-0.021772,-0.032528,0.148228,1,1
2244,57,-0.616032,-0.049167,-0.110443,0.105355,1,1
2265,57,-0.460047,-0.047391,-0.240523,0.038250,1,1
2273,57,-0.604516,-0.021424,-0.135441,0.022662,1,1
2278,57,-0.636874,-0.078994,-0.098499,0.081378,1,1
2250,57,-0.528969,0.109731,-0.054594,0.101893,1,1
2269,57,-0.560055,-0.024287,-0.230829,0.121418,1,1
2267,57,-0.555962,-0.042183,-0.184385,0.066335,1,1
2251,57,-0.608833,-0.021692,-0.046914,0.142362,1,1
2256,57,-0.618941,0.006382,-0.075021,0.095206,1,1
2277,57,-0.544262,-0.084913,-0.198900,0.041236,1,1
2254,57,-0.570133,0.078974,-0.022528,0.126101,1,1
2258,57,-0.572135,0.024225,-0.030848,0.029267,1,1
2247,57,-0.589043,-0.060678,-0.038611,0.203835,1,1
2266,57,-0.622546,0.049830,-0.152344,0.165060,1,1
2276,57,-0.487942,-0.060106,-0.196750,0.087575,1,1
2279,57,-0.572261,0.064871,-0.161627,0.036122,1,1
2253,57,-0.592550,-0.050143,-0.064974,0.125568,1,1
2260,57,-0.556167,0.004568,-0.157713,0.088096,1,1
2241,57,-0.625092,0.063437,-0.016933,0.036650,1,1
2255,57,-0.688069,0.018733,-0.009366,0.139683,1,1
2271,57,-0.538885,0.003554,-0.185091,0.128937,1,1
2297,58,-0.565208,0.037664,-0.103169,0.169286,1,1
2293,58,-0.516696,-0.037124,-0.015975,0.124138,1,1
2296,58,-0.559465,-0.022009,0.033421,0.130442,1,1
2291,58,-0.593074,-0.032058,-0.074245,0.199014,1,1
2301,58,-0.577823,-0.017544,-0.211694,0.088429,1,1
2309,58,-0.498241,-0.023109,-0.156136,-0.007854,1,1
2282,58,-0.594148,-0.009363,-0.124518,0.168444,1,1
2298,58,-0.555674,0.056606,-0.037384,0.149796,1,1
2292,58,-0.642313,0.034722,-0.020069,0.101724,1,1
2280,58,-0.604197,-0.021882,-0.054808,0.113969,1,1
2289,58,-0.577134,0.032503,-0.032452,0.116233,1,1
2286,58,-0.721373,0.063548,-0.072664,0.102205,1,0
2290,58,-0.725564,0.003419,0.050824,0.115898,1,0
2284,58,-0.617855,0.048438,-0.159241,0.084896,1,1
2314,58,-0.519657,0.002084,-0.109596,0.063403,1,1
2304,58,-0.560410,-0.037136,-0.089819,0.076570,1,1
2287,58,-0.531577,-0.009244,-0.067929,0.137859,1,1
2312,58,-0.522344,-0.084313,-0.179555,0.102232,1,1
2310,58,-0.593946,0.032863,-0.096611,0.138250,1,1
2294,58,-0.561594,0.000403,-0.021029,0.163292,1,1
2319,58,-0.541341,0.035671,-0.269735,0.098348,1,1
2317,58,-0.575459,-0.021957,-0.244324,0.068549,1,1
2299,58,-0.590361,0.030969,-0.102800,0.093242,1,1
2281,58,-0.488764,-0.046453,0.046547,0.126863,1,1
2315,58,-0.712020,-0.030097,-0.134545,0.190470,1,1
2288,58,-0.648770,-0.006059,0.036464,0.124929,1,1
2311,58,-0.576098,-0.061487,-0.215474,0.095782,1,1
2300,58,-0.539192,-0.044997,-0.207949,0.071701,1,1
2305,58,-0.509074,0.004333,-0.190028,0.055444,1,1
2306,58,-0.623843,0.025644,-0.109745,0.031145,1,1
2308,58,-0.595149,0.044066,-0.192710,0.029225,1,1
2307,58,-0.599819,-0.107945,-0.131536,0.037149,1,1
2313,58,-0.476942,-0.019428,-0.169278,0.042150,1,1
2283,58,-0.610567,-0.049233,-0.077653,0.165930,1,1
2316,58,-0.535129,0.018473,-0.107122,0.127081,1,1
2295,58,-0.608547,0.065957,-0.033664,0.104119,1,1
2318,58,-0.578657,-0.035053,-0.200103,0.015969,1,1
2303,58,-0.455503,-0.033340,-0.159463,0.049160,1,1
2285,58,-0.587827,-0.013182,0.033296,0.200946,1,1
2302,58,-0.569916,0.012814,-0.237670,0.000510,1,1
2321,59,-0.570737,-0.139287,-0.038542,0.134028,1,1
2324,59,-0.650970,0.066439,-0.005985,0.222336,1,1
2348,59,-0.558302,0.078809,-0.175743,0.126719,1,1
2340,59,-0.602992,0.102695,-0.234639,-0.029849,1,1
2323,59,-0.550804,0.017209,0.033098,0.083698,1,1
2329,59,-0.575768,0.009100,0.017176,0.066334,1,1
2332,59,-0.504026,0.055013,0.034664,0.145587,1,1
2355,59,-0.590517,-0.041783,-0.169841,0.034753,1,1
2335,59,-0.510540,0.006308,0.002932,0.075012,1,1
2336,59,-0.661529,0.041897,0.007864,0.028408,1,1
2342,59,-0.548352,-0.009775,-0.174994,0.033198,1,1
2339,59,-0.618491,0.022530,-0.033170,0.090833,1,1
2327,59,-0.501300,0.072995,-0.016782,0.179945,1,1
2325,59,-0.597363,-0.030163,-0.019269,0.079460,1,1
2343,59,-0.552632,0.036086,-0.170895,0.007344,1,1
2353,59,-0.563436,-0.086981,-0.199490,0.085628,1,1
2358,59,-0.613326,0.034544,-0.203032,0.013449,1,1
2345,59,-0.620381,0.113567,-0.240847,-0.011587,1,1
2349,59,-0.630025,0.072993,-0.189883,0.063162,1,1
2344,59,-0.573923,-0.105965,-0.166364,0.053396,1,1
2359,59,-0.593761,0.053322,-0.080431,0.110764,1,1
2338,59,-0.631236,-0.036353,0.001787,0.213488,1,1
2337,59,-0.620318,-0.005906,-0.053355,0.101052,1,1
2330,59,-0.542279,-0.012592,-0.112909,0.111931,1,1
2322,59,-0.613270,0.044814,0.035665,0.214645,1,1
2341,59,-0.528044,-0.055931,-0.167109,0.042903,1,1
2328,59,-0.689894,0.028856,-0.090371,0.098624,1,1
2354,59,-0.511629,0.001969,-0.138854,0.125959,1,1
2351,59,-0.561031,-0.066279,-0.127594,0.091930,1,1
2350,59,-0.512821,-0.060871,-0.197520,0.110912,1,1
2331,59,-0.576874,-0.006621,0.018722,0.139924,1,1
2356,59,-0.592271,-0.031305,-0.135816,0.084019,1,1
2347,59,-0.621135,0.052245,-0.226613,0.109677,1,1
2352,59,-0.492225,-0.021893,-0.195516,0.038923,1,1
2357,59,-0.579641,-0.007765,-0.152569,0.102864,1,1
2346,59,-0.629512,0.000282,-0.195442,0.092108,1,1
2320,59,-0.615143,-0.023153,-0.033893,0.152647,1,1
2326,59,-0.665994,-0.031018,-0.052978,0.188544,1,1
2334,59,-0.607542,-0.126428,-0.035129,0.155533,1,1
2333,59,-0.638683,-0.015191,0.027313,0.135294,1,1
2385,60,-0.561101,0.025731,-0.129714,0.095897,1,1
2373,60,-0.585711,0.023263,-0.052126,0.182324,1,1
2369,60,-0.621347,0.011409,-0.135920,0.168595,1,1
2374,60,-0.574580,0.006357,-0.025701,0.278355,1,1
2382,60,-0.564404,-0.008868,-0.210712,0.023006,1,1
2391,60,-0.572862,-0.089686,-0.167477,-0.011160,1,1
2366,60,-0.651738,0.006772,-0.023695,0.189151,1,1
2398,60,-0.513211,-0.020366,-0.157274,0.034844,1,1
2399,60,-0.573314,0.041327,-0.169449,0.046115,1,1
2394,60,-0.527291,-0.082942,-0.170333,0.053057,1,1
2387,60,-0.512080,-0.006632,-0.198352,0.089604,1,1
2397,60,-0.520307,0.017665,-0.155920,0.096076,1,1
2371,60,-0.670796,-0.010012,-0.087863,0.128997,1,1
2389,60,-0.566621,-0.024700,-0.170020,0.014175,1,1
2365,60,-0.466998,0.030813,-0.038804,0.112533,1,1
2395,60,-0.559419,-0.016784,-0.120294,0.078121,1,1
2386,60,-0.491828,-0.014168,-0.189044,0.107219,1,1
2364,60,-0.479793,-0.008160,-0.017814,0.142871,1,1
2367,60,-0.536503,0.017215,-0.028664,0.119044,1,1
2379,60,-0.555375,-0.008511,0.008649,0.017412,1,1
2393,60,-0.681389,0.001267,-0.133213,0.031524,1,1
2361,60,-0.625008,0.011720,0.031280,0.087712,1,1
2375,60,-0.477176,-0.018895,-0.018289,0.043977,1,1
2392,60,-0.604315,-0.026863,-0.158404,0.175540,1,1
2363,60,-0.656706,0.046373,-0.058037,0.009659,1,1
2390,60,-0.516150,-0.018549,-0.182362,0.033402,1,1
2362,60,-0.548506,0.068924,-0.011218,-0.003920,1,1
2383,60,-0.477331,0.021799,-0.128408,0.071780,1,1
2368,60,-0.481902,0.035804,-0.043357,0.079393,1,1
2380,60,-0.622198,-0.014857,-0.131894,0.058502,1,1
2370,60,-0.673312,0.002062,-0.060037,0.127057,1,1
2388,60,-0.528351,0.011319,-0.139984,0.144896,1,1
2384,60,-0.598905,0.029983,-0.188797,0.068379,1,1
2381,60,-0.458018,0.031509,-0.141163,0.057115,1,1
2372,60,-0.630990,-0.058654,-0.085060,0.009439,1,1
2360,60,-0.620910,-0.058753,-0.050210,0.078289,1,1
2376,60,-0.588409,0.020208,-0.023327,0.130030,1,1
2377,60,-0.521268,0.082213,0.006112,0.094728,1,1
2396,60,-0.554997,-0.023187,-0.181491,0.041101,1,1
2378,60,-0.596717,-0.010447,-0.061275,0.035718,1,1
2432,61,-0.529042,-0.062050,-0.152359,0.101831,1,1
2438,61,-0.530023,-0.094826,-0.213075,0.087452,1,1
2417,61,-0.594621,0.025088,-0.126653,0.111440,1,1
2420,61,-0.534253,0.054850,-0.233573,-0.017610,1,1
2415,61,-0.543193,0.061530,-0.012451,0.063706,1,1
2429,61,-0.614353,-0.090764,-0.135744,0.207554,1,1
2405,61,-0.571686,0.022360,-0.027000,0.207310,1,1
2403,61,-0.601218,0.095289,-0.074396,0.096704,1,1
2404,61,-0.496799,0.019776,-0.030657,0.164009,1,1
2419,61,-0.626156,-0.058725,0.057438,0.059009,1,1
2401,61,-0.514733,-0.110896,-0.037481,0.107106,1,1
2421,61,-0.566704,0.013602,-0.176321,0.083816,1,1
2408,61,-0.599499,-0.067675,0.012865,0.086590,1,1
2424,61,-0.592992,-0.002392,-0.225775,0.114087,1,1
2406,61,-0.526374,0.062797,-0.076468,0.106106,1,1
2437,61,-0.568146,-0.054659,-0.186459,0.091365,1,1
2410,61,-0.565608,0.060056,-0.025021,0.145320,1,1
2411,61,-0.549372,-0.039055,0.070364,0.151407,1,1
2425,61,-0.561570,-0.006700,-0.210034,-0.003974,1,1
2407,61,-0.593000,0.069963,-0.035233,0.083116,1,1
2427,61,-0.465768,0.137751,-0.090708,-0.020428,0,1
2428,61,-0.611341,-0.001249,-0.097554,0.128326,1,1
2433,61,-0.608920,0.032125,-0.231972,0.086256,1,1
2430,61,-0.508649,-0.079241,-0.150515,0.131073,1,1
2422,61,-0.471414,0.013398,-0.191336,0.107716,1,1
2412,61,-0.532834,0.009070,-0.071510,0.076783,1,1
2434,61,-0.562569,0.013307,-0.150331,0.005443,1,1
2436,61,-0.593462,0.010618,-0.096645,0.067898,1,1
2431,61,-0.543663,-0.024518,-0.146134,0.096505,1,1
2426,61,-0.549832,-0.000022,-0.241719,0.013737,1,1
2435,61,-0.621520,-0.010671,-0.162443,0.015433,1,1
2418,61,-0.548828,-0.037074,-0.069318,0.070053,1,1
2409,61,-0.501804,-0.023716,0.046829,0.078582,1,1
2423,61,-0.516063,-0.102521,-0.089539,0.083498,1,1
2416,61,-0.615086,0.061395,0.040275,0.182049,1,1
2400,61,-0.585770,-0.025688,-0.046604,0.159362,1,1
2413,61,-0.615025,0.035096,-0.021091,0.193726,1,1
2402,61,-0.613780,0.036936,-0.012494,0.162216,1,1
2439,61,-0.474400,-0.122711,-0.208500,0.057831,0,1
2414,61,-0.581180,-0.091236,-0.043100,-0.011926,1,1
2444,62,-0.613437,0.050326,-0.016586,0.040281,1,1
2464,62,-0.579178,0.018182,-0.333174,-0.069604,1,1
2448,62,-0.551170,0.023720,-0.047322,0.077757,1,1
2466,62,-0.544308,-0.091353,-0.367716,-0.149133,1,1
2445,62,-0.539746,0.052184,-0.010011,0.096384,1,1
2476,62,-0.492656,0.013862,-0.218421,-0.076294,1,1
2449,62,-0.575568,0.034168,-0.067632,0.086336,1,1
2474,62,-0.586639,-0.005362,-0.311319,-0.116399,1,1
2442,62,-0.529930,-0.021288,-0.025597,0.182599,1,1
2446,62,-0.550284,-0.033770,-0.043129,0.103010,1,1
2475,62,-0.582964,0.044345,-0.401928,-0.080454,1,1
2450,62,-0.607597,-0.032908,-0.059584,0.118789,1,1
2453,62,-0.486739,-0.014303,-0.002513,0.078865,1,1
2454,62,-0.544785,-0.037103,0.021750,0.160050,1,1
2463,62,-0.565823,0.071310,-0.299148,-0.112612,1,1
2471,62,-0.538112,0.026885,-0.309248,-0.078146,1,1
2451,62,-0.588404,-0.035388,-0.091471,0.092314,1,1
2460,62,-0.486870,-0.069028,-0.266492,-0.055962,1,1
2459,62,-0.596729,0.046139,0.004576,0.081688,1,1
2473,62,-0.575997,-0.015704,-0.208941,-0.180870,1,1
2458,62,-0.578518,-0.043732,0.069737,0.068197,1,1
2479,62,-0.598513,-0.034251,-0.263958,-0.080928,1,1
2472,62,-0.610020,0.002066,-0.289891,-0.101251,1,1
2447,62,-0.633567,0.004493,-0.008826,0.221503,1,1
2456,62,-0.643357,-0.000566,-0.001311,0.124700,1,1
2469,62,-0.611704,-0.106506,-0.271392,-0.106187,1,1
2440,62,-0.543386,-0.052232,0.067087,0.087339,1,1
2478,62,-0.462873,-0.014122,-0.320717,-0.069409,1,1
2452,62,-0.593318,0.029279,0.114594,0.148826,1,1
2465,62,-0.520287,-0.030524,-0.287933,-0.108487,1,1
2470,62,-0.558494,-0.130215,-0.271279,-0.206242,1,1
2477,62,-0.601277,-0.068594,-0.309186,-0.097660,1,1
2441,62,-0.644785,-0.076758,-0.035296,0.141993,1,1
2462,62,-0.633307,-0.051434,-0.265534,-0.144635,1,1
2468,62,-0.620988,0.043649,-0.260033,-0.163756,1,1
2467,62,-0.512802,0.015948,-0.319563,-0.070341,1,1
2457,62,-0.514744,-0.061068,-0.022500,0.053561,1,1
2461,62,-0.548840,-0.027014,-0.359669,-0.107716,1,1
2455,62,-0.653810,0.015967,-0.009290,0.158436,1,1
2443,62,-0.543289,-0.105269,-0.048601,0.196992,1,1
2511,63,-0.628950,0.008103,-0.306083,-0.033314,1,1
2518,63,-0.603732,-0.093998,-0.323653,-0.127303,1,1
2496,63,-0.532360,-0.044135,-0.062571,0.149103,1,1
2513,63,-0.563435,0.083529,-0.265220,-0.137955,1,1
2503,63,-0.588345,0.007862,-0.327966,-0.097716,1,1
2519,63,-0.672024,-0.051483,-0.289589,-0.075537,1,1
2498,63,-0.569756,-0.023623,-0.175189,0.169452,1,1
2500,63,-0.584399,-0.112302,-0.284938,-0.110038,1,1
2494,63,-0.656340,-0.057935,-0.064112,0.057802,1,1
2481,63,-0.662142,0.171541,-0.079720,0.174738,1,0
2507,63,-0.545892,-0.007230,-0.298925,-0.053475,1,1
2515,63,-0.544694,0.042941,-0.360089,-0.058972,1,1
2510,63,-0.598874,-0.059001,-0.356221,-0.059257,1,1
2514,63,-0.538861,0.025973,-0.228458,-0.074315,1,1
2505,63,-0.604476,-0.010317,-0.299298,-0.179734,1,1
2490,63,-0.504168,0.008816,-0.039977,0.157638,1,1
2512,63,-0.599910,-0.035615,-0.256936,-0.132457,1,1
2488,63,-0.582431,0.044114,-0.104592,0.096605,1,1
2497,63,-0.578982,-0.084582,-0.073819,0.107132,1,1
2495,63,-0.610847,-0.073969,0.025755,0.088761,1,1
2517,63,-0.515351,0.085657,-0.315253,-0.180452,1,1
2492,63,-0.565290,-0.015629,0.079106,0.082182,1,1
2509,63,-0.520238,0.046961,-0.233947,-0.227170,1,1
2493,63,-0.643417,0.017228,-0.072884,0.014172,1,1
2489,63,-0.540938,-0.048510,-0.033126,0.154410,1,1
2486,63,-0.573567,0.020354,-0.004020,0.095511,1,1
2483,63,-0.518089,0.037386,-0.050277,0.161455,1,1
2485,63,-0.584582,-0.028283,-0.054891,0.096427,1,1
2484,63,-0.549762,0.035104,-0.041793,0.100072,1,1
2508,63,-0.524579,0.074069,-0.277149,-0.103900,1,1
2504,63,-0.573577,0.000125,-0.315727,-0.104272,1,1
2506,63,-0.546393,-0.000658,-0.342723,-0.098399,1,1
2491,63,-0.643309,-0.000304,-0.009427,0.038686,1,1
2499,63,-0.573941,0.042928,-0.062422,0.093200,1,1
2482,63,-0.634525,-0.008069,-0.025327,0.020256,1,1
2502,63,-0.584069,-0.007776,-0.250547,-0.108976,1,1
2516,63,-0.648464,-0.067878,-0.233796,-0.088971,1,1
2480,63,-0.689258,0.010619,-0.024947,0.133485,1,1
2487,63,-0.537320,-0.026919,-0.143954,0.107634,1,1
2501,63,-0.569331,-0.006669,-0.333457,-0.145160,1,1
2540,64,-0.515398,-0.021281,-0.248857,-0.129212,1,1
2536,64,-0.556736,-0.024371,-0.016055,0.058007,1,1
2528,64,-0.577096,0.051937,0.004276,0.171116,1,1
2531,64,-0.548708,-0.037593,-0.047415,0.088270,1,1
2520,64,-0.530593,-0.049757,0.018246,0.103760,1,1
2559,64,-0.576859,-0.065561,-0.284058,-0.094691,1,1
2547,64,-0.534751,0.051053,-0.283746,-0.037956,1,1
2556,64,-0.520047,-0.008192,-0.280137,-0.001704,1,1
2552,64,-0.563621,0.008947,-0.421163,-0.173434,1,1
2524,64,-0.692281,-0.023543,-0.100111,0.228910,1,1
2535,64,-0.660748,0.003892,-0.022976,0.061571,1,1
2534,64,-0.556428,-0.040412,-0.067892,0.117225,1,1
2532,64,-0.585121,0.049797,-0.002209,0.153646,1,1
2541,64,-0.563714,0.087006,-0.268064,-0.083215,1,1
2537,64,-0.555304,-0.027438,-0.119240,0.121021,1,1
2554,64,-0.565607,-0.042292,-0.300204,0.002744,1,1
2526,64,-0.645121,-0.066576,-0.032659,0.171909,1,1
2555,64,-0.579842,-0.084910,-0.377572,-0.026219,1,1
2521,64,-0.532661,-0.040406,0.021904,0.141181,1,1
2558,64,-0.490663,-0.111830,-0.287469,-0.099675,0,1
2530,64,-0.541700,-0.039939,-0.015540,0.149189,1,1
2557,64,-0.559362,-0.034773,-0.345874,-0.120318,1,1
2550,64,-0.524376,-0.029324,-0.344007,-0.133728,1,1
2543,64,-0.467046,0.008826,-0.260397,-0.128713,1,1
2546,64,-0.516593,0.013638,-0.313224,-0.180844,1,1
2548,64,-0.582371,-0.010275,-0.312797,-0.155673,1,1
2538,64,-0.491324,0.093684,-0.009710,0.204120,1,1
2551,64,-0.573205,0.070456,-0.253766,-0.134950,1,1
2544,64,-0.433026,0.050128,-0.230044,-0.082017,0,1
2527,64,-0.608645,0.042258,0.037430,0.067136,1,1
2539,64,-0.539367,-0.003033,0.061892,0.112432,1,1
2525,64,-0.594956,0.083388,0.042996,0.121277,1,1
2545,64,-0.470089,-0.024475,-0.339618,-0.100100,1,1
2522,64,-0.519605,0.078008,-0.038654,0.189425,1,1
2542,64,-0.460216,-0.019792,-0.301877,-0.095634,1,1
2533,64,-0.654059,-0.057600,0.005798,0.176872,1,1
2529,64,-0.572342,0.077725,0.007259,0.115429,1,1
2553,64,-0.562868,0.077652,-0.259968,-0.152016,1,1
2549,64,-0.522642,-0.100148,-0.292099,-0.163282,1,1
2523,64,-0.609842,-0.075319,-0.026127,0.033578,1,1
2573,65,-0.636168,0.018353,-0.042251,0.240931,1,1
2563,65,-0.539386,0.032781,-0.025774,0.133831,1,1
2579,65,-0.535491,0.052270,-0.053420,0.107713,1,1
2581,65,-0.582403,0.018345,-0.369345,-0.152388,1,1
2580,65,-0.555058,0.033433,-0.211261,-0.065395,1,1
2591,65,-0.590209,-0.042305,-0.110924,-0.148957,1,1
2574,65,-0.624957,-0.054500,0.019752,0.095077,1,1
2570,65,-0.647526,-0.040076,-0.001638,0.037066,1,1
2568,65,-0.556364,-0.042910,-0.038930,0.116694,1,1
2576,65,-0.595774,-0.018675,0.024862,0.074022,1,1
2583,65,-0.513677,0.032738,-0.265217,-0.100117,1,1
2592,65,-0.559487,0.020955,-0.366539,-0.067367,1,1
2596,65,-0.511735,-0.076521,-0.314382,-0.179181,1,1
2575,65,-0.546265,0.054794,-0.046193,0.095296,1,1
2572,65,-0.604301,0.084241,-0.022245,0.130272,1,1
2586,65,-0.539628,-0.079357,-0.272753,-0.140840,1,1
2565,65,-0.582673,0.030632,0.018555,0.233741,1,1
2564,65,-0.602985,0.088713,-0.011522,0.045734,1,1
2561,65,-0.546144,-0.004697,-0.058357,0.120999,1,1
2597,65,-0.569854,-0.080438,-0.260177,-0.135535,1,1
2562,65,-0.617421,-0.024243,-0.010939,0.049770,1,1
2569,65,-0.598675,0.052314,-0.079268,0.184674,1,1
2584,65,-0.509199,-0.002550,-0.233500,-0.069725,1,1
2571,65,-0.618213,-0.074088,-0.058846,0.018680,1,1
2585,65,-0.595114,-0.044859,-0.249821,-0.190253,1,1
2560,65,-0.472323,0.051112,-0.042013,0.109534,1,1
2590,65,-0.545505,-0.055653,-0.293502,-0.048686,1,1
2593,65,-0.525202,0.010171,-0.206074,-0.144877,1,1
2587,65,-0.652259,0.006472,-0.215762,-0.042115,1,1
2588,65,-0.562137,-0.057461,-0.307975,-0.015507,1,1
2589,65,-0.546204,0.039893,-0.345358,-0.135632,1,1
2594,65,-0.545116,-0.006684,-0.312187,-0.133837,1,1
2599,65,-0.527536,0.055234,-0.317344,-0.119939,1,1
2598,65,-0.515328,-0.090259,-0.274236,-0.069866,1,1
2595,65,-0.564460,-0.068273,-0.298505,-0.119537,1,1
2582,65,-0.537876,0.012506,-0.340264,-0.123794,1,1
2578,65,-0.624212,-0.003543,-0.023616,0.089449,1,1
2566,65,-0.605544,-0.041104,0.052990,0.090782,1,1
2567,65,-0.591409,-0.000147,0.058302,0.088390,1,1
2577,65,-0.637957,0.018334,-0.049592,0.065680,1,1
2605,66,-0.579041,-0.008730,-0.046459,0.062691,1,1
2610,66,-0.509671,0.104328,0.044411,0.122674,1,1
2625,66,-0.534940,0.042539,-0.172219,0.088470,1,1
2618,66,-0.493951,-0.009513,-0.062362,0.081400,1,1
2607,66,-0.599685,-0.055676,-0.078015,0.112144,1,1
2617,66,-0.603515,-0.044392,0.056865,0.150493,1,1
2639,66,-0.561065,0.005146,-0.127192,0.076205,1,1
2627,66,-0.594115,-0.020463,-0.185283,0.000485,1,1
2603,66,-0.550140,-0.054682,-0.016983,0.051518,1,1
2614,66,-0.559355,-0.060388,-0.092646,0.089407,1,1
2622,66,-0.646423,-0.059207,-0.124134,0.112914,1,1
2602,66,-0.604932,-0.002308,-0.007315,0.039539,1,1
2636,66,-0.541315,-0.009526,-0.232907,0.109769,1,1
2635,66,-0.563731,-0.120329,-0.210816,0.131013,1,1
2611,66,-0.553884,-0.034752,0.063532,0.129546,1,1
2633,66,-0.516421,-0.009509,-0.164510,0.151779,1,1
2630,66,-0.554067,-0.077768,-0.306564,0.130753,1,1
2634,66,-0.659425,-0.020108,-0.257374,0.160430,1,1
2632,66,-0.597467,-0.061225,-0.269959,0.005937,1,1
2638,66,-0.570853,-0.016794,-0.181280,0.183466,1,1
2629,66,-0.629485,-0.158332,-0.235728,0.167672,0,1
2616,66,-0.524012,0.003650,0.014961,0.164580,1,1
2623,66,-0.549167,-0.066491,-0.238214,0.149943,1,1
2626,66,-0.601781,0.004058,-0.242413,0.021239,1,1
2608,66,-0.662370,-0.030797,-0.054116,0.137648,1,1
2620,66,-0.598577,0.067712,-0.295058,0.104895,1,1
2601,66,-0.554428,-0.015318,0.008387,0.174121,1,1
2621,66,-0.589873,0.116940,-0.225506,0.128363,1,1
2631,66,-0.472307,0.011223,-0.193299,0.023487,1,1
2615,66,-0.541232,-0.079894,-0.054497,0.146275,1,1
2637,66,-0.551173,-0.020908,-0.214918,0.116750,1,1
2609,66,-0.603272,0.114922,-0.036897,0.133396,1,1
2606,66,-0.594382,0.142198,0.000016,0.171132,1,0
2628,66,-0.582076,-0.126845,-0.238212,0.092114,1,1
2619,66,-0.524780,-0.031683,-0.042234,0.038910,1,1
2624,66,-0.594589,-0.090007,-0.255260,0.220201,1,1
2613,66,-0.632699,0.053212,-0.012072,0.095294,1,1
2600,66,-0.604504,-0.103146,-0.015978,0.122627,1,1
2604,66,-0.538528,-0.012964,-0.068420,0.141119,1,1
2612,66,-0.520045,0.088533,-0.084938,0.134355,1,1
2652,67,-0.602125,-0.066642,0.048905,0.078208,1,1
2660,67,-0.455611,-0.088681,-0.271851,0.102436,0,1
2664,67,-0.641954,0.008110,-0.292741,0.111796,1,1
2642,67,-0.542668,-0.014679,0.039559,0.113732,1,1
2673,67,-0.563226,-0.007703,-0.201323,0.140753,1,1
2667,67,-0.441614,-0.030295,-0.184419,0.139132,1,1
2679,67,-0.626558,-0.043631,-0.162910,0.119284,1,1
2661,67,-0.568861,-0.004166,-0.249745,0.160832,1,1
2666,67,-0.611355,-0.064268,-0.227041,0.119513,1,1
2657,67,-0.575258,0.090557,-0.037331,0.082441,1,1
2662,67,-0.669902,-0.081463,-0.247455,0.088891,1,1
2653,67,-0.618391,0.005887,-0.012704,0.142335,1,1
2678,67,-0.639867,0.043853,-0.221881,0.155724,1,1
2663,67,-0.617608,0.001092,-0.248912,0.230875,1,1
2648,67,-0.622182,-0.026456,-0.108166,0.125149,1,1
2672,67,-0.609237,0.010220,-0.179473,0.096705,1,1
2647,67,-0.471966,-0.045875,0.012842,0.102437,1,1
2645,67,-0.457135,0.094996,-0.040948,0.183396,1,0
2674,67,-0.553878,0.013115,-0.119641,0.103062,1,1
2656,67,-0.629474,0.032871,-0.077512,0.132433,1,1
2670,67,-0.594231,-0.017747,-0.260639,0.130978,1,1
2646,67,-0.593906,0.023253,-0.156365,0.075820,1,1
2676,67,-0.557160,0.047519,-0.251966,0.183403,1,1
2643,67,-0.610036,0.031299,-0.051495,0.080165,1,1
2641,67,-0.633959,0.013188,-0.059587,0.049893,1,1
2675,67,-0.579920,0.004228,-0.191025,0.078193,1,1
2640,67,-0.599474,0.047224,0.002785,0.066147,1,1
2650,67,-0.599323,0.030718,-0.116005,0.083233,1,1
2665,67,-0.498000,0.014032,-0.279778,0.061748,1,1
2655,67,-0.590128,-0.027151,0.042367,0.053963,1,1
2671,67,-0.583536,-0.031378,-0.164152,0.152045,1,1
2644,67,-0.574808,0.014801,-0.072782,0.083605,1,1
2658,67,-0.630303,-0.055440,-0.013762,0.206644,1,1
2649,67,-0.592868,0.006958,0.037747,0.138865,1,1
2669,67,-0.574655,-0.027312,-0.249440,0.070496,1,1
2659,67,-0.646538,0.052874,-0.102871,0.044450,1,1
2677,67,-0.530920,-0.069943,-0.153451,0.085514,1,1
2654,67,-0.514899,0.014310,-0.032291,0.095524,1,1
2668,67,-0.655284,-0.047996,-0.239926,0.036998,1,1
2651,67,-0.619559,0.032676,-0.113918,0.138753,1,1
2692,68,-0.550944,0.044065,-0.011921,0.193879,1,1
2719,68,-0.537338,-0.039686,-0.178553,0.121589,1,1
2718,68,-0.545384,-0.068265,-0.183783,0.145331,1,1
2710,68,-0.558433,-0.013324,-0.182683,0.076990,1,1
2700,68,-0.532051,-0.029725,-0.228678,0.165139,1,1
2697,68,-0.556061,0.054416,-0.070797,0.071811,1,1
2687,68,-0.599118,0.011198,-0.049407,0.146121,1,1
2682,68,-0.586065,0.061346,-0.030168,0.160819,1,1
2693,68,-0.465206,-0.008025,0.016276,0.157491,1,1
2702,68,-0.571887,-0.049305,-0.218681,0.130022,1,1
2717,68,-0.625919,-0.110678,-0.258330,0.054822,1,1
2705,68,-0.569551,-0.021932,-0.229948,0.079101,1,1
2681,68,-0.645514,-0.001782,-0.040960,0.132566,1,1
2685,68,-0.626177,0.023604,0.000560,0.130854,1,1
2701,68,-0.532341,-0.118925,-0.283411,0.080649,1,1
2716,68,-0.689647,0.027053,-0.316585,0.156763,1,1
2708,68,-0.519228,-0.056794,-0.225058,0.103866,1,1
2707,68,-0.536320,-0.082441,-0.186676,0.166362,1,1
2713,68,-0.565683,-0.020587,-0.238643,0.129570,1,1
2712,68,-0.604901,-0.070839,-0.168598,0.179977,1,1
2706,68,-0.565066,0.034840,-0.092029,0.079873,1,1
2714,68,-0.530142,0.070971,-0.160261,0.185690,1,1
2684,68,-0.608713,-0.037893,-0.023090,0.049488,1,1
2694,68,-0.605386,0.034464,-0.084782,-0.018092,1,1
2680,68,-0.565791,-0.026783,-0.084258,0.113313,1,1
2686,68,-0.573435,-0.006846,-0.051156,0.177451,1,1
2704,68,-0.601990,-0.107632,-0.251866,0.080728,1,1
2709,68,-0.561960,0.002346,-0.263915,0.095471,1,1
2703,68,-0.558691,0.001527,-0.203988,0.142880,1,1
2695,68,-0.513372,0.022114,-0.019351,0.125714,1,1
2691,68,-0.526926,-0.042156,-0.006143,0.133174,1,1
2698,68,-0.578670,0.071253,-0.001619,0.229857,1,1
2683,68,-0.520104,-0.006382,-0.042118,0.129532,1,1
2711,68,-0.596122,-0.023491,-0.232718,0.119204,1,1
2690,68,-0.597102,0.054818,-0.030993,0.095508,1,1
2689,68,-0.586802,0.002287,-0.083612,0.070107,1,1
2699,68,-0.548433,0.068226,-0.026505,0.067248,1,1
2715,68,-0.568899,-0.019470,-0.257632,0.084957,1,1
2696,68,-0.622638,0.011492,0.007392,0.152535,1,1
2688,68,-0.602685,0.083454,-0.046323,0.224412,1,1
2755,69,-0.604655,-0.026603,-0.298843,0.104531,1,1
2725,69,-0.573749,-0.014401,-0.081295,0.141476,1,1
2743,69,-0.493590,0.099602,-0.179494,0.047192,1,1
2730,69,-0.571554,-0.004928,-0.084710,0.015359,1,1
2753,69,-0.542110,-0.004043,-0.284931,0.072710,1,1
2758,69,-0.495339,-0.057769,-0.211877,0.049103,1,1
2736,69,-0.581230,-0.004113,-0.017628,0.086825,1,1
2750,69,-0.496916,-0.038903,-0.152084,0.077739,1,1
2722,69,-0.699636,-0.027157,-0.065561,0.163389,1,1
2754,69,-0.505443,-0.063911,-0.245951,0.119072,1,1
2746,69,-0.476040,-0.099051,-0.194221,0.105393,0,1
2757,69,-0.585699,-0.055391,-0.315640,0.142126,1,1
2726,69,-0.598901,0.024452,-0.015992,0.038432,1,1
2723,69,-0.612734,-0.004304,-0.121443,0.120554,1,1
2735,69,-0.609217,0.020200,-0.093674,0.083042,1,1
2747,69,-0.559814,0.040773,-0.091421,0.057286,1,1
2729,69,-0.597971,0.064559,-0.052921,0.143669,1,1
2727,69,-0.554937,0.062149,-0.093699,0.084160,1,1
2731,69,-0.599800,-0.007264,-0.000082,0.083374,1,1
2737,69,-0.597857,-0.025995,0.011379,0.098787,1,1
2733,69,-0.525242,0.093009,-0.057532,0.024526,1,1
2720,69,-0.629404,-0.010313,0.013012,0.116306,1,1
2728,69,-0.608033,-0.051089,-0.026167,-0.007452,1,1
2751,69,-0.570627,-0.040965,-0.289816,0.138468,1,1
2734,69,-0.551057,0.003532,-0.023130,0.115675,1,1
2741,69,-0.514446,0.025144,-0.172845,0.097509,1,1
2742,69,-0.511382,-0.052009,-0.318351,0.204590,1,1
2738,69,-0.647703,-0.034617,-0.013154,0.113017,1,1
2739,69,-0.542800,0.044142,-0.059177,0.065240,1,1
2748,69,-0.508278,-0.074301,-0.133826,0.110758,1,1
2740,69,-0.447592,-0.069992,-0.226073,0.171965,0,1
2752,69,-0.543266,0.024536,-0.258706,0.207564,1,1
2724,69,-0.569498,-0.027805,-0.056991,0.178779,1,1
2756,69,-0.471836,-0.079085,-0.261125,0.096980,1,1
2721,69,-0.564237,0.080072,-0.051123,0.041823,1,1
2744,69,-0.460767,-0.066380,-0.282532,0.153397,1,1
2732,69,-0.671686,0.013310,-0.086877,0.119736,1,1
2759,69,-0.514465,0.001823,-0.158016,0.092487,1,1
2749,69,-0.545586,0.064312,-0.304383,0.151736,1,1
2745,69,-0.540186,-0.087297,-0.235646,0.050403,1,1
2794,70,-0.547216,0.046944,-0.166365,0.064222,1,1
2768,70,-0.511257,0.049119,-0.046200,0.141831,1,1
2760,70,-0.599009,0.047577,0.035619,0.130992,1,1
2790,70,-0.522460,-0.098447,-0.270781,0.031129,1,1
2785,70,-0.597560,-0.030827,-0.234178,0.044721,1,1
2766,70,-0.678289,-0.045195,-0.071540,0.180515,1,1
2787,70,-0.616667,0.046937,-0.249410,0.139819,1,1
2771,70,-0.558678,0.051329,0.050957,0.257737,1,1
2797,70,-0.469600,-0.036427,-0.238638,0.162307,1,1
2775,70,-0.546285,0.071305,-0.084822,0.065413,1,1
2798,70,-0.505743,-0.032599,-0.147327,0.180531,1,1
2761,70,-0.476225,0.032724,-0.086776,0.191202,1,1
2781,70,-0.590993,-0.039257,-0.136683,0.072226,1,1
2765,70,-0.546967,0.011638,-0.024446,0.189530,1,1
2779,70,-0.550943,0.039644,0.043978,0.182941,1,1
2762,70,-0.615378,0.099466,-0.092526,0.083140,1,1
2773,70,-0.546245,0.021818,-0.006074,0.175134,1,1
2796,70,-0.489271,-0.068298,-0.293896,0.083410,1,1
2780,70,-0.519529,-0.030023,-0.276126,0.143219,1,1
2763,70,-0.566026,0.015645,-0.048407,0.158829,1,1
2784,70,-0.563983,-0.067206,-0.231365,0.132599,1,1
2783,70,-0.542065,0.025039,-0.213518,0.151138,1,1
2767,70,-0.654733,0.036811,-0.078239,0.157946,1,1
2772,70,-0.568424,-0.002808,-0.017872,0.155497,1,1
2764,70,-0.629918,-0.020377,-0.030125,0.197592,1,1
2776,70,-0.502851,-0.061547,0.049163,0.175884,1,1
2769,70,-0.619223,0.042588,-0.009940,0.158420,1,1
2793,70,-0.517166,0.006590,-0.201438,0.053787,1,1
2799,70,-0.516381,-0.016169,-0.229730,0.212280,1,1
2786,70,-0.525306,0.000172,-0.217757,0.061881,1,1
2778,70,-0.584306,-0.037530,-0.075902,0.111604,1,1
2788,70,-0.646841,0.001504,-0.109741,0.153405,1,1
2782,70,-0.584142,-0.054013,-0.318364,0.037215,1,1
2791,70,-0.610170,-0.000626,-0.230993,0.154139,1,1
2789,70,-0.596048,-0.067733,-0.268331,0.052754,1,1
2792,70,-0.480481,-0.040886,-0.225516,0.052381,1,1
2777,70,-0.596146,0.052985,-0.008890,0.080560,1,1
2795,70,-0.602644,-0.080487,-0.326645,0.110549,1,1
2770,70,-0.650274,0.079388,-0.010065,0.137861,1,1
2774,70,-0.617160,-0.033523,-0.025452,0.148587,1,1
2813,71,-0.553874,0.048077,-0.044778,0.036936,1,1
2818,71,-0.614707,-0.023876,-0.026001,0.119297,1,1
2836,71,-0.526048,-0.070843,-0.167249,0.195406,1,1
2835,71,-0.574220,-0.039661,-0.280152,0.147934,1,1
2801,71,-0.561934,-0.031514,0.014776,-0.001484,1,1
2823,71,-0.567653,-0.024491,-0.115238,0.113341,1,1
2800,71,-0.572851,0.071206,-0.040089,0.034095,1,1
2820,71,-0.656204,0.019249,-0.171159,0.097470,1,1
2814,71,-0.565497,-0.025881,0.026459,0.101739,1,1
2830,71,-0.506504,0.030433,-0.184869,0.130334,1,1
2811,71,-0.516924,-0.028864,-0.083819,0.059939,1,1
2837,71,-0.620167,0.041833,-0.238564,0.132738,1,1
2838,71,-0.559285,0.004357,-0.274332,0.124572,1,1
2804,71,-0.587415,-0.036730,0.061888,0.161656,1,1
2802,71,-0.618068,-0.024057,0.100990,-0.008984,1,1
2819,71,-0.570754,0.053274,-0.120837,0.076842,1,1
2815,71,-0.557163,0.040680,-0.012889,0.105002,1,1
2827,71,-0.501076,0.010638,-0.231290,0.126251,1,1
2833,71,-0.514185,0.015581,-0.233542,0.089883,1,1
2839,71,-0.528680,-0.066973,-0.219658,0.074012,1,1
2808,71,-0.662006,0.098215,0.030226,0.055172,1,0
2817,71,-0.632262,-0.040441,0.004307,0.067080,1,1
2829,71,-0.632920,-0.088918,-0.075977,0.122393,1,1
2816,71,-0.573113,0.023240,-0.080918,0.190983,1,1
2821,71,-0.562960,-0.063597,-0.224994,0.108195,1,1
2812,71,-0.595431,-0.102658,-0.046535,0.115071,1,1
2831,71,-0.466404,0.049046,-0.235689,0.091530,1,1
2825,71,-0.471255,-0.012777,-0.193690,0.058816,1,1
2822,71,-0.564242,-0.017421,-0.268776,0.220303,1,1
2806,71,-0.639965,0.061334,0.045988,0.167538,1,1
2807,71,-0.528239,0.032326,0.035582,0.139397,1,1
2809,71,-0.679879,0.008680,-0.115923,0.199738,1,1
2810,71,-0.598881,0.057415,-0.048736,0.078053,1,1
2832,71,-0.509473,-0.001753,-0.275615,0.054961,1,1
2803,71,-0.622363,0.022278,0.013945,0.075393,1,1
2805,71,-0.647929,-0.005035,-0.124445,0.228095,1,1
2826,71,-0.631310,-0.134162,-0.197555,0.113607,0,1
2834,71,-0.570320,0.032857,-0.254980,0.045410,1,1
2824,71,-0.504652,-0.046940,-0.299708,0.156097,1,1
2828,71,-0.584756,-0.014270,-0.140860,0.101107,1,1
2854,72,-0.566293,-0.098506,-0.107182,0.055205,1,1
2852,72,-0.616469,-0.002231,-0.101019,0.113544,1,1
2862,72,-0.494877,-0.109222,-0.141326,0.100150,1,1
2857,72,-0.612712,0.095970,0.024885,0.105919,1,1
2865,72,-0.545703,-0.133571,-0.185541,0.154730,1,1
2842,72,-0.552967,0.086335,-0.069806,0.006326,1,1
2873,72,-0.588532,-0.060196,-0.147987,0.092351,1,1
2869,72,-0.494456,-0.062356,-0.218910,0.139946,1,1
2847,72,-0.637374,0.089206,-0.088799,0.071619,1,1
2850,72,-0.514895,0.130696,-0.113777,0.002134,1,0
2848,72,-0.565648,-0.042561,-0.055370,0.021267,1,1
2841,72,-0.588189,-0.045918,-0.061625,-0.003013,1,1
2874,72,-0.591829,-0.029934,-0.330568,0.015199,1,1
2863,72,-0.508037,0.041433,-0.216950,0.131283,1,1
2864,72,-0.503034,-0.098070,-0.271479,0.107492,1,1
2840,72,-0.679777,0.005902,-0.019859,0.094868,1,1
2879,72,-0.600689,-0.032375,-0.210476,0.032502,1,1
2843,72,-0.571709,0.053838,-0.132336,0.024416,1,1
2855,72,-0.535347,-0.044855,-0.147393,0.112630,1,1
2858,72,-0.629535,-0.011391,-0.102087,0.064044,1,1
2875,72,-0.542692,0.001249,-0.274647,0.053196,1,1
2859,72,-0.499419,0.038481,-0.078508,0.141470,1,1
2871,72,-0.571074,-0.047154,-0.232289,0.110330,1,1
2849,72,-0.546064,0.013460,-0.024674,0.036412,1,1
2860,72,-0.558997,0.022598,-0.259004,0.109836,1,1
2844,72,-0.538134,0.125515,-0.143826,0.027584,1,1
2877,72,-0.575670,0.024224,-0.117901,0.087382,1,1
2856,72,-0.620257,-0.026005,-0.048738,-0.075203,1,1
2845,72,-0.554336,0.055321,0.031604,0.046284,1,1
2866,72,-0.658952,0.056677,-0.182176,0.142938,1,1
2868,72,-0.546911,-0.044019,-0.272151,0.171798,1,1
2867,72,-0.598501,0.018554,-0.237187,0.138837,1,1
2861,72,-0.639456,-0.016359,-0.250322,0.138418,1,1
2851,72,-0.588664,-0.067421,-0.158858,0.045991,1,1
2870,72,-0.553416,0.064938,-0.349969,0.077194,1,1
2872,72,-0.632240,-0.048250,-0.190162,0.077161,1,1
2853,72,-0.681337,0.009416,-0.080347,-0.012012,1,1
2878,72,-0.511197,0.016936,-0.214833,0.175848,1,1
2846,72,-0.587735,0.014953,-0.089590,-0.016797,1,1
2876,72,-0.478518,-0.093172,-0.184839,0.185742,1,1
2902,73,-0.480388,-0.058998,-0.206499,0.044949,1,1
2911,73,-0.498476,0.025828,-0.189245,0.119577,1,1
2916,73,-0.592994,0.023183,-0.192758,0.080323,1,1
2904,73,-0.465054,-0.083001,-0.274634,0.111945,1,1
2919,73,-0.555914,0.034428,-0.188257,0.180391,1,1
2895,73,-0.597762,0.038454,-0.033880,0.182446,1,1
2884,73,-0.590818,0.034612,-0.090770,0.139299,1,1
2905,73,-0.507930,0.002629,-0.377901,0.160082,1,1
2912,73,-0.522917,-0.063659,-0.188481,0.122534,1,1
2892,73,-0.535675,0.016364,-0.053767,0.044325,1,1
2881,73,-0.597897,0.010346,-0.115084,-0.001166,1,1
2903,73,-0.535398,-0.035686,-0.231746,0.101346,1,1
2917,73,-0.548567,-0.019686,-0.216514,0.094430,1,1
2886,73,-0.529394,0.026978,-0.080656,0.036745,1,1
2909,73,-0.568438,0.010800,-0.143469,0.171555,1,1
2899,73,-0.488961,0.037933,-0.025964,0.109954,1,1
2880,73,-0.605316,0.088155,-0.068733,0.050385,1,1
2901,73,-0.583959,0.025552,-0.207219,0.041989,1,1
2893,73,-0.636018,-0.027337,-0.073964,0.103257,1,1
2883,73,-0.641433,0.021895,-0.061212,0.122922,1,1
2910,73,-0.512369,-0.035592,-0.209826,0.117627,1,1
2915,73,-0.528878,-0.118168,-0.165962,0.113459,1,1
2907,73,-0.537606,-0.099758,-0.205633,0.093155,1,1
2897,73,-0.599100,0.007402,-0.059731,0.015683,1,1
2914,73,-0.579776,0.043053,-0.171038,0.148074,1,1
2898,73,-0.579238,0.060319,-0.101838,0.022640,1,1
2889,73,-0.607540,-0.007005,-0.112309,0.040057,1,1
2891,73,-0.590634,0.017837,-0.125869,0.145026,1,1
2890,73,-0.518766,-0.031768,-0.087561,0.062964,1,1
2906,73,-0.599561,-0.009841,-0.292649,0.053718,1,1
2900,73,-0.532255,0.035739,-0.183769,0.083441,1,1
2913,73,-0.534782,-0.040495,-0.321546,0.126731,1,1
2882,73,-0.672774,-0.028425,-0.096698,0.077910,1,1
2885,73,-0.618747,0.027373,-0.128735,0.017476,1,1
2918,73,-0.588975,0.011181,-0.116886,0.154113,1,1
2894,73,-0.485064,0.018672,-0.066700,0.072475,1,1
2896,73,-0.550963,0.015512,-0.051384,0.102187,1,1
2888,73,-0.571927,0.040262,-0.035149,0.061532,1,1
2887,73,-0.601663,0.056324,-0.021154,0.086342,1,1
2908,73,-0.555824,-0.074243,-0.218344,0.104262,1,1
2958,74,-0.566956,0.007316,-0.257130,0.135893,1,1
2921,74,-0.452743,0.019799,-0.100683,0.042123,1,1
2952,74,-0.479079,0.034516,-0.298936,0.122339,1,1
2922,74,-0.513680,-0.003832,-0.029385,0.061829,1,1
2942,74,-0.535329,-0.016635,-0.174524,0.100152,1,1
2929,74,-0.547729,0.036356,-0.180977,0.078008,1,1
2955,74,-0.506858,0.022888,-0.201388,0.081295,1,1
2940,74,-0.493729,-0.089772,-0.169506,0.067690,1,1
2928,74,-0.566860,-0.066316,-0.126473,-0.024507,1,1
2924,74,-0.615021,-0.013259,-0.084546,0.024656,1,1
2920,74,-0.581569,0.058254,-0.047691,0.081465,1,1
2939,74,-0.481085,0.020101,-0.046161,0.146955,1,1
2931,74,-0.572002,0.049755,-0.078449,0.068646,1,1
2933,74,-0.539076,-0.032456,-0.133052,0.097106,1,1
2959,74,-0.483783,-0.075684,-0.064403,0.094054,1,1
2945,74,-0.510954,0.017588,-0.195696,0.113724,1,1
2927,74,-0.548584,0.006065,0.015285,0.046110,1,1
2948,74,-0.548494,-0.083672,-0.299778,0.117499,1,1
2926,74,-0.592969,-0.088747,-0.076221,0.023621,1,1
2943,74,-0.537187,-0.003314,-0.257428,0.051125,1,1
2949,74,-0.632703,-0.074847,-0.278244,0.050040,1,1
2954,74,-0.581192,0.002842,-0.300164,0.121246,1,1
2951,74,-0.527116,0.020373,-0.191097,0.107911,1,1
2925,74,-0.554180,0.093588,-0.163890,-0.007944,1,1
2953,74,-0.534932,-0.063241,-0.278934,0.037555,1,1
2935,74,-0.537159,0.048741,-0.046525,0.075125,1,1
2938,74,-0.597726,0.085301,-0.066729,-0.000447,1,1
2957,74,-0.494115,0.025258,-0.224397,0.111025,1,1
2936,74,-0.535043,-0.045148,-0.088489,0.028465,1,1
2932,74,-0.512806,-0.045328,-0.071111,0.066113,1,1
2941,74,-0.478891,0.049845,-0.217094,0.103267,1,1
2930,74,-0.525212,0.064028,-0.151148,0.080307,1,1
2937,74,-0.545469,-0.002069,-0.097278,-0.036267,1,1
2947,74,-0.455178,0.012704,-0.243474,0.077067,1,1
2956,74,-0.617499,-0.027426,-0.194899,0.078115,1,1
2934,74,-0.525032,0.004634,-0.072343,0.104922,1,1
2944,74,-0.591027,0.010721,-0.304881,0.096565,1,1
2950,74,-0.456426,-0.019121,-0.271269,0.157574,1,1
2923,74,-0.557473,-0.023342,-0.071170,0.104219,1,1
2946,74,-0.509173,0.017408,-0.204047,0.231437,1,1
2974,75,-0.569319,0.031783,-0.073541,-0.012556,1,1
2991,75,-0.568235,0.055246,-0.326421,0.038912,1,1
2962,75,-0.622720,-0.008067,-0.087116,0.016596,1,1
2997,75,-0.465935,-0.040801,-0.278744,0.002724,1,1
2999,75,-0.507674,-0.031053,-0.125537,0.208748,1,1
2980,75,-0.669438,0.044660,-0.246112,0.105008,1,1
2968,75,-0.503731,0.003561,0.013159,0.188399,1,1
2988,75,-0.495761,-0.039137,-0.298775,0.049186,1,1
2979,75,-0.586960,-0.051323,-0.020777,0.012929,1,1
2971,75,-0.494803,0.046485,-0.111456,0.012737,1,1
2984,75,-0.563769,-0.029271,-0.174986,0.108555,1,1
2960,75,-0.606701,-0.000308,0.074741,0.102592,1,1
2992,75,-0.506421,-0.091135,-0.207677,0.108393,1,1
2967,75,-0.563036,0.036935,-0.096557,0.013260,1,1
2996,75,-0.498728,0.078883,-0.215230,0.093678,1,1
2986,75,-0.576176,-0.017306,-0.251286,0.117369,1,1
2982,75,-0.538989,0.003625,-0.295076,0.060311,1,1
2978,75,-0.429162,-0.023978,0.013343,0.111377,1,1
2963,75,-0.561765,0.018598,-0.118539,0.026066,1,1
2983,75,-0.587334,-0.037642,-0.329144,0.140375,1,1
2961,75,-0.538860,-0.035373,-0.117181,-0.016911,1,1
2973,75,-0.556623,-0.043054,-0.070573,-0.019010,1,1
2998,75,-0.594636,-0.019254,-0.177832,0.094243,1,1
2989,75,-0.569395,-0.053333,-0.108862,0.150819,1,1
2966,75,-0.613117,0.067900,-0.087040,0.133993,1,1
2972,75,-0.632345,0.033828,-0.083651,-0.012520,1,1
2976,75,-0.551381,0.008269,-0.062054,0.042806,1,1
2985,75,-0.623153,-0.052597,-0.120970,0.116502,1,1
2975,75,-0.548911,0.025223,-0.034590,0.067040,1,1
2964,75,-0.494240,-0.061315,-0.016107,0.163374,1,1
2994,75,-0.685256,-0.013867,-0.195782,0.026445,1,1
2987,75,-0.606640,0.047540,-0.300761,0.082406,1,1
2990,75,-0.671763,0.053908,-0.187612,0.195041,1,1
2970,75,-0.591282,-0.049884,-0.023818,0.023632,1,1
2977,75,-0.633180,0.154381,-0.022606,0.136627,1,0
2993,75,-0.571454,0.015441,-0.147914,0.096374,1,1
2981,75,-0.557933,0.011960,-0.179162,0.083815,1,1
2969,75,-0.515379,0.024699,-0.052992,0.015396,1,1
2995,75,-0.577582,-0.041392,-0.254381,0.147786,1,1
2965,75,-0.628370,0.055056,-0.009008,0.048638,1,1
3003,76,-0.538907,-0.015522,-0.123697,0.083907,1,1
3038,76,-0.440638,0.048665,-0.201304,0.163297,1,1
3009,76,-0.521444,0.024297,-0.114032,-0.049663,1,1
3031,76,-0.561351,-0.045739,-0.152829,0.128375,1,1
3037,76,-0.566774,-0.091099,-0.161344,0.053726,1,1
3021,76,-0.575958,0.079293,-0.289277,0.110296,1,1
3032,76,-0.496706,-0.016179,-0.218341,0.153908,1,1
3030,76,-0.672875,-0.037568,-0.243037,0.166593,1,1
3023,76,-0.593591,-0.001470,-0.234219,0.135284,1,1
3015,76,-0.476244,-0.055237,-0.042375,0.078585,1,1
3018,76,-0.499833,0.064053,-0.090487,0.061601,1,1
3035,76,-0.572995,0.080733,-0.250420,0.062995,1,1
3005,76,-0.612577,0.028007,-0.107561,-0.001375,1,1
3020,76,-0.515699,0.035167,-0.282218,0.058480,1,1
3014,76,-0.619358,-0.029726,-0.093471,0.115221,1,1
3036,76,-0.505938,-0.008104,-0.171419,0.080011,1,1
3033,76,-0.567438,0.071786,-0.245710,0.046149,1,1
3004,76,-0.591445,0.071903,-0.089191,0.022719,1,1
3010,76,-0.541307,-0.025223,-0.125571,0.049693,1,1
3013,76,-0.581750,0.018196,-0.087179,0.090025,1,1
3019,76,-0.496405,-0.031198,-0.208511,0.043285,1,1
3027,76,-0.517469,-0.057773,-0.322882,0.225307,1,1
3011,76,-0.543552,-0.001064,-0.036946,0.073760,1,1
3028,76,-0.562498,-0.032050,-0.209224,0.122055,1,1
3017,76,-0.496640,0.096890,-0.037937,0.033464,1,1
3016,76,-0.651101,0.013261,-0.008742,0.028292,1,1
3008,76,-0.640456,0.067166,0.034949,0.116657,1,1
3039,76,-0.457600,0.014673,-0.235846,0.114762,1,1
3025,76,-0.504419,-0.019366,-0.219381,0.045577,1,1
3029,76,-0.551394,-0.056660,-0.236860,0.146925,1,1
3034,76,-0.492925,0.020592,-0.267934,0.246542,1,1
3006,76,-0.590404,0.023568,-0.065235,0.066002,1,1
3000,76,-0.565278,-0.005571,-0.085399,0.094587,1,1
3024,76,-0.549145,-0.071601,-0.182996,0.119142,1,1
3026,76,-0.551788,0.076132,-0.140314,0.079328,1,1
3007,76,-0.473129,0.084367,-0.070135,0.051362,1,1
3012,76,-0.536613,0.028878,-0.034785,-0.082005,1,1
3001,76,-0.507544,0.091990,-0.127828,0.104863,1,1
3022,76,-0.566287,-0.061553,-0.174045,0.083297,1,1
3002,76,-0.567772,0.085542,-0.046636,0.048096,1,1
3059,77,-0.480347,0.014955,-0.051657,0.053183,1,1
3045,77,-0.657992,-0.056140,0.004596,0.024722,1,1
3051,77,-0.518167,-0.004897,-0.100183,0.023709,1,1
3065,77,-0.585819,-0.026880,-0.148834,0.112366,1,1
3058,77,-0.607718,0.028476,-0.066800,0.159310,1,1
3077,77,-0.577442,-0.066713,-0.283685,0.088578,1,1
3056,77,-0.655942,0.008095,-0.089968,0.079330,1,1
3076,77,-0.506033,-0.004668,-0.178316,0.172011,1,1
3040,77,-0.576937,-0.077266,-0.062087,0.058147,1,1
3053,77,-0.594130,0.056413,-0.077138,0.055951,1,1
3068,77,-0.513984,0.025944,-0.245927,0.077120,1,1
3072,77,-0.540465,-0.091870,-0.188932,0.160189,1,1
3057,77,-0.562307,-0.007898,-0.027151,0.052105,1,1
3050,77,-0.599720,0.053470,-0.097789,0.159939,1,1
3052,77,-0.586239,0.041182,-0.050193,0.044263,1,1
3063,77,-0.528924,-0.020912,-0.238545,0.158669,1,1
3044,77,-0.474456,0.073630,-0.047607,-0.000149,1,1
3049,77,-0.525602,0.093711,-0.119236,0.046163,1,1
3060,77,-0.571131,-0.018788,-0.159758,0.072330,1,1
3069,77,-0.530264,0.098436,-0.251431,0.058016,1,1
3075,77,-0.485742,0.043010,-0.236504,0.072744,1,1
3079,77,-0.561637,0.012814,-0.314630,0.148684,1,1
3061,77,-0.539385,0.033076,-0.256871,0.233599,1,1
3042,77,-0.677563,-0.049050,-0.038086,0.093868,1,1
3067,77,-0.522900,-0.029055,-0.245762,0.152808,1,1
3041,77,-0.534183,-0.091954,-0.018186,0.001259,1,1
3066,77,-0.517873,-0.058792,-0.256932,0.107587,1,1
3078,77,-0.560612,0.021258,-0.259010,0.060589,1,1
3074,77,-0.592109,-0.054548,-0.268060,0.087146,1,1
3062,77,-0.524824,-0.030211,-0.247105,0.198084,1,1
3073,77,-0.623846,-0.013444,-0.273121,0.091248,1,1
3070,77,-0.541572,-0.037704,-0.214151,0.077632,1,1
3071,77,-0.546160,-0.059428,-0.213397,0.175983,1,1
3064,77,-0.552211,0.003242,-0.187426,0.058625,1,1
3043,77,-0.593020,-0.020359,-0.070090,0.059891,1,1
3047,77,-0.485669,0.058806,-0.054747,0.061143,1,1
3055,77,-0.584404,0.016148,-0.017973,0.123769,1,1
3046,77,-0.515874,-0.000473,-0.078832,0.124483,1,1
3054,77,-0.501861,0.016814,-0.049909,-0.013824,1,1
3048,77,-0.504450,0.023649,-0.097625,0.026927,1,1
3097,78,-0.646159,-0.049532,-0.100127,0.025057,1,1
3082,78,-0.582603,0.033709,-0.026083,0.082882,1,1
3089,78,-0.630721,0.048460,-0.091310,0.060611,1,1
3091,78,-0.528108,0.030638,-0.089455,0.064136,1,1
3087,78,-0.547902,-0.030610,-0.087071,0.009906,1,1
3093,78,-0.577853,-0.007441,-0.050690,0.137494,1,1
3096,78,-0.519170,0.058100,-0.199693,0.068008,1,1
3105,78,-0.551588,0.036577,-0.334907,0.063419,1,1
3099,78,-0.643575,0.054844,-0.174864,0.048246,1,1
3116,78,-0.537696,-0.014583,-0.203039,0.153643,1,1
3080,78,-0.601132,0.051640,0.022606,0.070014,1,1
3106,78,-0.545928,-0.024691,-0.249656,0.109998,1,1
3101,78,-0.580484,-0.024662,-0.212434,0.157965,1,1
3086,78,-0.621436,-0.075438,-0.021919,0.026485,1,1
3113,78,-0.530299,0.012173,-0.235259,0.237487,1,1
3115,78,-0.507071,-0.015958,-0.307035,0.060271,1,1
3084,78,-0.591928,-0.013430,-0.113116,0.109626,1,1
3109,78,-0.610501,-0.067751,-0.274582,0.080533,1,1
3107,78,-0.583728,0.058777,-0.201333,0.157832,1,1
3104,78,-0.510147,-0.055099,-0.201458,0.082100,1,1
3085,78,-0.542924,-0.036414,-0.094865,0.175841,1,1
3114,78,-0.566861,0.021806,-0.207583,0.162235,1,1
3095,78,-0.582253,0.056787,-0.107002,0.101589,1,1
3092,78,-0.578026,-0.004807,0.015273,0.012100,1,1
3112,78,-0.605975,0.000094,-0.221503,0.085306,1,1
3094,78,-0.585533,0.014920,0.054205,0.070806,1,1
3098,78,-0.509819,0.096523,-0.133456,0.181352,1,1
3090,78,-0.560544,0.047751,-0.083226,0.060865,1,1
3103,78,-0.664789,-0.062601,-0.234037,0.104616,1,1
3081,78,-0.597376,-0.040105,-0.107120,0.094431,1,1
3119,78,-0.580422,-0.072927,-0.236548,0.051434,1,1
3088,78,-0.669511,-0.001834,-0.133196,0.120033,1,1
3083,78,-0.556606,0.041715,-0.102527,0.080526,1,1
3110,78,-0.577992,0.042024,-0.233360,0.143853,1,1
3111,78,-0.685397,0.033654,-0.325764,0.072471,1,1
3100,78,-0.584168,-0.058673,-0.292874,0.073215,1,1
3108,78,-0.559002,0.001567,-0.232834,0.124439,1,1
3118,78,-0.607818,0.002205,-0.274967,0.113812,1,1
3117,78,-0.634715,-0.056700,-0.190520,0.129478,1,1
3102,78,-0.562012,-0.028384,-0.219900,0.034461,1,1
3157,79,-0.555495,-0.002691,-0.223209,0.037774,1,1
3133,79,-0.664934,0.044170,-0.092967,0.067611,1,1
3158,79,-0.584995,0.011171,-0.201144,0.101485,1,1
3140,79,-0.452522,-0.065553,-0.231802,0.089110,1,1
3131,79,-0.616384,0.045922,-0.126254,0.017256,1,1
3155,79,-0.605923,0.011095,-0.179149,0.092327,1,1
3127,79,-0.624076,0.107509,-0.088480,0.069823,1,1
3154,79,-0.588140,0.019675,-0.297646,0.175939,1,1
3143,79,-0.568552,-0.033217,-0.151137,0.149987,1,1
3128,79,-0.572867,-0.000427,0.015905,-0.026057,1,1
3147,79,-0.542145,0.010680,-0.170980,0.064226,1,1
3148,79,-0.498904,-0.004002,-0.204406,0.119822,1,1
3146,79,-0.586988,-0.002823,-0.200980,0.152909,1,1
3124,79,-0.529725,0.080212,-0.081601,0.054317,1,1
3132,79,-0.554635,0.033858,0.014462,0.045961,1,1
3152,79,-0.514818,-0.018455,-0.137484,0.169452,1,1
3121,79,-0.527821,0.071436,-0.010062,0.008265,1,1
3125,79,-0.525375,0.063286,-0.134526,0.021896,1,1
3120,79,-0.565820,0.030934,-0.066722,0.042140,1,1
3142,79,-0.500854,-0.037652,-0.191462,0.019467,1,1
3137,79,-0.557981,0.067487,-0.098383,0.021699,1,1
3134,79,-0.629532,0.035453,-0.126829,0.144150,1,1
3150,79,-0.486576,0.017503,-0.281005,0.058465,1,1
3144,79,-0.515333,-0.044369,-0.259871,0.071670,1,1
3141,79,-0.550857,-0.086209,-0.169578,0.195355,1,1
3151,79,-0.613253,0.051288,-0.212315,0.122908,1,1
3159,79,-0.653511,-0.051173,-0.258716,0.134257,1,1
3122,79,-0.519986,0.074709,-0.088613,0.083598,1,1
3135,79,-0.451494,-0.006931,0.004690,0.031710,1,1
3139,79,-0.483403,-0.093053,-0.080770,0.013413,1,1
3149,79,-0.622421,0.064191,-0.220532,0.153238,1,1
3130,79,-0.588078,-0.014428,-0.064324,0.063589,1,1
3156,79,-0.524990,-0.007965,-0.205418,0.099233,1,1
3153,79,-0.585060,-0.062919,-0.143374,0.131902,1,1
3126,79,-0.560473,0.061914,-0.110137,0.190213,1,1
3136,79,-0.508906,-0.005443,-0.098266,0.094573,1,1
3129,79,-0.570938,0.052237,0.027503,0.039673,1,1
3138,79,-0.581556,0.104641,-0.115431,0.140730,1,1
3145,79,-0.534651,-0.130312,-0.310776,0.077610,0,1
3123,79,-0.535519,0.008494,-0.055796,0.067365,1,1
3193,80,-0.491939,0.020065,-0.259311,0.099528,1,1
3187,80,-0.537457,0.080660,-0.133332,0.079876,1,1
3194,80,-0.507248,-0.039311,-0.208097,0.111692,1,1
3171,80,-0.553511,-0.037327,-0.122396,0.047464,1,1
3190,80,-0.589398,-0.059644,-0.219107,0.129996,1,1
3179,80,-0.538615,0.055784,0.006211,0.054368,1,1
3192,80,-0.560464,0.086178,-0.231494,0.108428,1,1
3173,80,-0.613380,0.053756,-0.035860,0.013467,1,1
3185,80,-0.475856,0.032560,-0.242693,0.171445,1,1
3195,80,-0.469820,-0.038389,-0.232500,0.159243,1,1
3165,80,-0.510854,0.038608,-0.050715,0.093289,1,1
3167,80,-0.560499,0.033175,-0.028228,0.130285,1,1
3197,80,-0.623756,-0.044272,-0.226143,0.181610,1,1
3189,80,-0.549007,-0.071836,-0.272847,0.018943,1,1
3169,80,-0.614708,0.049509,-0.090628,0.052054,1,1
3170,80,-0.608474,-0.072131,-0.010835,0.072863,1,1
3180,80,-0.555809,-0.027258,-0.207908,0.130924,1,1
3162,80,-0.558806,0.026540,-0.097858,0.136727,1,1
3160,80,-0.500301,0.035944,-0.022618,0.113705,1,1
3161,80,-0.617418,0.005264,-0.027099,0.106648,1,1
3196,80,-0.512251,-0.027288,-0.191653,0.114635,1,1
3188,80,-0.557340,0.000209,-0.169132,0.134350,1,1
3163,80,-0.548337,0.053469,-0.215134,0.023203,1,1
3181,80,-0.560253,0.086100,-0.224603,0.099287,1,1
3174,80,-0.614721,0.101415,-0.105144,0.048582,1,1
3168,80,-0.596730,0.048375,-0.074526,0.018052,1,1
3166,80,-0.582378,0.012267,0.014673,0.064389,1,1
3176,80,-0.525653,-0.021855,-0.101305,0.105488,1,1
3183,80,-0.545068,-0.002493,-0.211604,0.188860,1,1
3178,80,-0.567100,-0.085558,-0.023315,0.026765,1,1
3182,80,-0.599272,0.000237,-0.162474,0.129119,1,1
3175,80,-0.566865,-0.022921,-0.125902,0.042480,1,1
3186,80,-0.674434,0.000286,-0.156696,0.126974,1,1
3184,80,-0.535890,0.009223,-0.260320,0.168705,1,1
3172,80,-0.570420,0.023667,-0.110547,-0.054275,1,1
3164,80,-0.626499,0.024436,-0.061941,0.021861,1,1
3191,80,-0.548946,0.004082,-0.238102,0.138969,1,1
3199,80,-0.534036,0.025593,-0.237483,0.143139,1,1
3198,80,-0.562834,0.042615,-0.270950,0.096250,1,1
3177,80,-0.519027,0.011896,-0.065222,0.095103,1,1
3231,81,-0.621164,0.005128,-0.147317,0.121015,1,1
3208,81,-0.576993,-0.042708,-0.109525,-0.059895,1,1
3212,81,-0.493989,-0.032095,-0.034607,-0.017695,1,1
3228,81,-0.577496,0.026637,-0.058593,0.081594,1,1
3202,81,-0.521301,0.068705,-0.005461,0.105673,1,1
3209,81,-0.505197,0.031134,-0.064376,0.110541,1,1
3229,81,-0.528981,0.015061,-0.119906,0.137923,1,1
3204,81,-0.627256,-0.048223,-0.153438,0.077942,1,1
3216,81,-0.519659,-0.076004,-0.100856,0.149943,1,1
3236,81,-0.495390,-0.038623,-0.203891,0.129684,1,1
3210,81,-0.448678,0.058518,-0.096818,0.045359,1,1
3219,81,-0.627354,-0.039549,-0.032964,0.095663,1,1
3200,81,-0.515578,-0.022830,-0.162379,0.170715,1,1
3226,81,-0.541913,0.031685,-0.174625,0.052636,1,1
3211,81,-0.578989,-0.029142,-0.120092,0.104669,1,1
3234,81,-0.502947,0.015779,-0.092590,0.117777,1,1
3221,81,-0.485725,0.075342,-0.138157,0.181002,1,1
3218,81,-0.556095,0.079130,-0.050934,0.031147,1,1
3207,81,-0.525851,-0.013527,-0.076124,0.153996,1,1
3238,81,-0.488630,-0.003860,-0.158318,0.171727,1,1
3205,81,-0.539673,0.006496,-0.029115,0.026580,1,1
3223,81,-0.619528,0.071204,-0.134678,0.079129,1,1
3235,81,-0.481112,-0.011967,-0.045208,0.196969,1,1
3230,81,-0.606586,0.014065,-0.041478,0.053674,1,1
3214,81,-0.620915,0.008885,-0.080294,0.130720,1,1
3225,81,-0.521962,0.011531,-0.111946,0.076480,1,1
3220,81,-0.554781,0.024642,-0.084676,0.081244,1,1
3203,81,-0.560412,0.041732,-0.035999,0.059932,1,1
3239,81,-0.539252,0.047829,-0.055388,0.167030,1,1
3222,81,-0.484684,-0.022941,-0.127438,0.087468,1,1
3237,81,-0.558363,-0.009349,-0.146051,0.112669,1,1
3224,81,-0.476329,-0.001498,-0.043091,0.092150,1,1
3213,81,-0.482170,0.080066,-0.140061,0.052536,1,1
3215,81,-0.614056,0.023000,-0.069716,0.026138,1,1
3206,81,-0.604971,0.046798,-0.157106,0.039911,1,1
3232,81,-0.555392,0.000197,-0.134697,0.135827,1,1
3233,81,-0.508456,-0.017857,-0.163379,0.130605,1,1
3227,81,-0.577623,0.012615,-0.182601,0.016047,1,1
3201,81,-0.429760,0.128880,-0.059420,0.038667,1,0
3217,81,-0.565056,-0.082383,-0.080306,0.106015,1,1
3272,82,-0.583465,-0.032298,-0.143579,0.165948,1,1
3259,82,-0.484083,-0.030241,0.008657,0.183546,1,1
3256,82,-0.585833,0.067626,0.047221,0.066821,1,1
3265,82,-0.561556,-0.021743,-0.068178,0.119260,1,1
3276,82,-0.535940,-0.033616,-0.136850,0.071288,1,1
3250,82,-0.531223,-0.017950,0.020291,0.122827,1,1
3240,82,-0.550262,0.048734,0.009590,0.142913,1,1
3269,82,-0.544894,-0.049859,-0.035804,0.085363,1,1
3271,82,-0.487304,-0.029809,-0.076570,0.125825,1,1
3242,82,-0.573523,-0.021958,-0.027326,0.058295,1,1
3253,82,-0.587314,0.036841,-0.013520,0.101406,1,1
3260,82,-0.526045,0.041830,-0.297594,0.127540,1,1
3275,82,-0.541089,-0.044786,-0.098421,0.041696,1,1
3264,82,-0.527607,-0.036289,-0.148127,0.135636,1,1
3244,82,-0.569213,-0.043210,0.010362,0.127984,1,1
3267,82,-0.577877,-0.006324,-0.111843,0.118029,1,1
3279,82,-0.520010,0.034906,-0.107069,0.163701,1,1
3258,82,-0.556589,0.051982,0.018100,0.165140,1,1
3245,82,-0.629200,0.042451,0.051743,0.129890,1,1
3251,82,-0.559615,0.062598,-0.109704,0.051690,1,1
3274,82,-0.493791,-0.022175,-0.155312,0.163812,1,1
3247,82,-0.567717,-0.009428,0.053312,0.193758,1,1
3278,82,-0.643793,-0.033498,-0.089733,0.126827,1,1
3249,82,-0.605487,-0.039157,-0.050030,0.178715,1,1
3261,82,-0.507059,-0.027201,-0.191443,0.205481,1,1
3263,82,-0.616106,0.033006,-0.067620,0.130447,1,1
3268,82,-0.511145,0.052594,-0.163323,0.155065,1,1
3241,82,-0.610152,-0.012669,-0.011910,0.184031,1,1
3248,82,-0.597614,0.064752,0.014733,0.086318,1,1
3273,82,-0.505986,-0.035414,-0.095712,0.135111,1,1
3257,82,-0.574141,0.070595,-0.013819,0.101538,1,1
3266,82,-0.499537,0.052954,-0.194272,0.129141,1,1
3262,82,-0.546742,-0.021658,-0.130091,0.116022,1,1
3277,82,-0.441347,0.035629,-0.095439,0.211342,1,1
3254,82,-0.591622,0.005570,0.031002,0.075381,1,1
3252,82,-0.615241,-0.025763,-0.019911,0.133796,1,1
3270,82,-0.590361,-0.070220,-0.141716,0.098623,1,1
3243,82,-0.559879,0.026880,0.006589,0.217590,1,1
3246,82,-0.636830,-0.057511,-0.075926,0.154779,1,1
3255,82,-0.555948,-0.015979,-0.015151,0.044019,1,1
3300,83,-0.633837,0.066077,-0.131965,0.079701,1,1
3284,83,-0.501344,-0.045512,-0.049693,0.109134,1,1
3316,83,-0.501011,0.039748,-0.192369,0.136485,1,1
3297,83,-0.684668,0.053871,-0.031634,0.158033,1,0
3317,83,-0.558583,0.008174,-0.172895,0.139250,1,1
3302,83,-0.607955,-0.039684,-0.165815,0.160889,1,1
3313,83,-0.570118,0.003769,-0.176249,0.141024,1,1
3285,83,-0.548925,0.095552,-0.068891,0.117403,1,1
3295,83,-0.439426,-0.040359,-0.021318,0.116226,1,1
3290,83,-0.601149,-0.036205,-0.030208,0.091244,1,1
3291,83,-0.521893,0.053975,-0.050481,0.208089,1,1
3292,83,-0.613936,0.054974,-0.035352,0.108929,1,1
3293,83,-0.531907,0.055997,0.015534,0.067468,1,1
3287,83,-0.627656,-0.024939,0.018416,0.150349,1,1
3281,83,-0.594598,0.049145,-0.077954,0.135672,1,1
3315,83,-0.501381,0.055738,-0.071769,0.177592,1,1
3307,83,-0.558465,-0.001301,-0.110747,0.145123,1,1
3296,83,-0.539301,-0.005783,0.053998,0.036984,1,1
3299,83,-0.538500,-0.012171,-0.152985,0.117749,1,1
3311,83,-0.522358,-0.039468,-0.107642,0.085756,1,1
3305,83,-0.541335,0.048987,-0.112877,0.094164,1,1
3312,83,-0.508530,-0.071501,-0.179006,0.103376,1,1
3318,83,-0.522024,0.005881,-0.113245,0.075526,1,1
3308,83,-0.600459,-0.012138,-0.187469,0.166018,1,1
3303,83,-0.591152,0.004183,-0.077822,0.065469,1,1
3314,83,-0.562542,0.090229,-0.098726,0.035966,1,1
3280,83,-0.497722,0.060037,0.035464,0.116927,1,1
3286,83,-0.577169,-0.002476,-0.049148,0.155570,1,1
3282,83,-0.602534,-0.017261,-0.069639,0.150360,1,1
3294,83,-0.568275,0.071043,0.028606,0.137755,1,1
3304,83,-0.552479,-0.005345,-0.175609,0.150760,1,1
3301,83,-0.408888,-0.076830,-0.161251,0.217788,0,1
3310,83,-0.559000,-0.093952,-0.154821,0.125134,1,1
3309,83,-0.545695,0.028511,-0.201571,0.108538,1,1
3288,83,-0.650353,0.056793,-0.023543,0.128310,1,1
3298,83,-0.521903,0.018257,0.004311,0.075916,1,1
3289,83,-0.517070,-0.006186,0.029671,0.086124,1,1
3283,83,-0.583352,0.044986,-0.034535,0.200867,1,1
3319,83,-0.587703,0.037897,-0.154898,0.132850,1,1
3306,83,-0.542842,0.031720,-0.169760,0.142518,1,1
3321,84,-0.577225,0.084056,-0.086565,0.138837,1,1
3352,84,-0.592319,-0.041074,-0.131402,0.136740,1,1
3338,84,-0.613808,0.032218,-0.021164,0.079043,1,1
3336,84,-0.566602,-0.070825,0.014038,0.144192,1,1
3353,84,-0.530114,-0.009370,0.010926,0.097575,1,1
3333,84,-0.541427,0.000972,-0.057690,0.049910,1,1
3320,84,-0.576287,0.070303,0.012891,0.167744,1,1
3327,84,-0.583982,0.046869,0.021285,0.055787,1,1
3357,84,-0.610912,0.020546,-0.117324,0.156253,1,1
3350,84,-0.473924,-0.058033,-0.076741,0.099917,1,1
3322,84,-0.501492,0.052573,0.023559,0.114988,1,1
3340,84,-0.560372,-0.025457,-0.138184,0.063048,1,1
3331,84,-0.609542,-0.011396,0.054008,0.052946,1,1
3323,84,-0.550343,0.035852,0.076741,0.146005,1,1
3325,84,-0.596648,-0.015831,0.024868,0.189602,1,1
3358,84,-0.445404,0.128127,-0.060150,0.067487,0,1
3354,84,-0.462506,0.001949,-0.136585,0.145969,1,1
3341,84,-0.615326,-0.094389,-0.140833,0.110923,1,1
3339,84,-0.534075,-0.044018,-0.026754,0.169126,1,1
3359,84,-0.489936,0.024365,-0.013735,0.084213,1,1
3342,84,-0.632859,-0.035820,-0.164176,0.199767,1,1
3343,84,-0.596646,0.061176,-0.167175,0.090449,1,1
3324,84,-0.505307,0.057795,-0.078089,0.084788,1,1
3346,84,-0.504666,-0.008183,-0.093870,0.100401,1,1
3345,84,-0.620561,-0.018660,-0.085849,0.153630,1,1
3355,84,-0.653884,0.045227,-0.079633,0.127915,1,1
3356,84,-0.549528,-0.030636,-0.235530,0.186044,1,1
3328,84,-0.548481,0.121673,0.064603,0.186497,1,1
3326,84,-0.634682,-0.061785,0.001850,0.049078,1,1
3348,84,-0.514417,-0.096003,-0.158563,0.218249,1,1
3337,84,-0.477608,0.040462,0.057113,0.074923,1,1
3332,84,-0.557373,0.016218,-0.037763,0.119077,1,1
3349,84,-0.538498,-0.096681,-0.122419,0.102928,1,1
3329,84,-0.550896,0.013031,0.030042,0.110765,1,1
3335,84,-0.534734,-0.000034,-0.002900,0.131302,1,1
3334,84,-0.479120,0.007041,0.060989,0.141378,1,1
3330,84,-0.565836,0.017775,-0.076714,0.071012,1,1
3347,84,-0.522212,-0.070925,-0.097172,0.109867,1,1
3351,84,-0.529401,0.088806,-0.024484,0.165423,1,1
3344,84,-0.529297,0.003057,-0.158442,0.169285,1,1
3363,85,-0.528634,0.085791,-0.052875,0.084503,1,1
3393,85,-0.588353,-0.020787,-0.078842,0.054612,1,1
3364,85,-0.530537,0.023079,0.008073,0.058334,1,1
3381,85,-0.573621,0.092490,-0.164485,0.128960,1,1
3392,85,-0.521404,0.003835,-0.095825,0.110118,1,1
3374,85,-0.710715,0.079856,-0.063199,0.085939,1,0
3399,85,-0.459494,-0.014367,-0.103917,0.176801,1,1
3365,85,-0.676407,0.008421,0.011522,0.199218,1,1
3367,85,-0.634546,0.041933,-0.003163,0.096533,1,1
3379,85,-0.530871,-0.001123,-0.015405,0.072903,1,1
3360,85,-0.620738,0.021390,-0.001851,0.101130,1,1
3395,85,-0.456330,-0.046419,-0.173745,0.029570,1,1
3384,85,-0.554608,-0.041520,-0.214121,0.084282,1,1
3370,85,-0.479602,-0.008585,0.037791,0.167873,1,1
3373,85,-0.545610,0.087650,-0.106442,0.092807,1,1
3383,85,-0.600245,-0.006326,-0.166648,0.066886,1,1
3369,85,-0.617474,0.121640,-0.033861,0.112433,1,0
3386,85,-0.516157,-0.064910,-0.125847,0.242022,1,1
3385,85,-0.619755,-0.011665,-0.186351,0.126149,1,1
3366,85,-0.564660,-0.020192,-0.050899,0.165934,1,1
3362,85,-0.481321,0.075384,-0.007164,0.118469,1,1
3396,85,-0.588151,0.039431,-0.151158,0.147343,1,1
3387,85,-0.562110,0.006728,-0.147957,0.186408,1,1
3390,85,-0.522319,0.041951,-0.090349,0.104279,1,1
3391,85,-0.480329,0.057871,-0.196060,0.175756,1,1
3380,85,-0.535753,-0.034020,-0.115471,0.150425,1,1
3371,85,-0.601898,-0.042834,-0.027416,0.126954,1,1
3372,85,-0.493431,0.039615,-0.023749,0.078021,1,1
3361,85,-0.514374,0.100209,0.021069,0.105153,1,1
3394,85,-0.434744,0.019886,-0.095337,0.135594,1,1
3375,85,-0.557020,0.104800,0.007677,0.159853,1,1
3368,85,-0.594305,0.000568,0.019886,0.064696,1,1
3389,85,-0.567804,0.047772,-0.103795,0.170328,1,1
3388,85,-0.499485,-0.016828,-0.183518,0.122835,1,1
3378,85,-0.563002,-0.020684,-0.053781,0.216738,1,1
3376,85,-0.511501,0.059599,-0.008507,0.182701,1,1
3397,85,-0.581537,-0.032317,-0.120539,0.062842,1,1
3382,85,-0.505577,0.078774,-0.142139,0.129379,1,1
3398,85,-0.494866,-0.013455,-0.076190,0.069426,1,1
3377,85,-0.543430,0.048619,0.004570,0.139500,1,1
3406,86,-0.531373,-0.003259,-0.029336,0.131912,1,1
3432,86,-0.555206,-0.000746,-0.122505,0.035102,1,1
3434,86,-0.489500,-0.012827,-0.176446,0.026960,1,1
3418,86,-0.570951,0.069418,0.098803,0.109874,1,1
3410,86,-0.527943,0.014998,0.019902,0.112064,1,1
3402,86,-0.576987,-0.011830,-0.025371,0.136404,1,1
3400,86,-0.656769,0.060874,-0.063391,0.132240,1,1
3437,86,-0.384745,-0.003360,-0.182661,0.115096,0,1
3423,86,-0.544287,-0.000314,-0.064644,0.077962,1,1
3413,86,-0.568612,0.016225,-0.049937,-0.002866,1,1
3401,86,-0.605053,-0.037693,-0.078592,0.153305,1,1
3426,86,-0.551219,0.054302,-0.082556,0.106897,1,1
3403,86,-0.530427,0.010604,-0.085835,0.083358,1,1
3407,86,-0.464678,0.060270,-0.081050,0.051690,1,1
3438,86,-0.599637,0.054176,-0.183380,0.132959,1,1
3430,86,-0.520275,0.002606,-0.229519,0.145377,1,1
3433,86,-0.439082,0.002575,-0.107988,0.078950,1,1
3436,86,-0.582457,-0.008106,-0.192765,0.158488,1,1
3425,86,-0.520306,-0.037133,-0.029977,0.112480,1,1
3420,86,-0.381922,-0.034432,-0.112470,0.052759,0,1
3405,86,-0.561357,0.043313,-0.060742,0.169567,1,1
3435,86,-0.582388,-0.000107,-0.158231,0.164207,1,1
3422,86,-0.514486,-0.078270,-0.129994,0.161122,1,1
3439,86,-0.463887,0.042847,-0.129187,0.001167,1,1
3409,86,-0.650298,-0.013363,-0.044002,0.168383,1,1
3415,86,-0.516176,0.077204,0.057559,0.134939,1,1
3427,86,-0.536356,-0.182243,-0.089759,0.062495,0,1
3419,86,-0.584440,0.050401,0.008931,0.123993,1,1
3411,86,-0.539438,0.053145,-0.098972,0.160113,1,1
3408,86,-0.508341,-0.025610,0.062581,-0.033150,1,1
3429,86,-0.582800,0.016173,-0.147068,0.037196,1,1
3414,86,-0.537696,0.089197,-0.024974,0.090534,1,1
3424,86,-0.524336,0.006379,-0.204760,0.125414,1,1
3416,86,-0.447609,0.045917,0.006172,0.083389,1,1
3421,86,-0.538722,-0.040954,-0.068313,0.104510,1,1
3417,86,-0.463634,0.004394,0.017120,0.169042,1,1
3412,86,-0.544137,0.017390,0.001077,0.086808,1,1
3431,86,-0.448639,-0.083380,-0.080000,0.055844,0,1
3428,86,-0.601418,0.009205,-0.167256,0.163668,1,1
3404,86,-0.534168,-0.017291,-0.026627,0.119186,1,1
3458,87,-0.562370,-0.073558,-0.034378,0.105167,1,1
3445,87,-0.527155,0.059280,0.057846,0.159063,1,1
3449,87,-0.665524,0.069299,-0.090511,0.109918,1,0
3469,87,-0.477519,0.056718,-0.266739,0.193092,1,1
3448,87,-0.574587,0.058280,-0.075447,0.100215,1,1
3472,87,-0.587571,0.025083,-0.191741,0.051414,1,1
3466,87,-0.575327,-0.012948,-0.129195,0.176274,1,1
3456,87,-0.529024,-0.014436,-0.088399,0.087789,1,1
3452,87,-0.618251,0.015483,-0.042706,0.153859,1,1
3468,87,-0.573297,-0.006061,-0.108198,0.143813,1,1
3477,87,-0.517734,-0.070645,-0.119619,0.202133,1,1
3442,87,-0.507257,0.025703,-0.008734,0.164902,1,1
3463,87,-0.443758,0.003802,-0.114142,0.031165,1,1
3476,87,-0.479013,-0.087266,-0.127396,0.125338,1,1
3450,87,-0.566835,0.078968,0.022760,0.218956,1,1
3462,87,-0.581666,0.043764,-0.088410,0.132284,1,1
3460,87,-0.572841,-0.095315,-0.191812,0.117931,1,1
3479,87,-0.488254,-0.044796,-0.166963,0.108204,1,1
3441,87,-0.527797,0.065988,-0.016457,0.096917,1,1
3455,87,-0.565838,0.024458,-0.038318,0.161832,1,1
3443,87,-0.555172,0.081786,-0.095407,0.163945,1,1
3444,87,-0.539395,0.094410,0.097239,0.190116,1,1
3478,87,-0.510501,0.026205,-0.115000,0.068744,1,1
3470,87,-0.529621,0.046330,-0.148790,0.124107,1,1
3459,87,-0.485379,-0.011637,-0.045803,0.036801,1,1
3457,87,-0.559630,0.060504,-0.127470,0.163019,1,1
3467,87,-0.492774,-0.077892,-0.199982,0.217385,1,1
3461,87,-0.498777,-0.020747,-0.165095,0.143429,1,1
3451,87,-0.477566,-0.053598,-0.030460,0.140270,1,1
3464,87,-0.571036,-0.036876,-0.117099,0.150472,1,1
3475,87,-0.508568,0.000597,-0.047264,0.133778,1,1
3465,87,-0.533648,-0.036301,-0.092031,0.061098,1,1
3473,87,-0.584979,-0.029107,-0.139257,0.125816,1,1
3471,87,-0.498440,-0.005932,-0.141237,0.188603,1,1
3447,87,-0.569982,0.000394,-0.033071,0.170266,1,1
3474,87,-0.493408,-0.052221,-0.110754,0.102975,1,1
3446,87,-0.685175,0.066899,-0.028352,0.192856,1,0
3440,87,-0.562481,0.009090,-0.103436,0.152867,1,1
3454,87,-0.567490,0.102015,-0.033739,0.101639,1,1
3453,87,-0.554440,-0.042984,-0.018639,0.024298,1,1
3515,88,-0.494155,-0.012527,-0.156408,0.102328,1,1
3518,88,-0.538667,0.014133,-0.153937,0.081481,1,1
3482,88,-0.549288,-0.002537,-0.028162,0.144234,1,1
3491,88,-0.574778,0.046566,-0.051745,0.123458,1,1
3507,88,-0.507633,-0.052617,-0.087814,0.179047,1,1
3492,88,-0.519768,0.065145,-0.030733,0.103010,1,1
3504,88,-0.508118,0.020552,-0.066597,0.119470,1,1
3509,88,-0.482622,-0.049266,-0.105010,0.004842,1,1
3494,88,-0.461993,-0.037292,-0.012703,0.116150,1,1
3510,88,-0.657062,-0.012077,-0.024624,0.071226,1,1
3512,88,-0.456146,0.052654,-0.154493,0.120667,1,1
3513,88,-0.525027,-0.022278,-0.126761,0.115880,1,1
3514,88,-0.546272,-0.003250,-0.141437,0.097725,1,1
3519,88,-0.503712,0.061170,-0.221992,0.128707,1,1
3485,88,-0.577777,0.017906,-0.079308,0.100048,1,1
3489,88,-0.655151,0.000508,-0.010612,0.126703,1,1
3508,88,-0.527862,0.019084,-0.108692,0.168599,1,1
3490,88,-0.579902,0.082502,0.046901,0.111130,1,1
3481,88,-0.505910,0.052784,-0.143241,0.133340,1,1
3496,88,-0.635236,0.089836,0.064444,0.124484,1,1
3497,88,-0.484298,0.001783,-0.041700,0.091156,1,1
3516,88,-0.586515,-0.045895,-0.095926,0.145782,1,1
3517,88,-0.573867,-0.133167,-0.122368,0.183567,0,1
3500,88,-0.474518,-0.033772,-0.141879,0.143106,1,1
3487,88,-0.550930,0.013217,-0.059453,0.131936,1,1
3498,88,-0.572872,0.080674,0.011508,0.111686,1,1
3488,88,-0.508360,0.022817,0.020569,0.084968,1,1
3495,88,-0.535803,-0.023260,-0.032212,0.057023,1,1
3486,88,-0.551880,0.053692,0.018825,0.043711,1,1
3511,88,-0.604896,-0.040748,-0.122443,0.125613,1,1
3502,88,-0.540181,0.047389,-0.066473,0.055088,1,1
3501,88,-0.503252,0.099307,-0.089523,0.115015,1,1
3499,88,-0.532889,-0.062495,0.032330,0.080009,1,1
3480,88,-0.613499,0.045309,-0.008964,0.058651,1,1
3484,88,-0.505863,-0.069409,0.046605,0.110998,1,1
3505,88,-0.497068,0.067070,-0.108231,0.181767,1,1
3493,88,-0.530947,0.135065,-0.064727,0.093318,1,1
3483,88,-0.569375,-0.025643,-0.013646,0.108925,1,1
3506,88,-0.629449,-0.042696,-0.161567,0.072083,1,1
3503,88,-0.614185,-0.025379,-0.168834,0.183204,1,1
3548,89,-0.490608,-0.062270,0.179160,-0.067008,1,1
3546,89,-0.412163,0.013578,0.115153,-0.012913,1,1
3520,89,-0.627328,0.028768,0.102841,0.268919,1,1
3549,89,-0.495000,0.000483,0.159045,0.019175,1,1
3537,89,-0.632006,0.035937,0.163672,0.285374,1,1
3524,89,-0.605319,0.068728,0.063481,0.454267,1,1
3545,89,-0.441867,0.130280,0.134654,0.013626,0,1
3558,89,-0.523914,-0.063307,0.158952,-0.148310,1,1
3522,89,-0.538281,0.010806,0.076520,0.357166,1,1
3525,89,-0.586838,0.008655,0.141452,0.310922,1,1
3535,89,-0.557436,0.033205,0.233365,0.334915,1,1
3554,89,-0.492602,0.137526,0.144956,-0.105298,1,1
3532,89,-0.476169,0.053765,0.123638,0.274129,1,1
3540,89,-0.570785,-0.039851,0.102504,-0.038867,1,1
3544,89,-0.555820,0.027962,0.206243,-0.124930,1,1
3531,89,-0.568926,-0.038699,0.091352,0.307667,1,1
3534,89,-0.450354,0.004011,0.101603,0.357903,1,1
3536,89,-0.537178,0.020069,0.108077,0.290012,1,1
3553,89,-0.465824,-0.064684,0.145154,-0.050754,1,1
3529,89,-0.545290,0.066782,0.086485,0.212475,1,1
3542,89,-0.562122,0.033388,0.147442,-0.011313,1,1
3550,89,-0.511312,0.001078,0.231896,-0.013145,1,1
3526,89,-0.582733,0.011550,0.105118,0.266741,1,1
3552,89,-0.492041,-0.037312,0.284275,0.054886,1,1
3555,89,-0.536209,0.015395,0.150252,0.001791,1,1
3527,89,-0.618614,0.042937,0.001009,0.338746,1,1
3521,89,-0.566025,-0.086578,0.111379,0.287663,1,1
3543,89,-0.533582,0.081342,0.157164,-0.046300,1,1
3557,89,-0.531513,-0.026860,0.203209,-0.070414,1,1
3528,89,-0.574584,-0.032898,-0.009770,0.409223,1,1
3539,89,-0.605392,0.035056,0.102256,0.348161,1,1
3556,89,-0.512949,-0.007726,0.196337,-0.125237,1,1
3533,89,-0.513416,0.092196,0.132360,0.352192,1,1
3530,89,-0.543223,-0.015013,0.154761,0.300452,1,1
3538,89,-0.521183,0.052370,0.104611,0.378101,1,1
3541,89,-0.495913,-0.041806,0.233119,-0.052454,1,1
3547,89,-0.545877,-0.011535,0.063085,-0.007281,1,1
3523,89,-0.653365,0.088838,0.055621,0.350584,1,0
3559,89,-0.542643,-0.059445,0.192092,-0.063790,1,1
3551,89,-0.531735,-0.000027,0.218482,-0.098420,1,1
3567,90,-0.564089,-0.007715,0.140827,0.429190,1,1
3587,90,-0.529008,-0.004647,0.207851,-0.056040,1,1
3589,90,-0.550134,0.028738,0.170231,-0.093719,1,1
3574,90,-0.501999,0.049811,0.065028,0.324834,1,1
3594,90,-0.567693,-0.049687,0.168409,-0.084260,1,1
3571,90,-0.527204,-0.081174,0.230674,0.288250,1,1
3584,90,-0.486330,0.109456,0.239239,-0.033652,1,1
3577,90,-0.605027,-0.038026,0.166242,0.281959,1,1
3566,90,-0.571425,0.081747,0.225808,0.354401,1,1
3568,90,-0.532646,-0.010047,0.126489,0.417923,1,1
3593,90,-0.505198,0.020821,0.087860,-0.067648,1,1
3569,90,-0.614277,-0.096161,0.063753,0.252716,1,1
3588,90,-0.512937,0.049383,0.157707,-0.003825,1,1
3585,90,-0.560143,0.046673,0.215135,-0.055724,1,1
3582,90,-0.555547,0.053642,0.146075,-0.039941,1,1
3563,90,-0.540166,0.025305,0.174288,0.403703,1,1
3580,90,-0.540901,0.019020,0.196687,0.004442,1,1
3573,90,-0.501115,0.003541,0.118085,0.314009,1,1
3596,90,-0.633999,0.027446,0.164945,-0.011438,1,1
3583,90,-0.519469,0.004043,0.232812,-0.074535,1,1
3598,90,-0.543261,-0.027086,0.102834,0.009443,1,1
3581,90,-0.499568,0.034053,0.098543,-0.021047,1,1
3592,90,-0.541761,-0.028770,0.212694,-0.063357,1,1
3562,90,-0.604457,-0.040454,0.066778,0.282618,1,1
3595,90,-0.542615,0.026007,0.137438,-0.074646,1,1
3599,90,-0.480329,0.068140,0.219216,0.005430,1,1
3572,90,-0.511032,0.120529,0.153003,0.291895,1,1
3586,90,-0.510046,0.042061,0.209362,-0.022631,1,1
3579,90,-0.566432,-0.006487,0.136242,0.362387,1,1
3590,90,-0.496106,-0.038877,0.107922,-0.104043,1,1
3575,90,-0.543311,-0.040669,0.102290,0.302209,1,1
3570,90,-0.530686,0.025984,0.144278,0.317580,1,1
3565,90,-0.601312,0.043388,0.163080,0.257987,1,1
3576,90,-0.582728,0.036951,0.089375,0.279033,1,1
3561,90,-0.425939,0.020323,0.115595,0.321081,1,1
3560,90,-0.631962,-0.013170,0.105115,0.308758,1,1
3564,90,-0.479335,0.010061,0.088662,0.279501,1,1
3578,90,-0.606041,-0.017430,0.182405,0.319544,1,1
3597,90,-0.493361,-0.039984,0.183991,-0.039073,1,1
3591,90,-0.558819,0.021715,0.162352,-0.083239,1,1
3615,91,-0.589999,0.039534,0.022770,0.353218,1,1
3608,91,-0.525807,-0.066023,0.214263,0.414705,1,1
3611,91,-0.563307,-0.009643,0.177758,0.347662,1,1
3601,91,-0.559213,0.102375,0.122952,0.245292,1,1
3629,91,-0.537485,0.077719,0.233860,-0.040261,1,1
3639,91,-0.554486,0.019367,0.087128,-0.034116,1,1
3614,91,-0.565615,0.077190,0.101232,0.265856,1,1
3621,91,-0.482026,0.011447,0.149488,0.005879,1,1
3618,91,-0.599715,0.047683,0.103212,0.280348,1,1
3637,91,-0.518603,-0.024617,0.187082,-0.096028,1,1
3600,91,-0.534252,-0.027381,0.013959,0.369446,1,1
3616,91,-0.549121,0.008751,0.126384,0.281618,1,1
3631,91,-0.590681,-0.017568,0.164584,-0.132309,1,1
3630,91,-0.505145,-0.004136,0.110307,-0.112597,1,1
3623,91,-0.565613,0.036963,0.168872,-0.066519,1,1
3636,91,-0.456239,-0.011965,0.228808,-0.120609,1,1
3628,91,-0.512939,-0.004897,0.154820,-0.034527,1,1
3604,91,-0.544746,-0.025698,0.054199,0.441179,1,1
3626,91,-0.512562,-0.093233,0.108730,0.002617,1,1
3617,91,-0.598970,0.125344,0.123378,0.289873,1,1
3633,91,-0.579621,0.016054,0.162952,-0.028910,1,1
3613,91,-0.548088,0.097257,0.136536,0.334841,1,1
3603,91,-0.511207,0.006420,0.088884,0.311157,1,1
3605,91,-0.553352,0.048973,0.100945,0.373546,1,1
3620,91,-0.433864,-0.119239,0.209750,0.038484,0,1
3625,91,-0.443834,0.013187,0.198144,-0.087218,1,1
3607,91,-0.684237,0.061588,0.105699,0.276513,1,0
3624,91,-0.505249,0.040047,0.143044,-0.082067,1,1
3610,91,-0.621410,0.020342,0.196957,0.400101,1,1
3606,91,-0.512445,0.105385,0.139227,0.293342,1,1
3612,91,-0.526594,-0.011821,0.045792,0.373209,1,1
3619,91,-0.615652,0.050170,0.112851,0.286009,1,1
3609,91,-0.584846,-0.027681,0.154964,0.372927,1,1
3602,91,-0.672876,0.092427,0.087778,0.303414,1,0
3634,91,-0.476438,-0.032161,0.100640,0.086149,1,1
3638,91,-0.618585,0.057240,0.313269,-0.016892,1,1
3635,91,-0.534359,0.046381,0.122887,-0.049822,1,1
3627,91,-0.493944,-0.039664,0.226924,-0.134045,1,1
3632,91,-0.522399,0.008332,0.127068,-0.063710,1,1
3622,91,-0.576538,-0.015576,0.161582,-0.072679,1,1
3668,92,-0.572982,-0.110491,0.210055,-0.089215,1,1
3659,92,-0.508180,0.007394,0.131521,0.448255,1,1
3661,92,-0.588789,0.040605,0.144590,-0.060321,1,1
3657,92,-0.602679,0.049620,0.134870,0.254760,1,1
3676,92,-0.630925,0.012082,0.160542,-0.021994,1,1
3667,92,-0.545715,-0.011774,0.139994,-0.103353,1,1
3654,92,-0.476325,0.027654,0.081496,0.325661,1,1
3670,92,-0.508341,0.002105,0.143677,-0.085648,1,1
3664,92,-0.459709,0.072038,0.180969,-0.031238,1,1
3672,92,-0.503651,-0.096814,0.207354,-0.074504,1,1
3640,92,-0.547838,0.044257,0.115677,0.398751,1,1
3641,92,-0.583973,0.087455,0.187229,0.359719,1,1
3648,92,-0.627652,-0.023442,0.130241,0.394360,1,1
3642,92,-0.511476,0.034703,0.122119,0.263903,1,1
3644,92,-0.444649,-0.014291,0.103265,0.326226,1,1
3645,92,-0.600874,-0.023330,0.078378,0.212425,1,1
3658,92,-0.511767,0.035054,0.208202,0.212601,1,1
3678,92,-0.560009,0.016229,0.157150,0.023064,1,1
3679,92,-0.551296,0.048826,0.150634,-0.077470,1,1
3671,92,-0.429561,-0.009892,0.096723,-0.076549,1,1
3653,92,-0.568260,-0.015128,0.102376,0.327456,1,1
3663,92,-0.444848,0.034773,0.071343,-0.072521,1,1
3650,92,-0.509979,0.040493,0.114952,0.298681,1,1
3646,92,-0.643829,0.019612,0.089202,0.250023,1,1
3662,92,-0.501193,-0.007626,0.113410,-0.070693,1,1
3649,92,-0.488791,0.073012,0.176892,0.349603,1,1
3643,92,-0.486273,0.056714,0.091377,0.302285,1,1
3647,92,-0.517715,0.073829,-0.009632,0.281915,1,1
3660,92,-0.535613,0.039911,0.211529,-0.041470,1,1
3655,92,-0.505526,0.111877,0.114574,0.373821,1,1
3675,92,-0.603884,0.022149,0.234570,0.071903,1,1
3656,92,-0.550750,0.032161,0.035177,0.320586,1,1
3674,92,-0.545188,0.056398,0.219188,0.023134,1,1
3665,92,-0.561923,-0.052957,0.175922,0.033204,1,1
3677,92,-0.455309,0.014312,0.137446,-0.148920,1,1
3669,92,-0.527959,-0.004406,0.097110,-0.069370,1,1
3651,92,-0.491433,0.014976,0.166502,0.309769,1,1
3673,92,-0.540580,-0.082177,0.192289,-0.057902,1,1
3666,92,-0.438596,0.055698,0.159360,-0.105411,1,1
3652,92,-0.500291,0.019968,0.186083,0.348793,1,1
3698,93,-0.481477,0.017968,0.108163,0.295441,1,1
3700,93,-0.483521,0.034878,0.108534,-0.148403,1,1
3718,93,-0.573308,-0.034165,0.296053,0.003474,1,1
3689,93,-0.487687,0.029855,0.190847,0.316046,1,1
3705,93,-0.503476,0.082212,0.171275,-0.023291,1,1
3708,93,-0.527986,0.108251,0.255432,0.046723,1,1
3704,93,-0.556999,-0.050078,0.179028,-0.082865,1,1
3694,93,-0.559758,0.040304,0.171208,0.296823,1,1
3703,93,-0.591379,-0.025310,0.208615,0.002183,1,1
3702,93,-0.522345,-0.034626,0.136409,-0.061690,1,1
3684,93,-0.589514,0.035495,0.163253,0.322443,1,1
3692,93,-0.644723,-0.044814,0.134476,0.328301,1,1
3697,93,-0.602978,0.072084,0.148454,0.322664,1,1
3719,93,-0.527063,0.082602,0.202652,0.086147,1,1
3691,93,-0.522456,-0.034842,0.060054,0.321064,1,1
3681,93,-0.602732,0.042917,0.086617,0.265861,1,1
3687,93,-0.563800,0.046588,0.041200,0.304561,1,1
3712,93,-0.534165,0.017446,0.214107,-0.000288,1,1
3699,93,-0.607645,0.041767,0.200269,0.255805,1,1
3686,93,-0.512527,0.023486,0.023936,0.455467,1,1
3713,93,-0.511125,0.026731,0.149077,-0.106359,1,1
3701,93,-0.558858,0.014233,0.175933,-0.046418,1,1
3716,93,-0.525350,0.044923,0.226050,-0.047174,1,1
3715,93,-0.558555,-0.046119,0.164004,-0.035838,1,1
3683,93,-0.493440,-0.008113,0.086418,0.276601,1,1
3710,93,-0.575601,0.011815,0.169706,-0.012326,1,1
3706,93,-0.558519,0.058040,0.179160,-0.011594,1,1
3680,93,-0.501933,-0.052813,0.111303,0.309351,1,1
3711,93,-0.504399,-0.018153,0.240792,-0.071069,1,1
3707,93,-0.456687,0.026500,0.108918,-0.189581,1,1
3682,93,-0.635891,0.021013,0.005758,0.343823,1,1
3714,93,-0.545095,0.029294,0.191236,-0.050544,1,1
3717,93,-0.578364,0.002513,0.103324,-0.004846,1,1
3693,93,-0.558674,0.075771,0.166031,0.297476,1,1
3690,93,-0.518343,0.015777,0.095759,0.342755,1,1
3685,93,-0.561852,0.000211,0.066762,0.385667,1,1
3696,93,-0.528614,0.088841,0.104194,0.365073,1,1
3709,93,-0.489120,0.066981,0.096129,-0.114515,1,1
3688,93,-0.583260,0.030257,0.084433,0.291908,1,1
3695,93,-0.529170,0.014471,0.108188,0.290152,1,1
3729,94,-0.471807,0.069024,0.061158,0.347313,1,1
3739,94,-0.600750,-0.076635,0.114100,0.279391,1,1
3732,94,-0.611814,0.047338,0.083227,0.313572,1,1
3749,94,-0.515933,-0.095432,0.164487,0.041365,1,1
3752,94,-0.540127,-0.028174,0.188372,0.172452,1,1
3757,94,-0.561132,-0.048857,0.286494,-0.069466,1,1
3751,94,-0.624168,0.052849,0.242600,0.057865,1,1
3737,94,-0.578935,0.049364,0.047239,0.305674,1,1
3734,94,-0.512679,-0.017392,0.109021,0.398176,1,1
3743,94,-0.573650,0.161173,0.206839,0.064339,1,1
3725,94,-0.555807,0.015249,0.077246,0.350960,1,1
3748,94,-0.562127,-0.044597,0.203681,0.072425,1,1
3750,94,-0.430237,-0.021807,0.205100,0.161975,1,1
3731,94,-0.532270,-0.061227,0.139262,0.286400,1,1
3755,94,-0.590977,0.020220,0.209048,0.057527,1,1
3746,94,-0.478142,-0.037325,0.189972,0.047964,1,1
3724,94,-0.486514,0.074332,0.051287,0.324341,1,1
3753,94,-0.467975,0.023952,0.241698,-0.050508,1,1
3742,94,-0.531677,0.071159,0.263402,0.067104,1,1
3722,94,-0.521097,-0.003456,0.112284,0.332659,1,1
3738,94,-0.561673,0.127113,0.086522,0.306244,1,1
3754,94,-0.501106,-0.040298,0.183176,0.081068,1,1
3747,94,-0.536372,-0.013595,0.074341,0.057864,1,1
3745,94,-0.490979,0.011706,0.239997,0.046505,1,1
3740,94,-0.453410,-0.018507,0.198428,0.143674,1,1
3723,94,-0.504052,0.019959,0.112350,0.332444,1,1
3756,94,-0.589241,0.024127,0.224895,0.080763,1,1
3728,94,-0.561104,0.013174,0.050204,0.399986,1,1
3744,94,-0.563668,-0.005178,0.156800,0.180477,1,1
3733,94,-0.568618,0.089431,0.149813,0.360468,1,1
3736,94,-0.626644,-0.002779,0.050056,0.402739,1,1
3720,94,-0.589444,-0.050970,0.142302,0.362010,1,1
3735,94,-0.493155,-0.042840,0.001645,0.291713,1,1
3726,94,-0.567485,0.039447,0.199471,0.417160,1,1
3727,94,-0.495973,-0.011895,0.125342,0.326561,1,1
3759,94,-0.563778,-0.047347,0.323818,0.041499,1,1
3758,94,-0.561249,0.122262,0.229167,-0.002167,1,1
3730,94,-0.625642,0.101538,0.114418,0.287587,1,1
3721,94,-0.562101,0.039890,0.197237,0.395486,1,1
3741,94,-0.529400,-0.038080,0.218631,0.062884,1,1
3796,95,-0.534965,0.050154,0.196753,0.091496,1,1
3782,95,-0.551299,0.064123,0.245106,0.027093,1,1
3769,95,-0.538086,0.006011,0.166980,0.361816,1,1
3791,95,-0.476118,-0.034571,0.159324,0.027240,1,1
3766,95,-0.544106,0.040627,0.096384,0.345424,1,1
3776,95,-0.541241,-0.071591,0.027108,0.279593,1,1
3773,95,-0.579464,-0.005867,0.088627,0.371151,1,1
3794,95,-0.573946,-0.017113,0.193902,0.023581,1,1
3768,95,-0.576632,-0.021308,0.088651,0.281687,1,1
3770,95,-0.547511,-0.009193,0.099412,0.365461,1,1
3793,95,-0.520562,0.070968,0.227113,0.035861,1,1
3785,95,-0.514602,-0.045015,0.158673,0.062673,1,1
3787,95,-0.488901,-0.078968,0.167060,0.017283,1,1
3778,95,-0.483771,-0.061027,0.142154,0.464649,1,1
3764,95,-0.564831,0.065163,0.105200,0.304495,1,1
3762,95,-0.538052,-0.013629,0.107141,0.292039,1,1
3780,95,-0.538368,-0.043297,0.241580,0.150376,1,1
3799,95,-0.541242,-0.034079,0.199914,0.018366,1,1
3781,95,-0.559087,0.012562,0.220489,-0.008030,1,1
3790,95,-0.502862,0.005409,0.189599,0.058754,1,1
3795,95,-0.561480,0.134000,0.242177,0.007434,1,1
3784,95,-0.516208,-0.004898,0.229158,-0.039061,1,1
3771,95,-0.440720,0.001199,0.002933,0.393931,1,1
3775,95,-0.480089,0.076961,0.151829,0.338042,1,1
3786,95,-0.444674,0.007626,0.309152,0.110074,1,1
3797,95,-0.579154,-0.002007,0.206039,0.067128,1,1
3777,95,-0.549535,0.054686,0.153096,0.295307,1,1
3767,95,-0.542614,0.012494,0.126667,0.350112,1,1
3761,95,-0.539501,0.036329,0.035105,0.323239,1,1
3765,95,-0.495254,-0.017410,0.164943,0.387724,1,1
3798,95,-0.440789,-0.016686,0.181285,0.106513,1,1
3772,95,-0.520741,0.011272,0.175238,0.318257,1,1
3792,95,-0.524433,0.020475,0.218830,-0.066219,1,1
3774,95,-0.597276,0.004204,0.111258,0.359614,1,1
3760,95,-0.536129,0.019484,0.087829,0.286795,1,1
3789,95,-0.589135,-0.003271,0.300310,0.091915,1,1
3763,95,-0.513064,0.060698,0.093043,0.389962,1,1
3783,95,-0.480600,0.051118,0.202086,0.002501,1,1
3788,95,-0.556612,0.110004,0.185267,0.000709,1,1
3779,95,-0.584177,-0.040918,0.109155,0.306724,1,1
3818,96,-0.524513,-0.062996,0.113205,0.384511,1,1
3809,96,-0.540134,0.046119,0.089605,0.407382,1,1
3825,96,-0.508816,0.034831,0.243627,0.064743,1,1
3823,96,-0.552608,-0.057305,0.316043,0.034008,1,1
3812,96,-0.564884,0.052302,0.144682,0.310571,1,1
3834,96,-0.519957,0.029620,0.225653,0.106700,1,1
3805,96,-0.545115,0.092539,0.093408,0.432469,1,1
3835,96,-0.569025,0.079048,0.240449,0.072995,1,1
3824,96,-0.428683,0.028173,0.219364,0.047770,1,1
3821,96,-0.550254,-0.022468,0.157359,0.012118,1,1
3837,96,-0.478967,-0.005039,0.236512,0.069498,1,1
3831,96,-0.430429,-0.062545,0.165236,0.080978,0,1
3829,96,-0.456031,-0.021739,0.163591,0.093353,1,1
3832,96,-0.562072,-0.052584,0.255977,0.141688,1,1
3826,96,-0.444297,-0.056764,0.275904,0.056710,1,1
3813,96,-0.555502,0.020583,0.132092,0.315967,1,1
3838,96,-0.545717,0.039203,0.248010,0.123814,1,1
3806,96,-0.407714,-0.007920,0.129800,0.288185,1,1
3819,96,-0.589278,-0.037242,0.184274,0.294638,1,1
3807,96,-0.543052,0.038563,0.120665,0.298404,1,1
3811,96,-0.498671,0.114661,0.136089,0.375674,1,1
3808,96,-0.585825,0.036586,0.099895,0.282204,1,1
3816,96,-0.472282,0.001653,0.113540,0.219747,1,1
3802,96,-0.455550,0.086764,0.119755,0.336040,1,1
3801,96,-0.506555,0.033648,0.057189,0.355080,1,1
3822,96,-0.539882,-0.072620,0.220360,0.095139,1,1
3803,96,-0.494379,0.060008,0.050913,0.356015,1,1
3833,96,-0.579920,-0.041653,0.300709,0.042896,1,1
3839,96,-0.500444,0.006695,0.251001,0.064887,1,1
3815,96,-0.546856,0.048675,0.187776,0.372025,1,1
3800,96,-0.533180,0.031253,0.123760,0.246153,1,1
3814,96,-0.543458,-0.039254,0.017644,0.363455,1,1
3820,96,-0.541527,-0.064644,0.239089,0.105635,1,1
3836,96,-0.466325,-0.020745,0.302118,0.073690,1,1
3804,96,-0.499304,0.082141,0.128460,0.418600,1,1
3817,96,-0.552274,0.105727,0.186272,0.363271,1,1
3810,96,-0.501051,0.133498,0.071656,0.332980,1,1
3830,96,-0.467065,0.032342,0.209083,0.002234,1,1
3828,96,-0.515714,-0.002332,0.292793,0.096780,1,1
3827,96,-0.526188,0.017752,0.123258,0.086867,1,1
3874,97,-0.484476,-0.025683,0.290049,0.068939,1,1
3852,97,-0.608351,0.078997,0.155664,0.340161,1,1
3863,97,-0.531487,-0.011839,0.214891,-0.005128,1,1
3861,97,-0.554604,-0.027725,0.273307,0.101573,1,1
3848,97,-0.552749,0.049433,0.104427,0.321168,1,1
3864,97,-0.566638,-0.002342,0.216406,0.070018,1,1
3873,97,-0.455340,0.029990,0.234400,0.017758,1,1
3866,97,-0.597602,-0.036766,0.261551,-0.050641,1,1
3870,97,-0.522145,0.074241,0.249219,0.026142,1,1
3849,97,-0.490985,0.033497,0.137878,0.435320,1,1
3877,97,-0.582778,-0.027709,0.284964,-0.009500,1,1
3860,97,-0.513898,-0.032753,0.243318,0.071439,1,1
3867,97,-0.503345,-0.025624,0.103732,0.066502,1,1
3855,97,-0.562896,0.059082,0.094411,0.296674,1,1
3872,97,-0.447185,0.015103,0.247368,0.026423,1,1
3840,97,-0.605918,0.087330,0.168218,0.369559,1,1
3858,97,-0.653671,-0.110535,0.089511,0.350442,1,0
3842,97,-0.634114,-0.007198,0.041213,0.357144,1,1
3841,97,-0.532884,0.066821,0.034615,0.291163,1,1
3857,97,-0.582190,0.092748,0.137608,0.352432,1,1
3865,97,-0.595952,-0.189009,0.234362,0.078144,0,1
3844,97,-0.605723,0.107409,0.136072,0.382564,1,1
3878,97,-0.418822,0.161281,0.301387,0.030751,0,1
3847,97,-0.448816,0.067862,0.052485,0.268874,1,1
3853,97,-0.586890,0.005762,0.135298,0.214436,1,1
3845,97,-0.586936,0.010011,0.029052,0.361046,1,1
3875,97,-0.518470,0.029356,0.184591,0.116982,1,1
3859,97,-0.586757,0.010627,0.159790,0.353951,1,1
3879,97,-0.541118,-0.007562,0.228634,0.024452,1,1
3856,97,-0.578284,0.051381,0.100243,0.322152,1,1
3868,97,-0.501661,0.032785,0.128757,0.052964,1,1
3851,97,-0.515564,0.075398,0.211881,0.355460,1,1
3876,97,-0.526979,0.079325,0.234911,0.055261,1,1
3871,97,-0.597414,0.098680,0.183319,0.029276,1,1
3850,97,-0.603042,0.051371,0.055385,0.355491,1,1
3869,97,-0.436750,0.042336,0.269116,0.011243,1,1
3862,97,-0.579433,0.055952,0.284423,-0.040323,1,1
3854,97,-0.604382,0.039336,0.003308,0.317521,1,1
3846,97,-0.617677,0.074872,0.106799,0.341713,1,1
3843,97,-0.531394,0.118707,0.133661,0.341455,1,1
3890,98,-0.553049,0.008763,0.141744,0.315578,1,1
3919,98,-0.408686,-0.017156,0.327918,0.048723,0,1
3893,98,-0.530174,0.118131,0.127769,0.292672,1,1
3918,98,-0.510438,0.122371,0.246282,0.094795,1,1
3912,98,-0.519191,0.018361,0.190294,0.071746,1,1
3898,98,-0.600222,0.011831,0.166554,0.354014,1,1
3883,98,-0.536246,0.009484,0.024099,0.251648,1,1
3913,98,-0.493655,0.027218,0.195852,0.015480,1,1
3903,98,-0.544744,0.000584,0.207251,0.073900,1,1
3908,98,-0.489910,-0.063334,0.210302,0.064540,1,1
3905,98,-0.586778,0.019867,0.114563,0.026154,1,1
3904,98,-0.542465,-0.007665,0.212784,0.059654,1,1
3887,98,-0.588215,0.064241,0.067029,0.312983,1,1
3917,98,-0.497572,0.032862,0.202854,0.134614,1,1
3885,98,-0.652129,0.046280,0.127662,0.396041,1,1
3914,98,-0.451776,0.058871,0.182634,0.029901,1,1
3880,98,-0.577302,0.061470,0.063959,0.398225,1,1
3891,98,-0.567006,0.092372,0.129184,0.371435,1,1
3886,98,-0.573938,-0.028367,0.159294,0.348985,1,1
3894,98,-0.563965,-0.033985,0.160456,0.334395,1,1
3889,98,-0.594635,0.141181,0.194823,0.365169,1,0
3906,98,-0.457889,0.033143,0.218272,0.082369,1,1
3910,98,-0.517375,0.078343,0.239746,0.070336,1,1
3892,98,-0.566514,0.046914,0.078630,0.331851,1,1
3915,98,-0.537193,0.033882,0.300643,0.075001,1,1
3901,98,-0.439001,-0.046757,0.188325,0.008104,1,1
3882,98,-0.573411,0.043727,0.173672,0.331827,1,1
3899,98,-0.536530,0.059074,0.061441,0.317154,1,1
3911,98,-0.568583,0.051074,0.211621,0.041394,1,1
3897,98,-0.513106,0.094505,0.068547,0.310836,1,1
3907,98,-0.524536,-0.004476,0.181898,0.110567,1,1
3896,98,-0.559854,0.061841,0.157822,0.274587,1,1
3902,98,-0.549363,-0.067203,0.159963,-0.029211,1,1
3909,98,-0.595533,0.007164,0.183472,0.131946,1,1
3884,98,-0.585178,0.012652,0.132351,0.320322,1,1
3888,98,-0.583876,0.019868,0.120893,0.299222,1,1
3895,98,-0.442017,-0.032455,0.025982,0.348731,1,1
3881,98,-0.622239,-0.016638,0.046209,0.385316,1,1
3900,98,-0.547614,-0.011821,0.210841,-0.005351,1,1
3916,98,-0.600237,0.036353,0.283415,0.007495,1,1
3931,99,-0.569513,0.028361,0.092117,0.289502,1,1
3921,99,-0.621133,0.039929,0.071855,0.384902,1,1
3938,99,-0.481192,0.036806,0.129136,0.266104,1,1
3923,99,-0.614318,0.028925,0.222782,0.323712,1,1
3934,99,-0.517765,0.113893,0.091098,0.366720,1,1
3942,99,-0.531269,-0.010178,0.208689,0.027416,1,1
3940,99,-0.568058,-0.057314,0.169594,0.059022,1,1
3948,99,-0.504558,0.062406,0.197869,0.051970,1,1
3959,99,-0.521911,0.077465,0.244806,-0.001222,1,1
3958,99,-0.620613,0.011461,0.222280,0.024333,1,1
3922,99,-0.594627,0.070294,0.094697,0.275581,1,1
3947,99,-0.565582,-0.003847,0.329782,-0.014261,1,1
3925,99,-0.618805,0.025478,0.046230,0.259223,1,1
3943,99,-0.504580,-0.035392,0.165397,0.023945,1,1
3956,99,-0.481117,-0.032174,0.167067,0.179856,1,1
3957,99,-0.417568,0.024671,0.267379,0.053405,1,1
3949,99,-0.521595,0.038772,0.240826,0.134651,1,1
3946,99,-0.510549,0.006656,0.294400,0.163838,1,1
3945,99,-0.457877,0.003873,0.276903,0.046980,1,1
3939,99,-0.485135,-0.043014,-0.004012,0.379577,1,1
3953,99,-0.554508,0.012610,0.159972,0.060002,1,1
3944,99,-0.451577,0.052100,0.211325,0.117531,1,1
3941,99,-0.504807,0.004157,0.232123,0.038419,1,1
3933,99,-0.539116,0.034814,0.102474,0.244441,1,1
3924,99,-0.599384,-0.007769,0.153374,0.264103,1,1
3927,99,-0.563312,-0.004038,0.062459,0.247336,1,1
3936,99,-0.601206,-0.017015,0.096537,0.420316,1,1
3935,99,-0.578072,-0.016899,0.149188,0.403614,1,1
3928,99,-0.559055,-0.014786,0.165717,0.325630,1,1
3926,99,-0.519746,0.052775,0.150260,0.356525,1,1
3950,99,-0.482343,-0.048257,0.115567,-0.002496,1,1
3955,99,-0.506055,0.046138,0.135691,0.049719,1,1
3920,99,-0.544230,0.011670,0.073217,0.322347,1,1
3951,99,-0.495335,0.024970,0.228113,0.069566,1,1
3952,99,-0.548029,-0.008076,0.166818,0.104345,1,1
3937,99,-0.485865,0.001820,0.090026,0.320968,1,1
3929,99,-0.530091,0.078990,0.117109,0.339326,1,1
3954,99,-0.529781,0.053769,0.181448,0.105480,1,1
3932,99,-0.511680,0.031416,0.046445,0.424805,1,1
3930,99,-0.500404,0.116613,0.047598,0.348312,1,1
3964,100,-0.464903,0.059234,0.108357,0.271548,1,1
3979,100,-0.557839,0.056679,0.049978,0.282625,1,1
3970,100,-0.474129,-0.025259,0.119074,0.251666,1,1
3976,100,-0.594634,0.052050,0.000368,0.373328,1,1
3986,100,-0.499958,0.062355,0.260571,0.059429,1,1
3983,100,-0.519455,0.072736,0.236776,0.116815,1,1
3974,100,-0.548498,0.047471,0.173094,0.311349,1,1
3978,100,-0.530403,-0.016498,0.103641,0.330205,1,1
3992,100,-0.478448,0.063044,0.234189,0.025252,1,1
3984,100,-0.470914,0.034638,0.313076,0.027804,1,1
3989,100,-0.516325,-0.069870,0.059384,0.054046,1,1
3993,100,-0.531185,-0.109144,0.233815,0.089011,1,1
3996,100,-0.522424,-0.010490,0.239804,0.010393,1,1
3962,100,-0.649589,0.022293,0.145115,0.287286,1,1
3981,100,-0.438723,0.077270,0.236164,0.032074,1,1
3995,100,-0.519197,0.043014,0.226059,0.098787,1,1
3966,100,-0.594065,0.020090,0.127622,0.281273,1,1
3971,100,-0.530703,0.023200,0.103916,0.285622,1,1
3969,100,-0.591728,-0.073149,0.153620,0.374546,1,1
3967,100,-0.587447,-0.011762,0.167452,0.366745,1,1
3975,100,-0.548177,0.083101,0.048989,0.341655,1,1
3977,100,-0.574274,-0.001554,0.069509,0.346232,1,1
3999,100,-0.460278,-0.046920,0.235821,0.081531,1,1
3961,100,-0.482254,0.062244,0.120901,0.324244,1,1
3997,100,-0.541663,-0.009312,0.208781,-0.059835,1,1
3994,100,-0.515501,-0.049818,0.221318,0.048747,1,1
3963,100,-0.530343,-0.002599,0.125907,0.262065,1,1
3998,100,-0.504863,0.138149,0.182214,0.204443,1,1
3991,100,-0.485678,0.009380,0.198837,0.036392,1,1
3980,100,-0.449550,-0.043077,0.126822,0.117196,1,1
3960,100,-0.494928,0.094448,0.168849,0.296467,1,1
3972,100,-0.517685,0.031028,0.138139,0.392199,1,1
3985,100,-0.456770,-0.008242,0.203820,0.068170,1,1
3973,100,-0.501172,-0.008194,0.175954,0.344922,1,1
3982,100,-0.513585,0.018583,0.230992,0.012760,1,1
3987,100,-0.476786,-0.098613,0.169831,0.016223,0,1
3988,100,-0.508965,-0.036980,0.222116,0.007713,1,1
3968,100,-0.517257,-0.004308,0.144572,0.338054,1,1
3990,100,-0.583174,-0.004225,0.311919,-0.013384,1,1
3965,100,-0.618874,0.023955,0.161507,0.269250,1,1