global_id,timestamp,f1,f2,f3,f4,f5,class_0,class_1
39,1,-0.872609,-0.133795,-0.406739,-0.368722,-0.317674,0,1
29,1,-0.807108,-0.117186,-0.428721,-0.436096,-0.382846,1,1
21,1,-0.819212,-0.122732,-0.354472,-0.470424,-0.332942,1,1
19,1,-0.857606,0.081872,-0.428743,-0.365694,-0.387756,1,0
12,1,-0.809318,-0.047507,-0.352804,-0.229069,-0.344800,1,1
20,1,-0.894399,-0.072459,-0.432895,-0.382388,-0.403432,1,1
14,1,-0.788008,-0.019169,-0.406138,-0.408641,-0.315909,1,1
37,1,-0.817031,-0.162949,-0.461731,-0.395668,-0.433586,0,1
6,1,-0.798895,-0.027462,-0.261173,-0.357936,-0.416671,1,1
25,1,-0.747334,-0.157924,-0.489512,-0.356878,-0.444694,0,1
15,1,-0.795416,-0.031961,-0.320185,-0.356905,-0.276350,1,1
33,1,-0.855749,-0.128288,-0.457904,-0.395426,-0.422790,1,1
30,1,-0.761754,-0.091693,-0.440678,-0.460375,-0.444517,1,1
36,1,-0.784138,-0.129660,-0.417688,-0.395905,-0.360544,1,1
27,1,-0.791216,-0.139010,-0.496217,-0.420697,-0.465239,1,1
8,1,-0.742769,-0.015086,-0.438906,-0.404619,-0.377407,1,1
9,1,-0.880686,-0.013767,-0.285272,-0.452917,-0.317411,1,1
7,1,-0.898654,-0.055999,-0.380633,-0.414196,-0.404020,1,1
17,1,-0.862983,-0.041094,-0.438188,-0.419266,-0.368686,1,1
34,1,-0.886504,-0.087506,-0.470434,-0.414890,-0.427483,1,1
26,1,-0.739430,-0.076016,-0.430231,-0.417777,-0.364301,1,1
16,1,-0.870857,0.054212,-0.439937,-0.437128,-0.275350,1,0
4,1,-0.759713,0.019878,-0.556714,-0.372851,-0.333698,1,1
3,1,-0.814929,0.042153,-0.451883,-0.412134,-0.342727,1,1
13,1,-0.859196,0.028104,-0.401775,-0.382978,-0.345515,1,1
28,1,-0.703475,0.020185,-0.510533,-0.429163,-0.387514,1,1
35,1,-0.748542,-0.077106,-0.464425,-0.395531,-0.436643,1,1
10,1,-0.754370,0.082600,-0.369266,-0.289917,-0.340357,1,0
31,1,-0.815711,-0.056418,-0.479075,-0.395473,-0.450210,1,1
5,1,-0.745989,0.024707,-0.386870,-0.448936,-0.413770,1,1
32,1,-0.794478,-0.069991,-0.490246,-0.466458,-0.362400,1,1
18,1,-0.814351,0.064689,-0.477135,-0.374209,-0.302679,1,0
0,1,-0.777768,0.005570,-0.348285,-0.287427,-0.331823,1,1
22,1,-0.854291,-0.075079,-0.388114,-0.383874,-0.346837,1,1
38,1,-0.797306,-0.127679,-0.394133,-0.514658,-0.483081,1,1
1,1,-0.851921,0.104266,-0.294388,-0.354193,-0.368683,1,0
24,1,-0.757595,-0.031462,-0.441069,-0.376518,-0.465557,1,1
2,1,-0.863650,0.019503,-0.403276,-0.423355,-0.326167,1,1
11,1,-0.736143,0.010937,-0.329627,-0.394007,-0.379321,1,1
23,1,-0.770974,-0.034278,-0.473158,-0.399514,-0.423935,1,1
66,2,-0.792919,-0.147878,-0.428910,-0.382666,-0.413733,1,1
73,2,-0.843090,-0.053020,-0.411747,-0.463367,-0.384559,1,1
56,2,-0.729858,-0.019056,-0.376875,-0.331907,-0.341343,1,1
46,2,-0.729191,0.041286,-0.398481,-0.348185,-0.300128,1,1
49,2,-0.763989,0.029842,-0.488236,-0.371496,-0.473786,1,1
75,2,-0.784391,-0.147528,-0.491004,-0.404357,-0.402441,1,1
60,2,-0.834994,-0.060374,-0.400489,-0.403983,-0.403139,1,1
62,2,-0.853678,-0.127239,-0.405667,-0.463562,-0.393090,1,1
59,2,-0.810664,-0.006553,-0.523828,-0.374832,-0.328188,1,1
65,2,-0.774371,-0.088295,-0.518182,-0.333317,-0.455975,1,1
40,2,-0.757221,0.080308,-0.429782,-0.364129,-0.321595,1,0
78,2,-0.768882,-0.064271,-0.453839,-0.512150,-0.350363,1,1
77,2,-0.829647,-0.109721,-0.457763,-0.462466,-0.305127,1,1
48,2,-0.827495,0.055076,-0.338885,-0.367054,-0.315605,1,1
79,2,-0.746524,-0.044742,-0.458647,-0.516169,-0.372128,1,1
58,2,-0.827355,0.008923,-0.368981,-0.367611,-0.307079,1,1
76,2,-0.863127,-0.078622,-0.325718,-0.415592,-0.383369,1,1
67,2,-0.736594,-0.058728,-0.534921,-0.425747,-0.399468,1,1
55,2,-0.796617,0.038364,-0.455298,-0.360108,-0.347084,1,1
70,2,-0.825389,-0.124241,-0.332779,-0.352546,-0.381316,1,1
71,2,-0.769463,-0.099642,-0.491826,-0.485739,-0.390642,1,1
53,2,-0.851499,-0.068283,-0.381541,-0.427838,-0.367932,1,1
45,2,-0.768982,0.017992,-0.389606,-0.371338,-0.381308,1,1
72,2,-0.805936,-0.036843,-0.398127,-0.364683,-0.366107,1,1
44,2,-0.778330,-0.015648,-0.420848,-0.367434,-0.384128,1,1
51,2,-0.707057,0.003995,-0.423088,-0.347494,-0.364778,1,1
43,2,-0.814707,-0.084897,-0.393919,-0.394854,-0.286242,1,1
54,2,-0.841911,0.014340,-0.439819,-0.355302,-0.364166,1,1
61,2,-0.818566,-0.102572,-0.483449,-0.430312,-0.499019,1,1
47,2,-0.701047,0.023771,-0.385077,-0.397263,-0.387436,1,1
50,2,-0.816605,-0.008042,-0.460488,-0.335691,-0.320832,1,1
57,2,-0.937503,-0.006540,-0.348488,-0.311716,-0.325108,1,0
64,2,-0.857388,0.005027,-0.452296,-0.467013,-0.364183,1,1
74,2,-0.785427,-0.217652,-0.508227,-0.420145,-0.485121,0,1
52,2,-0.753985,0.089226,-0.495245,-0.422503,-0.304878,1,0
63,2,-0.785880,-0.149263,-0.509074,-0.435490,-0.393517,0,1
69,2,-0.868198,-0.025488,-0.490399,-0.311879,-0.361151,1,1
41,2,-0.739748,-0.066692,-0.315499,-0.377206,-0.382351,1,1
68,2,-0.780381,-0.077294,-0.515848,-0.414264,-0.442604,1,1
42,2,-0.780056,0.067506,-0.372340,-0.307094,-0.311814,1,0
82,3,-0.892164,-0.036739,-0.469300,-0.320714,-0.297260,1,0
92,3,-0.839031,-0.001832,-0.335286,-0.408924,-0.348084,1,1
111,3,-0.855099,-0.042127,-0.477229,-0.416508,-0.279831,1,1
101,3,-0.768844,-0.017510,-0.445267,-0.438747,-0.371403,1,1
86,3,-0.754409,-0.029293,-0.422705,-0.308859,-0.434167,1,1
89,3,-0.749561,0.094707,-0.526951,-0.369676,-0.247673,1,0
117,3,-0.772939,-0.187517,-0.356967,-0.473453,-0.329487,0,1
96,3,-0.685692,-0.048335,-0.445997,-0.388589,-0.287576,1,1
100,3,-0.720894,-0.086645,-0.402253,-0.425915,-0.366206,1,1
118,3,-0.772445,-0.156782,-0.455637,-0.405822,-0.335081,0,1
108,3,-0.753230,-0.024799,-0.417206,-0.460080,-0.400303,1,1
104,3,-0.683665,-0.171173,-0.375348,-0.311018,-0.410812,0,1
105,3,-0.775282,-0.082128,-0.415310,-0.443030,-0.307076,1,1
113,3,-0.677847,-0.201134,-0.514582,-0.507250,-0.355057,0,1
98,3,-0.849984,0.070487,-0.343621,-0.392590,-0.379841,1,0
84,3,-0.775807,-0.019825,-0.441445,-0.382307,-0.368056,1,1
119,3,-0.849871,-0.057437,-0.404871,-0.381684,-0.376651,1,1
90,3,-0.832210,0.035278,-0.375264,-0.382249,-0.232509,1,0
87,3,-0.905078,0.028800,-0.393600,-0.390080,-0.393962,1,0
115,3,-0.751598,-0.095819,-0.475251,-0.443209,-0.429946,1,1
106,3,-0.775815,-0.090767,-0.426496,-0.551035,-0.327392,1,1
95,3,-0.786270,-0.025973,-0.491339,-0.407973,-0.310534,1,1
80,3,-0.775995,0.018900,-0.411735,-0.454297,-0.456095,1,1
99,3,-0.842194,-0.014202,-0.323461,-0.403863,-0.367680,1,1
114,3,-0.760597,-0.130872,-0.480179,-0.400939,-0.219733,1,1
97,3,-0.774567,0.047901,-0.472609,-0.344907,-0.333746,1,1
88,3,-0.829714,0.047331,-0.346534,-0.426000,-0.333395,1,0
93,3,-0.864391,0.018799,-0.394729,-0.331839,-0.351154,1,0
102,3,-0.726717,-0.124176,-0.361946,-0.388310,-0.490956,1,1
107,3,-0.671315,-0.091953,-0.368781,-0.408048,-0.301545,1,1
112,3,-0.691592,-0.048808,-0.372792,-0.399748,-0.377761,1,1
94,3,-0.760084,-0.000070,-0.324498,-0.439014,-0.308519,1,1
109,3,-0.652277,-0.070688,-0.434591,-0.396920,-0.405669,1,1
91,3,-0.802768,0.020567,-0.296102,-0.404191,-0.422792,1,1
85,3,-0.688801,0.130494,-0.410118,-0.365444,-0.335259,1,0
116,3,-0.789950,-0.032926,-0.368346,-0.371584,-0.278374,1,1
110,3,-0.705555,-0.122226,-0.489773,-0.333954,-0.417664,1,1
103,3,-0.751992,-0.049538,-0.400035,-0.330420,-0.282342,1,1
83,3,-0.844448,0.065727,-0.356478,-0.357486,-0.313650,1,0
81,3,-0.760322,-0.083980,-0.381648,-0.365335,-0.378312,1,1
139,4,-0.721607,0.041313,-0.397470,-0.342946,-0.252400,1,1
131,4,-0.758048,-0.080507,-0.351855,-0.343076,-0.255373,1,1
147,4,-0.682034,0.018547,-0.364947,-0.422299,-0.292377,1,1
156,4,-0.727949,-0.056086,-0.409912,-0.399038,-0.327726,1,1
120,4,-0.774100,-0.017727,-0.368440,-0.391173,-0.335417,1,1
121,4,-0.744860,0.018298,-0.458318,-0.358376,-0.254551,1,1
140,4,-0.643078,-0.063636,-0.332242,-0.337710,-0.304261,1,1
159,4,-0.711767,-0.106320,-0.343048,-0.294947,-0.244172,1,1
138,4,-0.744280,0.020092,-0.346685,-0.344625,-0.320047,1,1
129,4,-0.685179,-0.111968,-0.400587,-0.251403,-0.253916,1,1
137,4,-0.692550,-0.086808,-0.413337,-0.327355,-0.313365,1,1
123,4,-0.682701,0.033622,-0.368941,-0.303780,-0.339001,1,1
126,4,-0.707081,-0.029625,-0.356657,-0.324197,-0.335703,1,1
145,4,-0.667552,-0.143979,-0.461385,-0.379168,-0.329860,1,1
158,4,-0.637056,-0.102509,-0.319639,-0.320337,-0.232070,1,1
144,4,-0.686825,-0.116229,-0.485110,-0.395141,-0.360803,1,1
132,4,-0.694969,-0.030731,-0.349995,-0.351376,-0.337590,1,1
134,4,-0.697121,-0.057256,-0.402964,-0.363645,-0.383519,1,1
146,4,-0.732693,-0.159079,-0.376988,-0.363118,-0.357645,0,1
142,4,-0.779630,-0.069750,-0.354351,-0.304438,-0.319658,1,1
128,4,-0.702183,-0.038843,-0.377361,-0.370489,-0.239808,1,1
155,4,-0.754359,-0.086578,-0.377500,-0.434639,-0.279714,1,1
127,4,-0.714717,0.027197,-0.236853,-0.311484,-0.318750,1,1
136,4,-0.780699,0.019582,-0.383131,-0.320952,-0.273349,1,1
133,4,-0.713617,-0.061786,-0.359330,-0.349891,-0.330328,1,1
141,4,-0.672346,-0.157123,-0.339447,-0.364555,-0.355761,0,1
157,4,-0.650246,-0.160895,-0.377744,-0.325631,-0.321126,0,1
122,4,-0.687622,0.035523,-0.395749,-0.294232,-0.340098,1,1
124,4,-0.705535,0.007827,-0.379479,-0.286832,-0.351046,1,1
135,4,-0.678829,0.064778,-0.288262,-0.410083,-0.328449,1,0
125,4,-0.718444,0.072820,-0.384478,-0.397422,-0.320857,1,0
149,4,-0.688165,-0.046216,-0.430550,-0.380328,-0.384887,1,1
150,4,-0.733246,-0.144364,-0.435399,-0.318124,-0.345035,1,1
130,4,-0.706767,-0.005487,-0.315134,-0.312406,-0.428496,1,1
148,4,-0.731772,-0.089742,-0.383016,-0.353404,-0.392360,1,1
154,4,-0.700066,-0.059509,-0.402578,-0.403456,-0.316890,1,1
143,4,-0.650469,-0.090296,-0.392479,-0.442189,-0.420335,1,1
153,4,-0.577416,-0.094837,-0.338117,-0.300761,-0.308214,0,1
152,4,-0.725538,-0.127359,-0.403641,-0.450106,-0.361039,1,1
151,4,-0.654570,-0.032076,-0.310175,-0.333743,-0.302392,1,1
173,5,-0.645934,0.042732,-0.380649,-0.363212,-0.334842,1,1
180,5,-0.695314,-0.112829,-0.332133,-0.388181,-0.345140,1,1
186,5,-0.653582,-0.008776,-0.396339,-0.381052,-0.296627,1,1
190,5,-0.700367,-0.105532,-0.390531,-0.293643,-0.317189,1,1
178,5,-0.681158,0.049793,-0.369351,-0.344043,-0.334471,1,1
163,5,-0.642012,0.010165,-0.324151,-0.280002,-0.333934,1,1
193,5,-0.661436,-0.095258,-0.368202,-0.418522,-0.369915,1,1
167,5,-0.673762,0.053662,-0.452274,-0.233979,-0.262321,1,1
184,5,-0.627566,-0.136143,-0.445079,-0.312671,-0.181274,1,1
195,5,-0.655263,-0.148486,-0.385648,-0.298277,-0.232327,1,1
168,5,-0.654060,0.034033,-0.410661,-0.291023,-0.365802,1,1
164,5,-0.678030,-0.039090,-0.341154,-0.382168,-0.323685,1,1
182,5,-0.655604,-0.064494,-0.309153,-0.309301,-0.333220,1,1
162,5,-0.646434,-0.106349,-0.331855,-0.289737,-0.244370,1,1
171,5,-0.694397,0.013404,-0.330857,-0.371496,-0.332511,1,1
197,5,-0.706678,0.029417,-0.370682,-0.371175,-0.247355,1,1
188,5,-0.699789,-0.076702,-0.328080,-0.343726,-0.291699,1,1
176,5,-0.664070,-0.019138,-0.383883,-0.344495,-0.283189,1,1
198,5,-0.600944,-0.038412,-0.355746,-0.356032,-0.352016,1,1
170,5,-0.746130,-0.029654,-0.304011,-0.246461,-0.277166,1,1
174,5,-0.652977,0.002798,-0.404427,-0.261151,-0.288375,1,1
192,5,-0.657662,-0.071741,-0.327192,-0.439310,-0.303603,1,1
166,5,-0.700250,-0.026984,-0.378565,-0.351044,-0.305320,1,1
196,5,-0.633818,-0.058167,-0.341879,-0.310529,-0.316430,1,1
189,5,-0.734721,-0.026676,-0.338909,-0.425813,-0.266806,1,1
185,5,-0.657583,-0.129333,-0.331793,-0.326954,-0.343316,1,1
191,5,-0.669311,-0.067150,-0.453172,-0.431648,-0.385031,1,1
177,5,-0.602900,-0.002140,-0.296297,-0.284838,-0.382120,1,1
187,5,-0.669663,-0.104267,-0.426983,-0.420626,-0.401542,1,1
199,5,-0.596951,-0.047028,-0.452469,-0.346262,-0.354133,1,1
169,5,-0.705504,0.101015,-0.333689,-0.290553,-0.310412,1,0
161,5,-0.642084,0.037743,-0.377654,-0.302417,-0.247297,1,1
179,5,-0.684665,-0.021052,-0.391364,-0.269918,-0.161792,1,1
183,5,-0.682452,-0.027965,-0.354277,-0.302022,-0.300583,1,1
181,5,-0.594225,-0.066019,-0.362161,-0.298010,-0.418874,1,1
172,5,-0.625916,-0.017376,-0.334564,-0.355790,-0.248718,1,1
194,5,-0.670224,-0.110092,-0.390097,-0.356669,-0.347290,1,1
175,5,-0.721407,-0.054811,-0.457496,-0.307203,-0.350711,1,1
160,5,-0.625536,0.009729,-0.395456,-0.345613,-0.315606,1,1
165,5,-0.708492,0.147220,-0.384699,-0.403145,-0.290209,1,0
213,6,-0.660069,0.028083,-0.427270,-0.315530,-0.288364,1,1
222,6,-0.671578,-0.111183,-0.456944,-0.377418,-0.371100,1,1
237,6,-0.659447,-0.089535,-0.391066,-0.270370,-0.288221,1,1
225,6,-0.608543,-0.187346,-0.398862,-0.302729,-0.248846,0,1
229,6,-0.735279,-0.090679,-0.417045,-0.313869,-0.330879,1,1
231,6,-0.732772,-0.088447,-0.460589,-0.369678,-0.305890,1,1
209,6,-0.679424,0.030523,-0.373170,-0.416338,-0.181326,1,1
207,6,-0.744372,-0.045710,-0.313537,-0.321950,-0.328763,1,1
201,6,-0.653369,-0.031879,-0.354515,-0.336047,-0.227112,1,1
221,6,-0.632948,-0.116147,-0.381911,-0.311248,-0.225313,1,1
230,6,-0.732133,-0.013977,-0.387798,-0.328843,-0.356864,1,1
239,6,-0.589921,-0.113747,-0.351647,-0.426226,-0.339817,1,1
205,6,-0.633473,0.013493,-0.412503,-0.304988,-0.250096,1,1
200,6,-0.725565,0.010329,-0.358743,-0.355441,-0.296074,1,1
220,6,-0.694824,-0.031291,-0.372880,-0.332844,-0.299466,1,1
204,6,-0.615692,-0.002898,-0.295897,-0.291388,-0.311691,1,1
219,6,-0.649320,0.054740,-0.241614,-0.337302,-0.261220,1,1
224,6,-0.595247,-0.049139,-0.328272,-0.372346,-0.293511,1,1
234,6,-0.642706,-0.037511,-0.250278,-0.330483,-0.328581,1,1
214,6,-0.708602,0.020002,-0.417269,-0.257851,-0.135441,1,1
218,6,-0.610798,-0.073442,-0.339252,-0.339559,-0.281719,1,1
226,6,-0.581324,-0.131879,-0.371597,-0.424017,-0.265433,0,1
210,6,-0.750621,0.031511,-0.381191,-0.320191,-0.300430,1,1
228,6,-0.660600,-0.072434,-0.459019,-0.317998,-0.366159,1,1
223,6,-0.689245,-0.069962,-0.338243,-0.296436,-0.359936,1,1
208,6,-0.612308,0.015705,-0.342487,-0.380596,-0.269306,1,1
233,6,-0.697793,-0.042420,-0.430330,-0.312941,-0.296466,1,1
235,6,-0.636031,-0.052436,-0.308538,-0.290438,-0.313010,1,1
203,6,-0.643994,-0.030353,-0.294448,-0.298520,-0.280107,1,1
216,6,-0.632107,-0.012055,-0.295778,-0.356262,-0.320061,1,1
215,6,-0.744325,0.019432,-0.302084,-0.387603,-0.229172,1,1
202,6,-0.596013,-0.035052,-0.326274,-0.429819,-0.309791,1,1
211,6,-0.660899,0.013442,-0.398924,-0.321107,-0.298853,1,1
236,6,-0.525460,-0.028576,-0.306532,-0.302142,-0.294887,1,1
212,6,-0.696668,-0.156811,-0.346074,-0.340803,-0.290984,1,1
227,6,-0.676453,-0.056651,-0.412041,-0.358536,-0.316797,1,1
232,6,-0.633428,-0.050812,-0.345246,-0.388527,-0.247758,1,1
238,6,-0.559042,-0.005849,-0.368863,-0.327783,-0.309442,1,1
206,6,-0.609748,-0.022126,-0.286486,-0.321931,-0.373457,1,1
217,6,-0.585093,0.041740,-0.328250,-0.307437,-0.267126,1,1
241,7,-0.638618,-0.061415,-0.327966,-0.331457,-0.356699,1,1
250,7,-0.683675,0.007241,-0.324385,-0.354168,-0.342451,1,1
273,7,-0.666404,-0.104008,-0.376918,-0.338488,-0.266322,1,1
260,7,-0.672644,-0.096403,-0.362600,-0.371600,-0.338759,1,1
248,7,-0.611788,-0.014831,-0.311617,-0.311740,-0.195164,1,1
275,7,-0.653895,-0.107006,-0.386205,-0.365782,-0.303200,1,1
278,7,-0.638455,-0.038021,-0.382252,-0.286483,-0.259295,1,1
257,7,-0.723066,0.079693,-0.330480,-0.277377,-0.278207,1,0
258,7,-0.635022,-0.010428,-0.356109,-0.305201,-0.307640,1,1
259,7,-0.649386,0.064187,-0.253634,-0.214832,-0.316150,1,0
242,7,-0.703993,0.026345,-0.271372,-0.244081,-0.296573,1,1
251,7,-0.575661,-0.020908,-0.270489,-0.248055,-0.298019,1,1
254,7,-0.559643,-0.063943,-0.268418,-0.280010,-0.229457,1,1
264,7,-0.625678,-0.072016,-0.326683,-0.390251,-0.354906,1,1
246,7,-0.642784,0.002019,-0.287066,-0.243092,-0.213231,1,1
266,7,-0.629348,-0.079300,-0.390669,-0.308681,-0.315585,1,1
270,7,-0.678102,-0.103185,-0.381194,-0.360346,-0.361095,1,1
261,7,-0.620362,-0.013640,-0.314394,-0.356285,-0.300682,1,1
240,7,-0.524232,-0.061205,-0.336088,-0.315724,-0.218688,1,1
249,7,-0.722253,-0.075829,-0.313632,-0.214423,-0.265559,1,1
269,7,-0.660489,-0.065362,-0.272171,-0.267002,-0.265768,1,1
247,7,-0.630915,0.005611,-0.369297,-0.223054,-0.200030,1,1
279,7,-0.596664,-0.000781,-0.352506,-0.437838,-0.351304,1,1
262,7,-0.585513,-0.127497,-0.313941,-0.298442,-0.308754,1,1
263,7,-0.677243,-0.083725,-0.334232,-0.285253,-0.289102,1,1
271,7,-0.645989,-0.127794,-0.403403,-0.415543,-0.297048,1,1
255,7,-0.659470,-0.008442,-0.328791,-0.336244,-0.322797,1,1
245,7,-0.499959,-0.058556,-0.222343,-0.314190,-0.175645,1,0
252,7,-0.727405,-0.004633,-0.373171,-0.323009,-0.289484,1,1
267,7,-0.707653,-0.064995,-0.286620,-0.316138,-0.262433,1,1
256,7,-0.646002,0.074282,-0.401567,-0.289916,-0.252056,1,0
274,7,-0.656963,-0.049600,-0.363460,-0.371092,-0.294091,1,1
253,7,-0.552430,0.039944,-0.290209,-0.259500,-0.296412,1,0
268,7,-0.666517,-0.099145,-0.397015,-0.301438,-0.326943,1,1
276,7,-0.724596,-0.056635,-0.361153,-0.350491,-0.420800,1,1
243,7,-0.565528,0.039186,-0.300568,-0.325355,-0.325470,1,0
277,7,-0.643534,-0.138041,-0.342169,-0.298186,-0.359989,1,1
244,7,-0.590635,-0.019051,-0.342037,-0.140177,-0.339642,1,1
272,7,-0.679512,-0.111226,-0.438960,-0.331652,-0.324244,1,1
265,7,-0.631484,-0.084320,-0.344913,-0.361299,-0.471333,1,1
284,8,-0.593114,0.012685,-0.264877,-0.327320,-0.281940,1,1
286,8,-0.622955,-0.064447,-0.205638,-0.263707,-0.231609,1,1
317,8,-0.700255,-0.111989,-0.322920,-0.300954,-0.209569,0,1
285,8,-0.594105,-0.041079,-0.287757,-0.257376,-0.327602,1,1
288,8,-0.595275,-0.001023,-0.330241,-0.330350,-0.199178,1,1
309,8,-0.630996,-0.056653,-0.300016,-0.334912,-0.361864,1,1
281,8,-0.574218,0.056822,-0.388660,-0.242723,-0.229348,1,0
282,8,-0.600585,0.015031,-0.325017,-0.287188,-0.199147,1,1
318,8,-0.734644,-0.118100,-0.338455,-0.336473,-0.231950,0,1
298,8,-0.550996,0.054949,-0.256502,-0.331165,-0.253784,1,0
310,8,-0.652389,-0.078443,-0.327397,-0.309531,-0.300287,1,1
287,8,-0.602991,0.003524,-0.324552,-0.293202,-0.262675,1,1
314,8,-0.648705,-0.110477,-0.406372,-0.282802,-0.367072,1,1
316,8,-0.636548,-0.044214,-0.307880,-0.345356,-0.306271,1,1
306,8,-0.624838,-0.018883,-0.331437,-0.399655,-0.275982,1,1
293,8,-0.562921,0.028881,-0.350745,-0.279147,-0.245541,1,1
290,8,-0.555330,-0.004512,-0.341544,-0.346146,-0.311721,1,1
315,8,-0.714153,-0.028053,-0.399151,-0.234100,-0.337483,1,1
280,8,-0.566230,0.037681,-0.276018,-0.285617,-0.213740,1,1
300,8,-0.736065,-0.034120,-0.283014,-0.391615,-0.371458,0,1
292,8,-0.448502,0.044062,-0.276938,-0.298644,-0.245497,1,0
297,8,-0.519564,-0.008442,-0.271399,-0.287120,-0.329556,1,1
299,8,-0.552135,0.095750,-0.352518,-0.290185,-0.311139,1,0
295,8,-0.558028,0.025953,-0.269813,-0.267029,-0.267673,1,1
294,8,-0.587237,-0.115211,-0.315761,-0.263977,-0.306865,1,1
283,8,-0.557563,0.020955,-0.290804,-0.292810,-0.231378,1,1
305,8,-0.520841,-0.039229,-0.350276,-0.408758,-0.296903,1,1
313,8,-0.667028,-0.087488,-0.400715,-0.251902,-0.284283,1,1
303,8,-0.690437,-0.099008,-0.417338,-0.431856,-0.288797,1,1
307,8,-0.673613,-0.009254,-0.325292,-0.311304,-0.302720,1,1
312,8,-0.631864,-0.074188,-0.375303,-0.257543,-0.359309,1,1
308,8,-0.597496,-0.073547,-0.363226,-0.323566,-0.356235,1,1
304,8,-0.580176,-0.191908,-0.337117,-0.366734,-0.224877,0,1
301,8,-0.589253,-0.051465,-0.357630,-0.339795,-0.256472,1,1
319,8,-0.594663,-0.026581,-0.310851,-0.432411,-0.321823,1,1
291,8,-0.571140,-0.036163,-0.366589,-0.229547,-0.282475,1,1
311,8,-0.552193,-0.008616,-0.261434,-0.389221,-0.350778,1,1
289,8,-0.648984,-0.014610,-0.343272,-0.244731,-0.306904,1,1
302,8,-0.670833,-0.110886,-0.330172,-0.409965,-0.353050,1,1
296,8,-0.624936,0.093973,-0.316390,-0.237200,-0.213168,1,0
342,9,-0.602067,-0.176742,-0.339389,-0.364075,-0.255261,0,1
339,9,-0.581197,-0.020552,-0.241428,-0.272011,-0.259192,1,1
343,9,-0.615770,0.014076,-0.380579,-0.333512,-0.319616,1,1
344,9,-0.597804,-0.022399,-0.330199,-0.313536,-0.270537,1,1
346,9,-0.595491,-0.016278,-0.329997,-0.351218,-0.378191,1,1
336,9,-0.444866,0.115875,-0.222039,-0.250958,-0.296760,1,0
356,9,-0.680474,-0.157950,-0.302830,-0.233245,-0.344323,0,1
355,9,-0.578150,-0.068237,-0.370294,-0.324747,-0.242188,1,1
322,9,-0.593644,0.027784,-0.329707,-0.378973,-0.298817,1,1
324,9,-0.607658,0.055393,-0.214497,-0.286748,-0.242758,1,1
345,9,-0.636098,-0.105637,-0.298626,-0.205833,-0.251509,1,1
334,9,-0.537845,-0.072240,-0.347636,-0.272353,-0.277994,1,1
341,9,-0.593908,-0.089620,-0.368874,-0.294501,-0.304417,1,1
352,9,-0.588401,-0.160837,-0.389796,-0.370199,-0.275823,1,1
330,9,-0.538733,0.019113,-0.263396,-0.234613,-0.199429,1,1
354,9,-0.615235,-0.164092,-0.341699,-0.404177,-0.371454,0,1
326,9,-0.576640,-0.032044,-0.305041,-0.213185,-0.357217,1,1
353,9,-0.577155,-0.051325,-0.296703,-0.402194,-0.261786,1,1
351,9,-0.625429,-0.148348,-0.290620,-0.338248,-0.220297,1,1
338,9,-0.543145,-0.029077,-0.252515,-0.312639,-0.235506,1,1
349,9,-0.624397,-0.034317,-0.322476,-0.309245,-0.283788,1,1
323,9,-0.611293,-0.043758,-0.230073,-0.285706,-0.321040,1,1
320,9,-0.615993,0.114163,-0.342472,-0.283580,-0.334619,1,0
347,9,-0.590692,-0.040082,-0.312694,-0.372470,-0.289437,1,1
348,9,-0.595965,-0.094936,-0.338039,-0.340921,-0.243058,1,1
337,9,-0.579218,-0.037455,-0.390905,-0.188545,-0.080306,1,1
328,9,-0.597981,-0.035617,-0.263645,-0.363175,-0.182453,1,1
333,9,-0.619414,0.049983,-0.385764,-0.319539,-0.256292,1,1
335,9,-0.486713,0.036214,-0.281972,-0.220517,-0.170308,1,0
321,9,-0.530851,0.034037,-0.325849,-0.340839,-0.215863,1,1
332,9,-0.590984,-0.071740,-0.276403,-0.258883,-0.243109,1,1
327,9,-0.639332,-0.053958,-0.294942,-0.243261,-0.224720,1,1
340,9,-0.664637,-0.148270,-0.379497,-0.245384,-0.240026,0,1
359,9,-0.633102,-0.099730,-0.403096,-0.269791,-0.311138,1,1
325,9,-0.590464,-0.036907,-0.281559,-0.279544,-0.299404,1,1
358,9,-0.657597,-0.077740,-0.365162,-0.282131,-0.337619,1,1
357,9,-0.630717,-0.089326,-0.356471,-0.388769,-0.311833,1,1
350,9,-0.682128,0.041731,-0.290556,-0.273542,-0.318226,1,1
331,9,-0.642426,0.028740,-0.274281,-0.228843,-0.288947,1,1
329,9,-0.526913,-0.029019,-0.278863,-0.200926,-0.214895,1,1
389,10,-0.692555,-0.163041,-0.266044,-0.322615,-0.302333,0,1
387,10,-0.452461,-0.046716,-0.325650,-0.213782,-0.205854,1,1
383,10,-0.512630,-0.178585,-0.303496,-0.328207,-0.344643,0,1
372,10,-0.518248,-0.008132,-0.222541,-0.303034,-0.336636,1,1
395,10,-0.520268,-0.080947,-0.312911,-0.196418,-0.295002,1,1
396,10,-0.598204,-0.141369,-0.281155,-0.324680,-0.348859,1,1
380,10,-0.588706,-0.058898,-0.318164,-0.264167,-0.312548,1,1
391,10,-0.493920,-0.037968,-0.260281,-0.367440,-0.199097,1,1
386,10,-0.646789,-0.105517,-0.314683,-0.234483,-0.300502,1,1
374,10,-0.538305,-0.092231,-0.297966,-0.258410,-0.185699,1,1
370,10,-0.566570,0.000027,-0.346874,-0.321694,-0.247515,1,1
384,10,-0.582743,-0.044247,-0.359191,-0.331923,-0.288969,1,1
362,10,-0.570366,-0.075096,-0.303924,-0.314143,-0.255604,1,1
376,10,-0.525187,0.054285,-0.341604,-0.200413,-0.212222,1,1
390,10,-0.584666,-0.015945,-0.289658,-0.250128,-0.273838,1,1
385,10,-0.573233,-0.100823,-0.306496,-0.312845,-0.186200,1,1
368,10,-0.708316,0.050074,-0.270099,-0.273213,-0.338374,1,0
379,10,-0.433236,-0.075737,-0.256945,-0.236138,-0.288455,1,1
394,10,-0.505629,-0.071244,-0.322550,-0.281885,-0.271657,1,1
371,10,-0.582491,-0.059572,-0.226050,-0.224811,-0.229534,1,1
365,10,-0.511700,-0.027232,-0.328519,-0.264881,-0.259982,1,1
375,10,-0.544143,-0.045156,-0.260824,-0.259316,-0.260919,1,1
377,10,-0.546692,0.075731,-0.324154,-0.262260,-0.306485,1,0
392,10,-0.539965,-0.001465,-0.424774,-0.271624,-0.187100,1,1
388,10,-0.518113,-0.012093,-0.250929,-0.342361,-0.221336,1,1
399,10,-0.562696,-0.014968,-0.307158,-0.239805,-0.197383,1,1
373,10,-0.555977,0.037393,-0.304286,-0.290206,-0.225602,1,1
382,10,-0.543800,-0.095885,-0.257351,-0.172879,-0.187759,1,1
363,10,-0.534485,-0.039770,-0.304817,-0.295008,-0.222247,1,1
381,10,-0.528797,-0.088713,-0.300731,-0.278579,-0.261039,1,1
397,10,-0.547763,-0.093071,-0.402734,-0.273571,-0.291646,1,1
378,10,-0.625768,-0.013032,-0.300011,-0.148915,-0.237905,1,1
364,10,-0.573304,0.050328,-0.279590,-0.212022,-0.229680,1,1
398,10,-0.501551,0.035359,-0.281875,-0.313048,-0.355517,1,1
367,10,-0.626484,0.045015,-0.349920,-0.288535,-0.215449,1,1
393,10,-0.528635,-0.085498,-0.306922,-0.320685,-0.314989,1,1
366,10,-0.671010,-0.086804,-0.238841,-0.289339,-0.263394,1,1
360,10,-0.510824,-0.059398,-0.313373,-0.220263,-0.243312,1,1
369,10,-0.583351,-0.002416,-0.298308,-0.302057,-0.203938,1,1
361,10,-0.501656,-0.036588,-0.358777,-0.296227,-0.253938,1,1
409,11,-0.528748,0.005100,-0.254659,-0.282369,-0.150872,1,1
424,11,-0.564803,-0.038928,-0.316381,-0.264379,-0.295647,1,1
438,11,-0.558321,-0.083333,-0.299622,-0.266168,-0.314879,1,1
422,11,-0.585458,-0.087661,-0.282925,-0.303299,-0.335835,1,1
435,11,-0.569732,-0.188401,-0.355605,-0.297752,-0.238887,0,1
412,11,-0.575692,0.059753,-0.348586,-0.292024,-0.158686,1,1
406,11,-0.536089,0.037885,-0.288258,-0.137766,-0.243345,1,1
413,11,-0.488248,-0.078901,-0.290652,-0.113692,-0.227157,1,1
436,11,-0.414114,-0.141142,-0.276968,-0.225766,-0.332205,0,1
404,11,-0.427826,-0.012084,-0.270657,-0.247245,-0.216629,1,1
427,11,-0.507407,-0.063397,-0.317109,-0.289212,-0.169940,1,1
416,11,-0.468459,-0.029095,-0.209692,-0.295573,-0.219669,1,1
439,11,-0.507074,-0.022959,-0.254496,-0.286542,-0.204920,1,1
407,11,-0.549232,0.115349,-0.341927,-0.245764,-0.271795,1,0
403,11,-0.429704,0.040854,-0.142155,-0.161077,-0.206503,1,0
419,11,-0.516664,-0.054599,-0.160396,-0.301995,-0.259141,1,1
418,11,-0.462245,0.034844,-0.307146,-0.229187,-0.260528,1,1
430,11,-0.540780,-0.091690,-0.407441,-0.289966,-0.374152,1,1
402,11,-0.503878,-0.028660,-0.180831,-0.165981,-0.252915,1,1
420,11,-0.459514,-0.102776,-0.310737,-0.292574,-0.272188,1,1
431,11,-0.492090,-0.173363,-0.336306,-0.362527,-0.316754,0,1
429,11,-0.562331,-0.021161,-0.243260,-0.279464,-0.283977,1,1
426,11,-0.585895,-0.063457,-0.277407,-0.220038,-0.286983,1,1
437,11,-0.622376,-0.059611,-0.348666,-0.261448,-0.298961,1,1
421,11,-0.523383,-0.144189,-0.313083,-0.419810,-0.265543,1,1
408,11,-0.505659,-0.011407,-0.299611,-0.203571,-0.169219,1,1
401,11,-0.540927,0.070212,-0.335257,-0.180076,-0.230083,1,0
433,11,-0.636503,-0.148887,-0.301538,-0.296107,-0.271409,0,1
434,11,-0.559754,-0.168946,-0.263473,-0.275547,-0.312767,0,1
428,11,-0.585499,-0.154429,-0.396228,-0.292146,-0.324972,0,1
432,11,-0.670789,-0.119190,-0.341717,-0.408035,-0.214552,0,1
411,11,-0.548788,0.011977,-0.299393,-0.150146,-0.213853,1,1
415,11,-0.393322,-0.003466,-0.205274,-0.304924,-0.103160,1,0
425,11,-0.540217,-0.084004,-0.347460,-0.221151,-0.266158,1,1
423,11,-0.586082,-0.101848,-0.380677,-0.275942,-0.265860,1,1
400,11,-0.499344,-0.071480,-0.393006,-0.271972,-0.123239,1,1
405,11,-0.441150,-0.017138,-0.212551,-0.233659,-0.235445,1,1
414,11,-0.414278,0.029686,-0.226608,-0.262808,-0.260914,1,0
410,11,-0.551623,0.079737,-0.304394,-0.268932,-0.212311,1,0
417,11,-0.512194,-0.163297,-0.208852,-0.271872,-0.151291,1,1
474,12,-0.506851,-0.097079,-0.318691,-0.215178,-0.216722,1,1
452,12,-0.487534,-0.029767,-0.309729,-0.120588,-0.221054,1,1
475,12,-0.584517,-0.056453,-0.293074,-0.288672,-0.300162,1,1
456,12,-0.440360,-0.036653,-0.226475,-0.243598,-0.207258,1,1
458,12,-0.529555,-0.051312,-0.166876,-0.281537,-0.132190,1,1
471,12,-0.445251,-0.120940,-0.291773,-0.250299,-0.179576,1,1
463,12,-0.569660,-0.099183,-0.316050,-0.179094,-0.305414,1,1
445,12,-0.482702,0.011475,-0.154884,-0.305690,-0.218541,1,1
455,12,-0.477927,0.017913,-0.258372,-0.218408,-0.177043,1,1
449,12,-0.409728,-0.047411,-0.255463,-0.153655,-0.187108,1,1
467,12,-0.476075,-0.125225,-0.307340,-0.247411,-0.227363,1,1
478,12,-0.549656,-0.039702,-0.246113,-0.243005,-0.195114,1,1
450,12,-0.515387,-0.059528,-0.212464,-0.126918,-0.181563,1,1
451,12,-0.466192,-0.034029,-0.270328,-0.122319,-0.170185,1,1
440,12,-0.483655,-0.066226,-0.332552,-0.200338,-0.197292,1,1
469,12,-0.448239,-0.119638,-0.272897,-0.353381,-0.296389,1,1
444,12,-0.412722,-0.096207,-0.202721,-0.146989,-0.199643,1,1
453,12,-0.441178,-0.031771,-0.273746,-0.180420,-0.149729,1,1
446,12,-0.428500,-0.004924,-0.144328,-0.121069,-0.127523,1,1
448,12,-0.457055,-0.105505,-0.188903,-0.245030,-0.148626,1,1
460,12,-0.461836,-0.069427,-0.309667,-0.328361,-0.245594,1,1
476,12,-0.517013,0.008191,-0.387630,-0.290104,-0.285667,1,1
443,12,-0.429553,0.065643,-0.194669,-0.154950,-0.221084,1,0
457,12,-0.508092,0.011772,-0.173770,-0.194202,-0.230505,1,1
464,12,-0.554660,0.000729,-0.322501,-0.286115,-0.247837,1,1
447,12,-0.498405,-0.037318,-0.115405,-0.200850,-0.237509,1,1
459,12,-0.502563,-0.076658,-0.176852,-0.184866,-0.190962,1,1
472,12,-0.550241,-0.083494,-0.257866,-0.279316,-0.214180,1,1
454,12,-0.407732,0.023786,-0.278519,-0.203240,-0.259958,1,0
468,12,-0.433866,-0.143900,-0.271725,-0.296161,-0.349500,1,1
479,12,-0.527926,-0.086851,-0.321353,-0.245697,-0.218171,1,1
441,12,-0.480649,-0.055080,-0.198384,-0.247879,-0.230883,1,1
465,12,-0.556667,-0.144962,-0.286801,-0.338269,-0.254485,0,1
473,12,-0.555548,-0.112205,-0.329093,-0.219108,-0.226262,1,1
477,12,-0.498107,-0.067214,-0.278756,-0.256359,-0.287699,1,1
442,12,-0.507887,-0.002836,-0.198713,-0.220135,-0.160147,1,1
461,12,-0.595111,-0.062233,-0.312647,-0.374623,-0.310151,1,1
470,12,-0.483268,-0.136081,-0.323765,-0.338991,-0.163626,1,1
462,12,-0.483150,-0.099589,-0.327490,-0.340313,-0.206413,1,1
466,12,-0.547227,-0.087455,-0.353785,-0.323172,-0.242835,1,1
518,13,-0.344440,-0.111013,-0.179939,-0.274313,-0.174732,1,1
496,13,-0.428289,-0.088026,-0.091472,-0.229641,-0.143847,1,1
512,13,-0.458197,-0.178048,-0.192273,-0.282124,-0.205309,0,1
487,13,-0.528262,0.037871,-0.226820,-0.138054,-0.230432,1,1
503,13,-0.504562,-0.060923,-0.343319,-0.233345,-0.290921,1,1
501,13,-0.431524,-0.087457,-0.273736,-0.215856,-0.189472,1,1
514,13,-0.548385,-0.066776,-0.276577,-0.209856,-0.273434,1,1
517,13,-0.436241,-0.117605,-0.244602,-0.208833,-0.141838,1,1
494,13,-0.410885,-0.001965,-0.231984,-0.120715,-0.202577,1,1
486,13,-0.592867,-0.022652,-0.251469,-0.251488,-0.152522,1,1
505,13,-0.423942,-0.225858,-0.293649,-0.313225,-0.242197,0,1
515,13,-0.461589,-0.020533,-0.263600,-0.264407,-0.221377,1,1
504,13,-0.487884,-0.086430,-0.321855,-0.291439,-0.194366,1,1
482,13,-0.454031,0.010401,-0.261156,-0.195958,-0.132237,1,1
493,13,-0.462650,-0.042415,-0.308857,-0.195660,-0.212682,1,1
507,13,-0.429456,-0.078544,-0.290812,-0.192102,-0.185025,1,1
516,13,-0.506580,-0.123625,-0.266636,-0.269268,-0.297902,1,1
510,13,-0.488345,-0.076196,-0.254262,-0.271609,-0.192940,1,1
513,13,-0.525260,-0.114700,-0.383865,-0.155753,-0.180642,1,1
506,13,-0.418360,-0.130287,-0.303007,-0.243209,-0.224430,1,1
502,13,-0.488934,-0.148135,-0.276168,-0.222730,-0.254398,1,1
483,13,-0.346595,-0.003413,-0.219110,-0.192728,-0.125383,1,1
488,13,-0.512461,-0.005332,-0.308681,-0.111538,-0.205693,1,1
492,13,-0.480487,-0.010180,-0.330070,-0.120708,-0.102139,1,1
489,13,-0.486771,-0.086351,-0.246418,-0.100454,-0.149847,1,1
499,13,-0.414490,-0.012487,-0.156012,-0.210447,-0.221099,1,1
519,13,-0.522462,-0.030228,-0.168337,-0.238981,-0.256237,1,1
497,13,-0.518479,-0.029042,-0.191061,-0.180223,-0.068584,1,1
485,13,-0.462792,-0.053927,-0.186041,-0.183450,-0.127578,1,1
509,13,-0.413578,-0.124572,-0.200081,-0.212390,-0.231565,1,1
495,13,-0.446394,0.050857,-0.130296,-0.251662,-0.312422,1,1
490,13,-0.508763,-0.015675,-0.277398,-0.172570,-0.190145,1,1
484,13,-0.493296,-0.072958,-0.302748,-0.209766,-0.229104,1,1
481,13,-0.475375,-0.000517,-0.185028,-0.260636,-0.184429,1,1
508,13,-0.443610,-0.031646,-0.240111,-0.243147,-0.278293,1,1
491,13,-0.359202,-0.008660,-0.238997,-0.260121,-0.251778,1,1
480,13,-0.430348,0.059927,-0.283354,-0.205267,-0.150966,1,1
500,13,-0.551699,-0.049276,-0.278760,-0.167004,-0.161898,1,1
498,13,-0.423436,-0.005445,-0.281860,-0.154198,-0.160549,1,1
511,13,-0.413648,-0.153567,-0.300486,-0.301297,-0.159375,1,1
543,14,-0.362534,-0.152341,-0.286214,-0.211453,-0.156018,1,1
532,14,-0.490843,0.013169,-0.204933,-0.190799,-0.216944,1,1
525,14,-0.356096,0.101078,-0.214683,-0.136716,-0.115728,1,0
546,14,-0.414024,-0.078344,-0.272827,-0.186519,-0.263400,1,1
537,14,-0.401790,0.094947,-0.255224,-0.203003,-0.163925,1,0
527,14,-0.470635,0.002420,-0.252273,-0.270565,-0.231484,1,1
557,14,-0.408669,-0.052812,-0.306273,-0.201905,-0.161467,1,1
549,14,-0.498444,-0.146201,-0.209719,-0.187072,-0.256130,0,1
531,14,-0.443861,-0.067592,-0.222259,-0.243901,-0.160584,1,1
535,14,-0.413790,-0.039046,-0.240327,-0.130846,-0.214035,1,1
545,14,-0.338388,-0.047190,-0.274181,-0.237555,-0.147317,1,1
526,14,-0.537825,0.026816,-0.161808,-0.273939,-0.116835,1,0
550,14,-0.482324,-0.005644,-0.189453,-0.285091,-0.177929,1,1
558,14,-0.386337,-0.048879,-0.167412,-0.287928,-0.143763,1,1
544,14,-0.438619,-0.104974,-0.308774,-0.228024,-0.268663,1,1
539,14,-0.332847,-0.039686,-0.225986,-0.213222,-0.158667,1,1
554,14,-0.432674,-0.003417,-0.209132,-0.163514,-0.204541,1,1
553,14,-0.514365,-0.118104,-0.250876,-0.213504,-0.157324,1,1
540,14,-0.414942,-0.152055,-0.330589,-0.213086,-0.179964,1,1
547,14,-0.387087,-0.045695,-0.208735,-0.227494,-0.204128,1,1
536,14,-0.448430,0.002507,-0.169096,-0.161914,-0.075056,1,1
530,14,-0.489809,0.044109,-0.154246,-0.196110,-0.252438,1,1
528,14,-0.403242,0.007807,-0.164995,-0.156962,-0.064777,1,1
520,14,-0.356420,-0.020938,-0.241162,-0.136429,-0.196675,1,1
529,14,-0.438556,-0.150164,-0.195469,-0.109984,-0.122582,1,1
552,14,-0.407319,-0.082864,-0.280866,-0.264347,-0.013564,1,1
524,14,-0.341546,-0.003860,-0.179660,-0.172670,-0.185695,1,1
533,14,-0.449016,0.020835,-0.231860,-0.153381,-0.131346,1,1
522,14,-0.376514,0.031309,-0.186976,-0.187310,-0.098184,1,1
556,14,-0.387261,-0.116076,-0.281892,-0.293461,-0.258517,1,1
555,14,-0.435911,-0.069196,-0.164607,-0.194737,-0.268670,1,1
538,14,-0.391939,-0.002071,-0.271809,-0.158646,-0.137823,1,1
523,14,-0.347475,-0.058867,-0.120436,-0.206735,-0.208735,1,1
541,14,-0.342723,-0.087808,-0.241841,-0.237366,-0.281072,1,1
534,14,-0.417487,-0.000319,-0.218798,-0.125793,-0.198144,1,1
521,14,-0.404985,-0.090392,-0.209619,-0.190696,-0.111354,1,1
542,14,-0.381335,-0.086432,-0.236758,-0.166205,-0.154782,1,1
559,14,-0.449151,-0.085206,-0.298039,-0.198621,-0.206544,1,1
548,14,-0.387947,-0.120418,-0.302084,-0.201430,-0.231244,1,1
551,14,-0.361231,-0.087312,-0.223863,-0.182431,-0.237973,1,1
594,15,-0.298945,-0.139640,-0.206670,-0.203213,-0.143402,1,1
588,15,-0.411518,-0.065112,-0.211347,-0.099477,-0.133382,1,1
579,15,-0.419987,0.015827,-0.214282,-0.218172,-0.177420,1,1
597,15,-0.435627,-0.112330,-0.296456,-0.165335,-0.123989,1,1
564,15,-0.294533,0.001534,-0.209511,-0.157443,-0.160160,1,1
585,15,-0.424208,-0.050372,-0.308645,-0.094336,-0.147996,1,1
586,15,-0.328194,-0.080678,-0.211254,-0.233568,-0.107172,1,1
580,15,-0.405521,-0.153107,-0.281492,-0.292072,-0.226063,1,1
596,15,-0.439128,-0.074633,-0.275799,-0.302447,-0.249453,1,1
577,15,-0.436199,-0.053567,-0.216756,-0.123542,-0.049772,1,1
583,15,-0.316953,-0.022568,-0.303086,-0.243025,-0.185431,1,1
561,15,-0.421542,-0.019584,-0.212995,-0.183616,-0.194510,1,1
569,15,-0.355830,-0.106311,-0.182585,-0.153581,-0.087341,1,1
565,15,-0.341547,-0.033234,-0.224810,-0.206505,-0.233334,1,1
589,15,-0.375898,-0.135175,-0.262264,-0.123741,-0.255766,1,1
573,15,-0.350724,-0.013068,-0.170116,-0.106021,-0.159851,1,1
560,15,-0.252998,0.012038,-0.181247,-0.091384,-0.027362,1,0
575,15,-0.522334,-0.006144,-0.259185,-0.185352,-0.155609,1,0
593,15,-0.413049,-0.074065,-0.214114,-0.160382,-0.176559,1,1
591,15,-0.350532,-0.054930,-0.196787,-0.095597,-0.189049,1,1
576,15,-0.351551,-0.030524,-0.170667,-0.124635,-0.163760,1,1
595,15,-0.420172,-0.133123,-0.240296,-0.229383,-0.217010,1,1
584,15,-0.329560,-0.094747,-0.222158,-0.214669,-0.169928,1,1
568,15,-0.326581,-0.029820,-0.171856,-0.186323,-0.132848,1,1
581,15,-0.389745,0.027600,-0.230950,-0.222149,-0.151152,1,1
563,15,-0.347927,-0.108298,-0.140176,-0.126142,-0.185990,1,1
598,15,-0.296147,-0.099100,-0.264379,-0.110110,-0.226844,1,1
570,15,-0.331668,0.021418,-0.197312,-0.212362,-0.252799,1,1
566,15,-0.419072,0.017006,-0.233166,-0.231118,-0.109245,1,1
599,15,-0.427988,-0.036272,-0.248793,-0.223175,-0.259525,1,1
567,15,-0.458401,-0.028233,-0.172632,-0.099322,-0.023249,1,1
578,15,-0.351504,0.058370,-0.273176,-0.158846,-0.064082,1,1
571,15,-0.311414,-0.034773,-0.185649,-0.222090,-0.101631,1,1
572,15,-0.386825,-0.083940,-0.154097,-0.147411,-0.171959,1,1
592,15,-0.392505,-0.153491,-0.283932,-0.194781,-0.216404,1,1
590,15,-0.404546,-0.096762,-0.273092,-0.095779,-0.253048,1,1
574,15,-0.370834,0.001727,-0.156510,-0.189822,-0.175950,1,1
562,15,-0.357605,-0.056384,-0.195668,-0.119513,-0.099208,1,1
582,15,-0.360712,-0.115687,-0.272493,-0.185430,-0.168319,1,1
587,15,-0.390692,-0.175589,-0.231792,-0.196758,-0.144726,0,1
635,16,-0.379296,-0.109558,-0.306824,-0.205243,-0.079392,1,1
614,16,-0.366308,-0.087613,-0.166537,-0.119509,-0.139567,1,1
616,16,-0.353901,-0.117821,-0.183874,-0.117826,-0.145613,1,1
603,16,-0.410912,-0.064113,-0.288446,-0.194060,-0.120495,1,1
615,16,-0.314742,0.060030,-0.206094,-0.184583,-0.135239,1,0
627,16,-0.399802,-0.123092,-0.276739,-0.235959,-0.121440,1,1
621,16,-0.311070,-0.169168,-0.261845,-0.186991,-0.222067,0,1
602,16,-0.324469,-0.034277,-0.137369,-0.201297,-0.195762,1,1
606,16,-0.324775,-0.058883,-0.196239,-0.133292,-0.125955,1,1
618,16,-0.251096,-0.050961,-0.264634,-0.070524,-0.060527,1,1
607,16,-0.346792,-0.005754,-0.161920,-0.249561,-0.079374,1,1
625,16,-0.269822,-0.160510,-0.165456,-0.235570,-0.091226,0,1
628,16,-0.309583,-0.084797,-0.224719,-0.191332,-0.126093,1,1
633,16,-0.450613,-0.109867,-0.240734,-0.246101,-0.181735,1,1
634,16,-0.411103,-0.088749,-0.270920,-0.229549,-0.171809,1,1
639,16,-0.390061,-0.056870,-0.169272,-0.240013,-0.131364,1,1
613,16,-0.327175,0.052608,-0.138590,-0.162923,-0.166318,1,1
600,16,-0.313473,-0.009299,-0.154014,-0.161852,-0.092128,1,1
604,16,-0.366757,0.016532,-0.106393,-0.130046,-0.101438,1,1
637,16,-0.297574,-0.082063,-0.174003,-0.206013,-0.132723,1,1
601,16,-0.431475,-0.040952,-0.164129,-0.128468,-0.232297,1,1
611,16,-0.328949,0.039806,-0.207754,-0.159975,-0.094903,1,1
610,16,-0.325989,-0.052938,-0.175327,-0.133077,-0.151260,1,1
630,16,-0.314848,-0.098715,-0.275054,-0.134486,-0.232017,1,1
609,16,-0.322734,-0.010547,-0.195280,-0.096466,-0.144641,1,1
619,16,-0.272136,-0.025053,-0.213340,-0.127632,-0.077921,1,1
620,16,-0.343582,-0.082774,-0.245291,-0.183182,-0.224211,1,1
608,16,-0.310261,-0.032315,-0.237516,-0.133764,-0.131059,1,1
636,16,-0.316007,-0.084909,-0.212050,-0.174733,-0.173023,1,1
605,16,-0.329074,0.013290,-0.199572,-0.226315,-0.176120,1,1
638,16,-0.366076,-0.025077,-0.271644,-0.151756,-0.144037,1,1
623,16,-0.319043,-0.146351,-0.132088,-0.215499,-0.161302,1,1
624,16,-0.328187,-0.064705,-0.300603,-0.111843,-0.157584,1,1
629,16,-0.364472,-0.036498,-0.198717,-0.192657,-0.199602,1,1
632,16,-0.342816,-0.039009,-0.264781,-0.196589,-0.228414,1,1
631,16,-0.356712,-0.095442,-0.222521,-0.227323,-0.259155,1,1
612,16,-0.373630,0.096718,-0.147238,-0.166735,-0.046304,1,0
626,16,-0.346953,-0.071517,-0.271840,-0.191646,-0.287616,1,1
617,16,-0.277736,-0.063759,-0.219794,-0.242000,-0.114165,1,1
622,16,-0.392805,-0.125805,-0.261253,-0.129493,-0.170692,1,1
661,17,-0.256811,-0.076181,-0.216339,-0.149167,-0.150842,1,1
648,17,-0.228167,-0.091198,-0.182163,-0.211015,-0.172932,1,1
665,17,-0.315820,-0.050891,-0.275643,-0.231648,-0.193071,1,1
668,17,-0.346569,-0.104426,-0.230396,-0.163482,-0.154348,1,1
679,17,-0.314641,-0.094126,-0.274048,-0.205752,-0.130698,1,1
673,17,-0.356859,-0.120649,-0.266979,-0.209152,-0.132096,1,1
653,17,-0.436988,0.040417,-0.144027,-0.209103,-0.215213,1,0
656,17,-0.322678,0.000374,-0.201376,-0.195923,-0.054542,1,1
650,17,-0.316488,-0.043444,-0.113898,-0.171821,-0.144898,1,1
640,17,-0.305259,-0.035130,-0.193129,-0.101350,-0.070719,1,1
652,17,-0.430970,0.013784,-0.211467,-0.250998,-0.076303,1,1
647,17,-0.358194,0.060601,-0.102719,-0.196054,-0.079142,1,1
660,17,-0.422360,-0.058442,-0.157828,-0.163976,-0.061236,1,1
669,17,-0.339144,-0.123797,-0.253391,-0.216791,-0.155391,1,1
670,17,-0.384005,-0.034900,-0.232504,-0.172427,-0.191698,1,1
644,17,-0.373861,-0.064153,-0.171759,-0.150202,-0.099024,1,1
654,17,-0.284671,0.016568,-0.132735,-0.100740,-0.029586,1,1
666,17,-0.394463,-0.130110,-0.272488,-0.293463,-0.131799,1,1
667,17,-0.353984,-0.080729,-0.281908,-0.221318,-0.108895,1,1
641,17,-0.408819,0.005101,-0.216369,-0.260856,-0.158953,1,1
677,17,-0.358796,-0.117585,-0.165452,-0.231695,-0.158092,1,1
671,17,-0.313910,-0.159883,-0.250610,-0.217385,-0.076802,1,1
657,17,-0.405746,0.080852,-0.224854,-0.140311,-0.167156,1,0
658,17,-0.409716,-0.053324,-0.218625,-0.120208,-0.131106,1,1
676,17,-0.335103,-0.143788,-0.265610,-0.217088,-0.161777,1,1
672,17,-0.342110,-0.148591,-0.209221,-0.143071,-0.116835,1,1
662,17,-0.242271,-0.000131,-0.239103,-0.190499,-0.155995,1,1
645,17,-0.372718,-0.081415,-0.187691,-0.163177,-0.197219,1,1
663,17,-0.299787,-0.018964,-0.200592,-0.211417,-0.042129,1,1
659,17,-0.409963,0.080091,-0.152394,-0.140701,-0.098857,1,0
678,17,-0.344745,-0.113480,-0.221571,-0.193103,-0.075630,1,1
664,17,-0.336014,-0.107778,-0.203101,-0.214819,-0.060527,1,1
649,17,-0.388068,0.004285,-0.170549,-0.019190,-0.109492,1,1
646,17,-0.345371,0.093479,-0.090344,-0.154754,-0.103526,1,0
642,17,-0.323855,-0.083613,-0.208795,-0.177781,-0.146654,1,1
655,17,-0.306067,-0.022982,-0.152318,-0.117217,-0.043029,1,1
643,17,-0.282161,0.020513,-0.159999,-0.075855,-0.180822,1,1
675,17,-0.318521,-0.110011,-0.171224,-0.178980,-0.222834,1,1
674,17,-0.317209,-0.048912,-0.249186,-0.183439,-0.234948,1,1
651,17,-0.257698,0.070350,-0.235419,-0.170110,-0.148410,1,0
710,18,-0.326025,-0.038947,-0.242592,-0.173443,-0.166133,1,1
718,18,-0.305271,-0.076373,-0.220641,-0.131177,-0.233445,1,1
705,18,-0.238191,-0.222848,-0.216865,-0.193030,-0.075383,0,1
686,18,-0.357947,0.064764,-0.137513,-0.129563,-0.140487,1,0
683,18,-0.289753,0.007826,-0.258712,-0.020507,-0.030038,1,1
714,18,-0.286003,-0.091403,-0.171504,-0.198177,-0.148645,1,1
708,18,-0.326960,-0.013656,-0.202477,-0.080137,-0.201483,1,1
700,18,-0.342877,-0.100581,-0.173365,-0.134373,-0.140619,1,1
687,18,-0.325330,-0.063800,-0.220073,-0.048537,-0.088131,1,1
693,18,-0.243078,-0.111687,-0.142137,-0.051108,-0.184472,1,1
688,18,-0.379190,-0.082110,-0.145909,-0.209968,-0.253265,1,1
682,18,-0.300842,-0.080518,-0.182737,-0.106761,-0.109182,1,1
719,18,-0.375561,-0.038609,-0.207803,-0.215908,-0.065396,1,1
706,18,-0.268853,-0.070779,-0.148867,-0.121675,-0.136428,1,1
709,18,-0.378979,-0.071922,-0.222955,-0.195606,-0.166388,1,1
680,18,-0.335390,-0.029221,-0.176483,-0.127476,-0.117152,1,1
694,18,-0.326407,0.056873,-0.117480,-0.107867,-0.110179,1,1
698,18,-0.342090,-0.041963,-0.175245,-0.105395,-0.149322,1,1
715,18,-0.283956,-0.072979,-0.145587,-0.133420,-0.065244,1,1
704,18,-0.288537,-0.055138,-0.114875,-0.171138,-0.128413,1,1
701,18,-0.339619,-0.045143,-0.205954,-0.178510,-0.152902,1,1
713,18,-0.232697,-0.084887,-0.152429,-0.134697,-0.158872,1,1
681,18,-0.321799,0.024343,-0.319600,-0.138924,-0.074821,1,1
711,18,-0.296849,-0.031294,-0.178839,-0.169704,-0.128008,1,1
707,18,-0.311517,-0.109799,-0.228926,-0.184270,-0.184497,1,1
692,18,-0.353977,-0.116533,-0.190982,-0.156586,-0.151761,1,1
712,18,-0.239639,-0.044169,-0.210001,-0.161158,-0.233330,1,1
689,18,-0.388723,-0.001386,-0.200624,-0.101146,-0.153649,1,1
702,18,-0.277321,-0.120540,-0.225638,-0.116260,-0.147702,1,1
717,18,-0.264883,-0.171626,-0.244439,-0.239048,-0.126443,0,1
695,18,-0.310764,0.018581,-0.134682,-0.192219,0.003005,1,1
685,18,-0.323633,0.085601,-0.188199,-0.194415,-0.135583,1,0
691,18,-0.317344,0.005134,-0.170609,-0.085148,-0.105416,1,1
716,18,-0.334713,-0.015374,-0.204922,-0.181003,-0.113043,1,1
699,18,-0.311915,0.013979,-0.101409,-0.110977,-0.193769,1,1
697,18,-0.345656,-0.021200,-0.154061,-0.117110,-0.097844,1,1
696,18,-0.347622,-0.029992,-0.218146,-0.075958,-0.170678,1,1
690,18,-0.323565,0.017277,-0.291165,-0.148797,-0.008192,1,1
703,18,-0.252899,-0.063864,-0.229639,-0.152519,-0.122430,1,1
684,18,-0.327698,0.000916,-0.087439,-0.058205,-0.084772,1,1
741,19,-0.276794,-0.054669,-0.227860,-0.148214,-0.158255,1,1
754,19,-0.254857,0.009908,-0.245366,-0.165347,-0.077358,1,1
746,19,-0.300785,-0.120836,-0.212853,-0.130332,-0.117580,1,1
738,19,-0.270468,-0.068710,-0.118331,-0.132663,-0.076701,1,1
733,19,-0.256010,0.019722,-0.127580,-0.077177,-0.102006,1,1
756,19,-0.227603,-0.088813,-0.126860,-0.042869,-0.075054,1,1
729,19,-0.291364,0.037256,-0.141065,-0.203197,-0.131220,1,1
725,19,-0.255827,0.057726,-0.110719,-0.153127,-0.063477,1,0
734,19,-0.296487,-0.117558,-0.167643,-0.180141,-0.066331,1,1
742,19,-0.181561,-0.106807,-0.195964,-0.161388,-0.173254,1,1
723,19,-0.245577,-0.010801,-0.122773,-0.171503,-0.114926,1,1
747,19,-0.271531,-0.039376,-0.177068,-0.162582,-0.093159,1,1
744,19,-0.262450,-0.133376,-0.132121,-0.080119,-0.212608,1,1
727,19,-0.253327,-0.012549,-0.174005,-0.098902,-0.066857,1,1
736,19,-0.307977,-0.075808,-0.030942,-0.148841,-0.078045,1,1
726,19,-0.243240,0.073916,-0.106879,-0.068168,-0.083050,1,0
732,19,-0.273115,0.008902,-0.178555,-0.119352,-0.168024,1,1
731,19,-0.225602,-0.001851,-0.154473,-0.067958,-0.063209,1,1
752,19,-0.264816,-0.027251,-0.292343,-0.122446,-0.072854,1,1
755,19,-0.260745,-0.149789,-0.048966,-0.129938,-0.129453,1,1
739,19,-0.246145,0.053359,-0.137009,-0.117812,-0.105639,1,1
743,19,-0.186148,-0.102172,-0.165017,-0.047973,-0.138560,1,1
740,19,-0.237559,-0.077374,-0.157836,-0.131246,-0.136818,1,1
720,19,-0.352174,0.052775,-0.241851,-0.144056,-0.077201,1,0
758,19,-0.273380,-0.165512,-0.085609,-0.161155,-0.167103,0,1
730,19,-0.293751,-0.045465,-0.205167,-0.158072,-0.105152,1,1
722,19,-0.258331,0.011304,-0.126134,-0.187951,-0.068242,1,1
749,19,-0.268284,-0.032967,-0.178005,-0.201018,-0.161680,1,1
757,19,-0.306790,-0.035290,-0.176656,-0.105034,-0.192381,1,1
753,19,-0.203108,-0.060492,-0.158746,-0.216981,-0.109792,1,1
724,19,-0.273995,-0.054870,-0.144961,-0.116639,-0.063194,1,1
745,19,-0.379706,-0.111434,-0.087232,-0.138064,-0.202315,1,1
728,19,-0.325965,-0.084714,-0.161158,-0.174164,-0.103345,1,1
735,19,-0.339176,-0.005751,-0.134595,-0.164277,-0.064488,1,1
748,19,-0.377427,-0.063922,-0.248646,-0.215598,-0.251045,1,1
721,19,-0.203846,0.068377,-0.146009,-0.144169,-0.052358,1,0
759,19,-0.256129,-0.045438,-0.186015,-0.105703,-0.139489,1,1
750,19,-0.301061,-0.057232,-0.187237,-0.151016,-0.047978,1,1
751,19,-0.186990,-0.139657,-0.266023,-0.186996,-0.136223,0,1
737,19,-0.300297,-0.077591,-0.117413,-0.107993,-0.180624,1,1
787,20,-0.252030,-0.114581,-0.146627,-0.132117,-0.157188,1,1
774,20,-0.214439,-0.061970,-0.148995,-0.109260,-0.036567,1,1
781,20,-0.236676,-0.110953,-0.158576,-0.073418,-0.153613,1,1
791,20,-0.185905,-0.146410,-0.257332,-0.215774,-0.076714,0,1
795,20,-0.275799,-0.087786,-0.091413,-0.189733,-0.107922,1,1
785,20,-0.172285,0.058696,-0.186166,-0.124325,-0.090023,1,1
792,20,-0.294499,-0.076940,-0.279366,-0.194961,-0.070262,1,1
786,20,-0.181354,-0.094961,-0.191672,-0.148001,-0.152128,1,1
768,20,-0.196215,-0.001670,-0.080557,-0.126622,-0.002334,1,1
778,20,-0.309361,-0.088857,-0.056414,-0.145020,-0.050967,1,1
777,20,-0.315048,-0.067601,-0.121718,-0.116045,-0.056612,1,1
797,20,-0.184996,-0.129272,-0.198488,-0.234335,-0.093666,1,1
776,20,-0.298671,-0.005610,-0.082375,-0.110358,-0.105194,1,1
773,20,-0.209317,-0.034369,-0.163631,-0.112043,-0.113904,1,1
794,20,-0.262116,-0.120174,-0.144689,0.034080,-0.106664,1,1
790,20,-0.225402,-0.071797,-0.064338,-0.110647,-0.119239,1,1
761,20,-0.177205,-0.071654,-0.200496,-0.130453,-0.065474,1,1
789,20,-0.280560,-0.045324,-0.166111,-0.141854,-0.017614,1,1
770,20,-0.291204,-0.032143,-0.046859,-0.147934,-0.030751,1,1
760,20,-0.212570,-0.024636,-0.177974,-0.123357,-0.090815,1,1
780,20,-0.181078,-0.104609,-0.215631,-0.197037,-0.157911,1,1
796,20,-0.170768,-0.068005,-0.113750,-0.078150,-0.051769,1,1
769,20,-0.239621,0.109525,-0.130947,-0.099750,-0.117375,1,0
799,20,-0.266396,-0.046485,-0.145055,-0.196329,-0.084338,1,1
783,20,-0.325989,-0.116681,-0.085479,-0.165078,-0.128207,1,1
793,20,-0.199695,-0.069611,-0.183917,-0.139687,-0.085347,1,1
782,20,-0.207561,-0.104436,-0.105082,-0.125759,-0.122267,1,1
766,20,-0.288593,-0.083526,-0.137821,-0.134829,-0.047392,1,1
775,20,-0.281112,-0.051054,-0.127481,-0.111479,-0.108844,1,1
784,20,-0.201877,-0.111279,-0.149170,-0.185274,-0.120582,1,1
762,20,-0.241560,0.000671,-0.124607,-0.091004,0.023730,1,1
764,20,-0.302603,0.023483,-0.159401,-0.165366,-0.002120,1,1
779,20,-0.306513,0.028231,-0.109992,-0.099125,-0.104490,1,0
771,20,-0.184299,0.007215,-0.101631,-0.126389,-0.111697,1,1
765,20,-0.249444,0.018770,-0.150327,-0.127301,-0.088577,1,1
767,20,-0.310524,0.025857,-0.178205,-0.164190,-0.000409,1,0
798,20,-0.199005,-0.139547,-0.226646,-0.148239,-0.066685,1,1
763,20,-0.409638,-0.045308,-0.069147,-0.102717,-0.125408,1,0
788,20,-0.255082,-0.016512,-0.107592,-0.105184,-0.110500,1,1
772,20,-0.204028,-0.092562,-0.137971,-0.068343,-0.026938,1,1
829,21,-0.197061,-0.117243,-0.141262,-0.128578,-0.089511,1,1
809,21,-0.195395,0.111870,-0.146105,-0.056569,-0.023461,1,0
818,21,-0.262965,-0.000468,-0.143945,-0.188400,-0.053625,1,1
837,21,-0.232663,-0.188492,-0.114579,-0.071677,-0.133093,0,1
825,21,-0.143184,-0.064655,-0.230148,-0.239595,-0.094793,1,1
833,21,-0.163472,-0.129563,-0.134830,-0.151943,-0.094275,1,1
824,21,-0.312743,-0.063064,-0.187189,-0.202648,-0.144868,1,1
822,21,-0.158393,-0.114655,-0.147432,-0.107903,-0.112386,1,1
810,21,-0.322585,-0.090710,-0.122768,-0.154268,-0.158369,1,1
831,21,-0.172743,-0.071137,-0.207296,-0.126188,-0.112141,1,1
821,21,-0.200510,-0.062685,-0.126028,-0.091905,-0.118684,1,1
832,21,-0.207411,-0.149226,-0.127875,-0.191670,-0.132275,1,1
806,21,-0.360542,0.028987,-0.124882,-0.075811,-0.105801,1,0
828,21,-0.138716,-0.137824,-0.127633,-0.052092,-0.043957,0,1
835,21,-0.182157,-0.154594,-0.144083,-0.040326,-0.067595,0,1
802,21,-0.200284,-0.019606,-0.176969,-0.110417,-0.172585,1,1
804,21,-0.224471,-0.158598,-0.057481,-0.014742,-0.105868,1,1
800,21,-0.262416,0.024946,-0.227771,-0.087187,-0.053903,1,1
816,21,-0.295092,0.068265,-0.191535,-0.094254,-0.103619,1,0
814,21,-0.189414,0.022628,-0.149369,-0.046219,-0.128114,1,1
811,21,-0.274991,0.057594,-0.100298,-0.180588,-0.230474,1,0
812,21,-0.223724,-0.023684,-0.187894,-0.018707,-0.086504,1,1
817,21,-0.244133,0.066520,-0.100633,-0.050027,-0.099792,1,0
823,21,-0.185484,-0.062960,-0.155976,-0.103562,-0.116507,1,1
801,21,-0.306849,-0.051966,-0.091018,-0.080998,-0.086601,1,1
827,21,-0.170064,-0.133760,-0.136337,-0.139937,-0.110789,1,1
834,21,-0.168869,-0.105829,-0.148168,-0.093016,-0.011647,1,1
813,21,-0.237257,0.072278,-0.061681,-0.171303,-0.091287,1,0
826,21,-0.164602,-0.075423,-0.177961,-0.109577,-0.069220,1,1
820,21,-0.207344,-0.101952,-0.056427,-0.145248,-0.077915,1,1
805,21,-0.191668,-0.019349,-0.090017,-0.074970,-0.107702,1,1
830,21,-0.177590,-0.035156,-0.133071,-0.177076,-0.089470,1,1
815,21,-0.193321,-0.000072,-0.172470,-0.063268,-0.165201,1,1
838,21,-0.188188,-0.127624,-0.142472,-0.192847,-0.109988,1,1
807,21,-0.225522,-0.055019,-0.093840,-0.144955,-0.000616,1,1
808,21,-0.270083,-0.048731,-0.026719,-0.072625,-0.123948,1,1
839,21,-0.154516,-0.062132,-0.063834,-0.231155,-0.157900,1,1
803,21,-0.227241,-0.004445,-0.165736,-0.014400,-0.098119,1,1
836,21,-0.250471,-0.091604,-0.133063,-0.107977,-0.074694,1,1
819,21,-0.228523,0.050061,-0.127724,-0.134276,-0.056862,1,1
863,22,-0.174419,-0.016214,-0.189475,-0.046394,-0.120167,1,1
879,22,-0.238298,-0.130815,-0.081296,-0.118220,-0.168519,1,1
867,22,-0.268364,-0.135154,-0.037965,-0.059903,0.015520,1,1
860,22,-0.104502,-0.077241,-0.127663,-0.183057,-0.172992,1,1
840,22,-0.208330,-0.085562,-0.082663,-0.060619,-0.089396,1,1
855,22,-0.278947,0.035537,-0.066275,-0.071237,-0.079877,1,0
873,22,-0.255241,-0.143953,-0.109014,-0.075220,-0.089068,1,1
857,22,-0.166891,-0.053869,-0.086780,-0.079653,-0.009749,1,1
858,22,-0.199112,0.066731,-0.089628,-0.080729,-0.100043,1,0
878,22,-0.269901,-0.212402,-0.123131,-0.091840,-0.132845,0,1
850,22,-0.098598,-0.098815,-0.083621,-0.076034,-0.075437,1,1
861,22,-0.110594,-0.068214,-0.152083,-0.153445,-0.116261,1,1
841,22,-0.157366,0.014614,-0.074998,-0.097085,-0.118824,1,1
859,22,-0.076970,-0.076666,-0.121773,-0.144367,0.006610,1,1
844,22,-0.224795,-0.005140,-0.120314,-0.056540,-0.075488,1,1
854,22,-0.229606,-0.044580,0.009248,-0.086224,-0.114524,1,1
849,22,-0.164292,0.014512,-0.069075,-0.057363,-0.053524,1,1
865,22,-0.166031,-0.006893,-0.162683,-0.068203,-0.063055,1,1
864,22,-0.229800,-0.110590,-0.186812,-0.042978,-0.021099,1,1
843,22,-0.210078,-0.037089,-0.096255,-0.132409,0.016302,1,1
866,22,-0.157076,-0.213302,-0.228351,-0.056193,-0.022691,0,1
845,22,-0.266237,-0.055523,-0.087087,-0.157170,-0.058888,1,1
871,22,-0.144961,-0.094841,-0.172955,-0.154932,-0.019551,1,1
846,22,-0.217473,-0.033686,-0.071641,-0.109706,-0.024740,1,1
870,22,-0.267514,-0.109738,-0.146226,-0.116092,-0.093326,1,1
875,22,-0.152667,-0.020062,-0.199124,-0.191219,-0.143534,1,1
853,22,-0.203910,-0.067912,-0.075379,-0.052819,-0.113056,1,1
856,22,-0.249314,-0.008632,-0.080086,-0.098305,-0.012114,1,1
869,22,-0.157473,-0.209496,-0.162391,-0.078899,-0.048285,0,1
851,22,-0.220121,0.005487,-0.078601,-0.093196,-0.083226,1,1
872,22,-0.166422,-0.081276,-0.126041,-0.126430,-0.023226,1,1
862,22,-0.194388,-0.083011,-0.044501,-0.140407,-0.053596,1,1
868,22,-0.149724,-0.143095,-0.077347,-0.058150,-0.059442,1,1
877,22,-0.179655,-0.013050,-0.045121,-0.166506,-0.036333,1,1
848,22,-0.138859,-0.018994,-0.146475,-0.069107,-0.017667,1,1
876,22,-0.146268,-0.085566,-0.105704,-0.096433,-0.133493,1,1
847,22,-0.156236,-0.067640,-0.129547,-0.024681,-0.038421,1,1
842,22,-0.242430,-0.007887,-0.133553,-0.092981,-0.088578,1,1
874,22,-0.142601,-0.121028,-0.117164,-0.111276,-0.061046,1,1
852,22,-0.234020,-0.014571,-0.071859,-0.124912,-0.099454,1,1
915,23,-0.265299,-0.135564,-0.090622,0.022644,-0.066025,0,1
900,23,-0.159276,-0.092137,-0.187818,-0.018794,-0.009494,1,1
888,23,-0.132193,-0.031611,-0.088914,-0.027011,-0.020206,1,1
913,23,-0.034032,-0.199906,-0.185626,-0.060277,-0.014823,0,1
917,23,-0.138540,-0.062596,-0.053435,-0.093345,-0.092200,1,1
895,23,-0.121173,-0.065264,-0.158789,-0.039740,-0.059630,1,1
911,23,-0.156467,-0.064062,-0.105281,-0.149527,0.031733,1,1
910,23,-0.134748,-0.075500,-0.154771,-0.167249,-0.021554,1,1
897,23,-0.006592,-0.067648,-0.146245,-0.066717,-0.011212,1,1
901,23,-0.169710,-0.061224,-0.165933,-0.118578,-0.027188,1,1
908,23,-0.152021,-0.092755,-0.118029,-0.184030,-0.010248,1,1
883,23,-0.112567,0.029325,-0.015967,-0.015984,0.042073,1,1
899,23,-0.183618,0.061589,-0.019756,-0.060220,-0.023523,1,0
912,23,-0.132891,-0.062270,-0.100380,-0.130229,-0.026377,1,1
887,23,-0.176897,0.038077,-0.129256,-0.065756,-0.073647,1,1
886,23,-0.143132,-0.012894,-0.112033,-0.063372,0.003943,1,1
890,23,-0.120520,-0.043947,-0.064264,-0.083120,-0.059312,1,1
919,23,-0.167662,-0.088292,-0.198708,-0.104503,-0.136293,1,1
881,23,-0.115625,0.081878,-0.008101,0.020973,-0.091098,1,0
889,23,-0.125917,-0.063448,-0.116738,-0.038281,-0.013478,1,1
914,23,-0.172221,-0.069803,-0.127711,-0.093411,-0.011447,1,1
902,23,-0.136069,-0.058339,-0.097578,-0.114668,-0.028330,1,1
885,23,-0.186037,-0.007756,-0.120428,-0.038980,-0.062651,1,1
894,23,-0.113974,-0.019142,-0.215434,-0.102755,-0.063708,1,1
906,23,-0.139983,-0.092392,-0.181076,-0.183114,-0.032321,1,1
882,23,-0.178172,-0.101101,-0.053874,0.040061,-0.033675,1,1
904,23,-0.150474,-0.050210,-0.069894,-0.072289,-0.068743,1,1
905,23,-0.155750,-0.193515,-0.052175,-0.071422,-0.091846,0,1
907,23,-0.192107,-0.106444,-0.190262,-0.049880,-0.091479,1,1
892,23,-0.184148,-0.032665,-0.141656,-0.018743,0.022387,1,1
918,23,-0.174491,-0.122308,-0.056587,-0.177862,-0.042775,1,1
903,23,-0.189489,-0.080574,-0.179992,-0.070296,-0.094689,1,1
896,23,-0.201458,0.083795,-0.124415,-0.026561,-0.099070,1,0
893,23,-0.176749,0.105543,-0.134058,-0.096030,-0.069227,1,0
909,23,-0.129579,-0.063598,-0.076370,-0.058066,-0.025080,1,1
916,23,-0.229008,0.051064,-0.169207,-0.049266,-0.049305,1,1
884,23,-0.193897,-0.038088,-0.148959,-0.029769,-0.053620,1,1
891,23,-0.133503,0.001916,-0.114016,-0.096985,-0.047633,1,1
898,23,-0.262824,-0.012354,-0.083429,-0.182470,-0.013711,1,1
880,23,-0.061602,-0.044843,-0.142944,-0.028433,-0.042217,1,1
948,24,-0.101948,-0.179807,-0.097867,-0.023406,-0.058317,0,1
958,24,-0.106861,-0.051609,-0.154723,-0.046590,-0.022782,1,1
941,24,-0.167616,-0.111101,-0.186896,-0.053619,-0.066762,1,1
933,24,-0.232083,0.010131,-0.046899,-0.014359,0.021762,1,1
952,24,-0.123114,-0.150091,-0.128424,-0.095645,-0.024684,1,1
934,24,-0.265980,-0.101353,-0.141035,-0.047644,-0.098998,1,1
925,24,-0.183902,-0.037126,-0.038102,-0.078792,-0.058263,1,1
954,24,-0.056845,-0.101966,-0.136531,-0.076089,-0.018218,1,1
938,24,-0.198424,0.027091,-0.033412,-0.131066,-0.094930,1,1
932,24,-0.158334,-0.139898,-0.096137,-0.042679,-0.081776,1,1
924,24,-0.188131,-0.060920,-0.054857,-0.045893,-0.013235,1,1
923,24,-0.055787,-0.046992,-0.077947,-0.001254,-0.089361,1,1
955,24,-0.126870,-0.155450,-0.098397,-0.097076,-0.153302,1,1
921,24,-0.165363,-0.085782,-0.047392,-0.016540,-0.081170,1,1
927,24,-0.144745,-0.021949,-0.038432,-0.083560,-0.037813,1,1
940,24,-0.090623,-0.052267,-0.126817,-0.151661,-0.093869,1,1
922,24,-0.150654,0.023189,-0.128257,-0.020490,-0.041679,1,1
945,24,-0.183843,-0.180144,-0.232056,-0.149568,-0.141569,0,1
936,24,-0.125969,-0.062242,-0.069400,-0.093426,-0.175093,1,1
951,24,-0.185927,-0.052953,-0.011355,0.012235,-0.049363,1,1
928,24,-0.238992,0.006953,-0.152922,-0.090275,-0.146241,1,1
929,24,-0.096849,-0.012658,-0.064780,-0.017792,-0.018371,1,1
943,24,-0.095342,-0.111051,-0.169695,-0.056108,-0.069888,1,1
949,24,-0.123265,-0.025698,-0.105043,-0.080616,-0.069230,1,1
959,24,-0.109893,-0.102232,-0.092122,-0.235283,-0.029453,1,1
947,24,-0.152518,-0.091967,-0.101275,-0.047974,0.039613,1,1
920,24,-0.147570,-0.025516,-0.044274,-0.135770,0.023897,1,1
939,24,-0.287069,-0.080140,-0.046233,-0.044284,-0.004182,1,0
942,24,-0.122536,-0.117408,-0.000408,-0.043909,-0.144881,1,1
930,24,-0.119432,0.056505,-0.094578,-0.131121,0.007547,1,1
953,24,-0.093019,-0.082155,-0.128595,-0.131640,-0.067596,1,1
931,24,-0.187135,0.040101,-0.043492,-0.054274,-0.084054,1,1
957,24,-0.107081,-0.111873,-0.268416,-0.056006,0.033019,1,1
956,24,-0.148879,-0.032678,-0.103621,-0.076038,-0.035340,1,1
935,24,-0.172912,-0.002649,-0.158381,-0.054866,0.044574,1,1
946,24,-0.097665,-0.089578,-0.157052,-0.066324,-0.040720,1,1
944,24,-0.139093,-0.114107,-0.186874,-0.056647,-0.037024,1,1
950,24,-0.142133,-0.069921,-0.117842,-0.102197,-0.083503,1,1
926,24,-0.204578,0.004525,-0.069867,-0.070490,-0.102188,1,1
937,24,-0.158747,-0.019906,-0.093579,-0.049129,0.008844,1,1
979,25,-0.109164,-0.048606,-0.088953,-0.028148,0.002333,1,1
976,25,-0.140789,-0.011108,-0.132384,-0.135206,-0.101189,1,1
985,25,-0.107225,-0.032677,-0.081318,-0.087575,0.039318,1,1
978,25,-0.139451,-0.057344,-0.091835,-0.024545,-0.040366,1,1
960,25,-0.144318,-0.034136,-0.128897,-0.047522,-0.072584,1,1
998,25,-0.124282,-0.161788,-0.059365,-0.102558,-0.103909,1,1
961,25,-0.208330,0.053052,-0.058491,-0.110508,0.000892,1,0
974,25,-0.139902,-0.057410,-0.100980,-0.033999,-0.101035,1,1
968,25,-0.115261,-0.005628,-0.003100,-0.063060,-0.062113,1,1
984,25,-0.054938,0.045633,-0.108846,-0.122420,-0.023771,1,1
986,25,-0.219839,-0.114486,-0.142416,-0.106668,-0.065140,1,1
988,25,-0.175483,-0.068396,-0.125979,-0.041803,-0.163389,1,1
983,25,-0.065186,-0.062676,-0.044532,-0.033825,-0.030740,1,1
973,25,-0.091254,-0.023478,-0.025110,-0.032414,-0.050784,1,1
962,25,-0.222594,0.017996,-0.102728,-0.012712,-0.042601,1,1
969,25,-0.216021,-0.071583,-0.074080,-0.033883,0.099470,1,1
999,25,-0.136456,0.007075,-0.076029,-0.060736,-0.048866,1,1
975,25,-0.178514,0.007895,0.024306,-0.111488,-0.032730,1,1
971,25,-0.159595,-0.027871,-0.104114,-0.113413,-0.023459,1,1
987,25,-0.091158,-0.018532,-0.170003,-0.037713,0.006220,1,1
993,25,-0.176205,-0.126421,-0.089323,-0.126418,-0.079371,1,1
965,25,-0.154405,-0.008319,-0.088162,-0.047333,-0.010132,1,1
980,25,-0.173002,-0.105000,-0.171497,-0.125097,-0.097886,1,1
966,25,-0.170014,-0.038652,-0.038383,0.018988,-0.053013,1,1
963,25,-0.159940,0.020758,-0.133138,-0.048505,0.004713,1,1
970,25,-0.128069,-0.039922,-0.105033,-0.031637,0.013810,1,1
991,25,-0.129549,-0.088358,-0.145075,-0.068380,-0.139158,1,1
994,25,-0.098359,-0.098946,-0.176444,-0.089104,-0.004792,1,1
996,25,-0.156572,-0.084117,-0.140388,-0.074147,-0.024821,1,1
972,25,-0.086825,-0.014053,-0.012951,-0.101746,-0.013539,1,1
992,25,-0.101526,-0.072259,-0.127292,-0.109687,-0.170793,1,1
990,25,-0.067044,0.069217,-0.023635,-0.045587,-0.001700,1,1
982,25,-0.074460,-0.083611,-0.173131,-0.136483,-0.084738,1,1
981,25,-0.127175,-0.111312,-0.015419,-0.120144,-0.085841,1,1
997,25,-0.149391,-0.088086,-0.038807,-0.078043,-0.020297,1,1
964,25,-0.163584,0.043033,-0.155948,-0.070582,-0.010687,1,1
967,25,-0.063868,-0.043807,-0.087240,-0.084969,-0.036101,1,1
977,25,-0.112004,-0.066247,-0.010452,-0.141966,-0.002167,1,1
989,25,-0.085908,0.006554,-0.096450,-0.119655,-0.068329,1,1
995,25,-0.130239,-0.050827,-0.074112,-0.096440,0.022455,1,1
1002,26,-0.113277,-0.068286,0.000627,-0.068342,-0.032977,1,1
1005,26,-0.109759,-0.053153,-0.187841,-0.070075,0.063204,1,1
1033,26,-0.026644,0.016935,-0.103711,-0.061349,0.046594,1,1
1036,26,-0.070480,-0.004379,-0.080834,-0.088634,-0.098476,1,1
1022,26,-0.045379,0.015440,-0.134895,-0.165064,-0.059359,1,1
1003,26,-0.065327,0.083166,-0.076027,-0.044331,0.020874,1,0
1030,26,-0.003201,-0.108647,-0.039465,-0.035827,-0.007137,1,1
1027,26,-0.005361,-0.124525,-0.064438,-0.039546,-0.082140,0,1
1014,26,-0.163133,0.044149,-0.089117,-0.074301,-0.047124,1,1
1015,26,-0.128008,-0.058207,-0.066863,-0.003574,-0.026515,1,1
1016,26,-0.189096,0.035778,-0.080108,-0.073123,-0.093813,1,1
1018,26,-0.105935,0.022861,-0.044456,-0.014606,0.065600,1,1
1025,26,-0.103734,-0.054883,-0.144275,-0.083836,-0.015549,1,1
1037,26,-0.170598,-0.158287,-0.118589,-0.151860,-0.059647,0,1
1038,26,-0.209607,-0.017376,-0.073153,-0.063968,0.017120,1,1
1000,26,-0.083579,0.054260,0.021896,0.005065,0.005073,1,0
1009,26,-0.113661,-0.047336,-0.079056,0.049483,0.026537,1,1
1004,26,-0.178151,0.024360,-0.121197,-0.071804,-0.041954,1,1
1007,26,-0.151743,-0.081875,-0.132894,0.049711,-0.056856,1,1
1023,26,-0.154131,-0.093073,-0.077025,-0.061620,-0.027578,1,1
1013,26,-0.191903,-0.073864,-0.101855,-0.063385,0.064302,1,1
1035,26,-0.090035,-0.193097,-0.038626,-0.056764,-0.010242,0,1
1001,26,-0.170928,0.016532,-0.038761,0.025423,-0.053335,1,1
1026,26,-0.200680,-0.037468,-0.172572,-0.118010,-0.068001,1,1
1012,26,-0.074392,-0.043833,-0.042957,-0.022213,0.032311,1,1
1039,26,-0.075076,-0.179704,-0.082080,-0.027693,-0.039768,0,1
1028,26,-0.208735,-0.092641,-0.121153,-0.064894,-0.053556,1,1
1024,26,-0.117443,-0.036310,-0.077365,-0.149954,-0.033420,1,1
1034,26,-0.077398,-0.114842,-0.119722,-0.051042,-0.104291,1,1
1011,26,-0.163131,-0.050987,-0.133104,-0.011512,0.031717,1,1
1017,26,-0.156285,0.022029,-0.114359,-0.061465,0.006938,1,1
1021,26,-0.075445,-0.052086,-0.081938,-0.079007,-0.124600,1,1
1020,26,-0.179689,-0.051602,-0.130468,-0.079997,-0.059124,1,1
1029,26,-0.010200,-0.072189,-0.059510,-0.054120,-0.070311,1,1
1031,26,-0.161335,-0.038506,-0.128978,-0.015787,-0.050725,1,1
1008,26,-0.111179,0.041604,-0.041069,-0.050551,-0.013376,1,1
1032,26,-0.082127,-0.076966,-0.109396,-0.029995,-0.112599,1,1
1006,26,-0.145658,-0.024154,0.025332,-0.095749,0.031385,1,1
1010,26,-0.122834,-0.109973,-0.092039,-0.068803,-0.045525,1,1
1019,26,-0.096873,-0.012078,-0.120138,0.027486,-0.022753,1,1
1056,27,-0.020608,-0.027164,-0.029402,0.002492,-0.006010,1,1
1048,27,-0.073659,0.030396,-0.040521,-0.050672,-0.069034,1,1
1040,27,-0.136604,-0.002719,-0.051804,-0.010928,0.019748,1,1
1057,27,-0.126016,-0.065868,0.024155,-0.015023,-0.002674,1,1
1046,27,-0.134640,0.104523,-0.093589,-0.047460,-0.037041,1,0
1041,27,-0.143202,0.032576,-0.042128,-0.061899,-0.030457,1,1
1051,27,-0.083499,-0.122571,-0.006629,-0.063143,-0.059065,1,1
1047,27,-0.103167,0.026231,-0.064014,0.012598,-0.055239,1,1
1059,27,-0.025452,0.111732,-0.027668,-0.001793,0.056099,1,0
1061,27,-0.119112,-0.149163,-0.097876,-0.085362,-0.032867,1,1
1049,27,-0.192285,0.023349,-0.106862,-0.082495,0.001085,1,1
1066,27,-0.083098,-0.024204,-0.104224,-0.180538,-0.127109,1,1
1050,27,-0.079120,0.015859,-0.030561,-0.080805,-0.073026,1,1
1053,27,-0.064308,-0.015810,0.001505,-0.050178,0.024981,1,1
1065,27,-0.136373,-0.148714,-0.108189,-0.037964,-0.047445,1,1
1062,27,-0.020000,-0.091468,-0.081174,-0.073061,-0.041988,1,1
1064,27,-0.033782,-0.143487,-0.088839,-0.105454,-0.031287,1,1
1072,27,-0.087506,-0.105327,-0.186081,-0.147166,-0.091369,1,1
1077,27,-0.170725,-0.135974,-0.043333,-0.054685,-0.033934,1,1
1052,27,-0.099468,0.045318,-0.059799,0.127263,-0.001741,1,1
1067,27,-0.098024,-0.088405,-0.110378,-0.175803,-0.131175,1,1
1045,27,-0.060374,0.024896,-0.058413,-0.139158,-0.074292,1,1
1069,27,-0.047043,-0.159775,-0.152649,-0.134762,-0.096123,1,1
1042,27,-0.136937,0.028560,0.005368,-0.069252,0.059852,1,1
1073,27,-0.052987,-0.033557,-0.057843,-0.153773,-0.002437,1,1
1060,27,-0.064513,-0.089286,-0.031051,-0.034081,-0.072100,1,1
1044,27,-0.177319,-0.029186,-0.110121,0.037347,-0.090939,1,1
1076,27,-0.041117,-0.151590,-0.039140,-0.024438,-0.007500,1,1
1054,27,-0.078985,-0.032317,0.006678,-0.044454,0.003046,1,1
1074,27,-0.113740,-0.191684,-0.123175,-0.099988,-0.010579,0,1
1063,27,-0.108097,-0.072189,-0.197782,-0.078887,-0.054878,1,1
1070,27,-0.038471,-0.044409,-0.069085,-0.095078,0.010477,1,1
1043,27,-0.056048,0.055667,-0.014639,-0.012446,-0.066804,1,0
1079,27,-0.039892,-0.093669,-0.074169,-0.091489,-0.098286,1,1
1075,27,-0.105409,-0.129632,-0.171558,-0.088008,-0.130481,1,1
1078,27,-0.051590,-0.153467,-0.054716,0.009114,-0.086164,1,1
1058,27,-0.072441,-0.014216,0.012758,0.065005,0.056996,1,1
1071,27,-0.121016,-0.148555,-0.116641,-0.015602,-0.128478,1,1
1055,27,-0.124331,-0.005878,-0.068494,0.007085,0.002303,1,1
1068,27,-0.124684,-0.102529,-0.065376,-0.022565,-0.102113,1,1
1087,28,-0.012980,0.026233,-0.078252,-0.025581,-0.002803,1,1
1096,28,-0.059681,-0.018774,0.027522,-0.003408,0.049092,1,1
1099,28,-0.119342,0.000285,-0.014118,-0.018791,-0.017689,1,1
1088,28,-0.092293,-0.124131,0.015900,0.098424,0.007061,1,1
1113,28,-0.059043,-0.114096,-0.087981,0.003209,-0.070495,1,1
1085,28,-0.014344,-0.041196,-0.074709,-0.024255,0.049313,1,1
1108,28,-0.061785,-0.149253,-0.114897,-0.077677,-0.060087,1,1
1083,28,-0.101722,0.064158,-0.070208,-0.030657,0.022598,1,0
1105,28,-0.098716,-0.090107,-0.062853,-0.033975,0.030227,1,1
1103,28,-0.025764,-0.070309,-0.099939,-0.049702,-0.050222,1,1
1092,28,-0.109784,-0.010854,-0.094558,-0.052304,0.020757,1,1
1093,28,-0.044669,-0.015045,-0.071522,0.021164,-0.018794,1,1
1116,28,-0.028506,-0.099570,-0.019854,-0.050560,-0.064370,1,1
1117,28,-0.026748,-0.080684,0.022689,-0.094356,0.044407,1,1
1081,28,-0.027130,0.051400,-0.154749,-0.056722,0.036699,1,1
1097,28,0.007971,0.012623,-0.054107,0.015521,0.011746,1,1
1082,28,-0.095706,0.065926,-0.015821,-0.042957,0.054180,1,0
1119,28,-0.000480,-0.057230,-0.142869,-0.077131,-0.068981,1,1
1101,28,0.036204,-0.089560,-0.095040,-0.082057,-0.026075,1,1
1091,28,-0.025648,0.000000,-0.068530,-0.067647,0.021211,1,1
1090,28,-0.080175,0.033941,-0.050487,-0.019631,0.036659,1,1
1104,28,-0.049047,-0.030515,-0.044947,-0.076791,-0.066992,1,1
1114,28,0.008231,-0.068483,-0.125606,-0.072555,0.022540,1,1
1100,28,-0.042503,-0.015735,-0.103651,-0.079013,-0.033239,1,1
1089,28,0.003205,-0.059112,-0.029324,0.067815,-0.043672,1,1
1095,28,-0.102186,0.024642,-0.020876,-0.050503,-0.022915,1,1
1112,28,-0.081646,-0.093979,-0.067806,-0.026037,0.041649,1,1
1084,28,-0.024617,-0.012632,0.071840,-0.040998,0.036210,1,1
1102,28,-0.115689,-0.140707,0.025957,-0.064477,-0.059835,1,1
1080,28,-0.082345,-0.047120,-0.023886,0.040231,0.022006,1,1
1111,28,-0.057992,-0.116846,-0.071842,-0.086224,-0.030026,1,1
1086,28,-0.054617,0.012764,-0.041931,-0.021019,0.012684,1,1
1094,28,-0.041527,-0.093555,0.058903,-0.001186,-0.069864,1,1
1098,28,-0.042071,0.039515,-0.046387,0.005784,-0.041593,1,1
1109,28,-0.065802,-0.049820,-0.059165,-0.035824,-0.026649,1,1
1110,28,0.002212,-0.048082,-0.117689,-0.066068,-0.024546,1,1
1115,28,-0.039209,-0.095478,-0.084714,-0.067725,-0.022376,1,1
1107,28,-0.013598,-0.009993,-0.030751,-0.084210,-0.071454,1,1
1106,28,0.028695,-0.040864,-0.062967,-0.029240,-0.025964,1,1
1118,28,-0.113386,-0.109264,-0.077074,-0.043938,0.004357,1,1
1145,29,-0.049006,-0.021034,-0.080082,-0.079315,-0.021400,1,1
1141,29,-0.072947,-0.109989,-0.095489,-0.093707,-0.149117,1,1
1125,29,-0.004567,-0.006622,-0.041854,-0.057283,0.057421,1,1
1158,29,-0.043895,-0.120613,-0.144960,-0.108561,0.056369,1,1
1132,29,-0.091870,-0.112285,-0.120832,-0.023368,0.005839,1,1
1148,29,-0.062938,-0.128000,-0.093035,-0.071074,0.007840,1,1
1130,29,0.015543,-0.079574,-0.031150,0.001035,0.075268,1,1
1146,29,-0.073284,-0.019103,-0.048950,-0.101632,-0.061311,1,1
1151,29,-0.107545,-0.122569,-0.066435,-0.041671,0.059589,1,1
1143,29,-0.117779,-0.033021,-0.135527,-0.090810,-0.009804,1,1
1129,29,-0.043587,0.044226,0.089528,0.073147,-0.028634,1,1
1126,29,-0.062134,-0.018566,0.054075,0.105358,0.059963,1,1
1153,29,-0.076904,-0.045152,-0.017548,-0.104625,-0.053877,1,1
1140,29,-0.015299,-0.109988,-0.007801,0.037809,-0.022507,1,1
1131,29,-0.103305,-0.047445,-0.048429,0.009304,-0.079994,1,1
1134,29,-0.084208,-0.023584,-0.025534,-0.096634,0.044146,1,1
1159,29,-0.007320,-0.132168,-0.075584,-0.044936,-0.010289,1,1
1142,29,-0.071953,-0.138082,-0.057210,-0.119852,-0.033241,1,1
1157,29,0.079251,-0.038464,-0.075068,-0.078912,0.050621,1,1
1121,29,-0.116677,0.033248,-0.018914,-0.104995,-0.016494,1,1
1127,29,-0.088068,-0.063485,0.031580,0.008399,0.021355,1,1
1123,29,-0.073508,0.095991,-0.083130,-0.017496,0.002865,1,0
1137,29,-0.022363,0.088871,-0.067853,-0.006174,0.012478,1,0
1122,29,-0.063175,0.037702,-0.063988,-0.043683,0.099257,1,1
1138,29,-0.120729,-0.025886,-0.097584,0.065731,-0.052011,1,1
1154,29,-0.041234,-0.151642,-0.034921,0.013838,-0.028774,1,1
1150,29,0.019593,-0.122723,0.011124,-0.165002,0.018966,1,1
1135,29,-0.105286,-0.003418,-0.004092,0.057936,0.001816,1,1
1128,29,-0.039613,-0.039236,-0.003815,-0.015102,0.050929,1,1
1120,29,-0.129346,-0.013271,-0.076338,-0.018012,-0.042714,1,1
1152,29,-0.108553,-0.047523,-0.045156,-0.033919,-0.047964,1,1
1124,29,-0.094835,-0.095552,-0.042665,0.058933,0.008227,1,1
1155,29,-0.039566,-0.121967,-0.180549,-0.072862,-0.015710,1,1
1139,29,-0.038844,-0.042979,-0.052656,-0.007014,-0.027464,1,1
1133,29,-0.016489,-0.080087,0.024863,-0.086308,0.049206,1,1
1149,29,0.065975,-0.037437,-0.004686,-0.113967,-0.035231,1,1
1156,29,-0.050907,-0.134291,-0.055791,-0.026616,-0.063299,1,1
1144,29,-0.061071,-0.046575,-0.066015,0.035915,-0.045741,1,1
1136,29,-0.072734,-0.013837,-0.048021,0.057129,0.061304,1,1
1147,29,-0.015051,-0.095167,0.028371,-0.058766,-0.067957,1,1
1167,30,-0.020799,-0.038093,0.015366,0.027042,0.006812,1,1
1194,30,-0.087431,-0.112661,-0.059822,-0.024043,-0.013187,1,1
1164,30,-0.122106,-0.074150,0.015428,-0.012301,-0.001306,1,1
1179,30,-0.009678,0.006058,-0.065082,-0.120879,-0.032709,1,1
1166,30,-0.037949,-0.072944,-0.111375,0.052907,-0.021671,1,1
1170,30,-0.061491,0.009462,-0.046399,-0.020250,0.149554,1,1
1182,30,-0.037060,-0.136335,-0.018505,-0.077843,0.091712,1,1
1160,30,-0.049950,-0.048859,-0.011381,-0.009373,-0.075879,1,1
1168,30,-0.038196,0.016459,-0.074879,0.061812,0.081984,1,1
1184,30,0.016542,-0.061393,-0.157475,-0.062682,-0.020278,1,1
1163,30,-0.088709,-0.017363,-0.061374,0.011806,0.036551,1,1
1196,30,-0.069504,-0.070915,-0.045298,-0.011737,-0.011103,1,1
1181,30,-0.024482,0.009131,-0.029870,-0.025145,-0.053080,1,1
1161,30,0.048224,0.059221,0.054769,0.007572,0.003246,1,0
1187,30,-0.031029,-0.100086,-0.064011,-0.023804,-0.029516,1,1
1180,30,-0.099497,-0.094891,-0.193884,-0.148816,0.032717,1,1
1186,30,-0.099581,-0.035406,-0.082409,-0.015684,-0.055092,1,1
1192,30,-0.044438,-0.049464,-0.106669,-0.056145,-0.069455,1,1
1162,30,-0.021688,0.031439,0.031562,-0.017267,-0.089039,1,1
1165,30,-0.064032,-0.066190,-0.022675,-0.028729,0.079058,1,1
1183,30,-0.049907,-0.094093,0.003029,-0.050684,-0.000496,1,1
1188,30,-0.006679,-0.107547,-0.002089,-0.123238,-0.002451,1,1
1169,30,-0.035561,0.071888,0.070673,0.098926,0.072684,1,0
1191,30,-0.061176,-0.091720,-0.070214,-0.055898,-0.026754,1,1
1171,30,-0.071812,0.037731,-0.096560,-0.071032,0.031564,1,1
1190,30,-0.000707,-0.103129,-0.036587,-0.051369,-0.056431,1,1
1199,30,-0.025774,-0.104467,-0.172913,-0.084323,-0.073256,1,1
1185,30,-0.034890,-0.027060,-0.053565,-0.038283,0.015100,1,1
1193,30,0.024942,-0.120277,-0.048314,-0.041911,-0.011368,1,1
1173,30,0.043255,-0.050537,-0.063351,0.004336,0.003333,1,1
1176,30,-0.054672,-0.135789,-0.138583,0.006002,-0.015801,1,1
1197,30,-0.026616,-0.020435,-0.062795,-0.088137,-0.119160,1,1
1198,30,-0.024124,-0.049003,0.019541,-0.123695,-0.013991,1,1
1174,30,-0.016911,-0.054999,0.025242,0.072174,0.087610,1,1
1195,30,0.003654,-0.143916,-0.099860,-0.131756,-0.124876,1,1
1177,30,-0.048667,0.018869,-0.017270,0.029703,0.005916,1,1
1178,30,0.053558,-0.004980,-0.087777,0.030452,-0.014024,1,1
1189,30,-0.040757,-0.117916,-0.091268,-0.079692,-0.040306,1,1
1172,30,-0.054838,-0.048162,-0.057217,0.074969,0.086621,1,1
1175,30,-0.049976,0.005249,0.084987,0.061483,-0.029078,1,1
1231,31,-0.018592,-0.045475,-0.138204,0.008722,-0.017008,1,1
1239,31,0.009964,-0.051152,-0.066419,-0.055384,-0.058303,1,1
1207,31,-0.039688,0.031484,0.018503,0.026627,0.053233,1,1
1215,31,-0.050010,-0.133020,-0.083079,-0.006000,-0.023279,1,1
1222,31,-0.008305,-0.098950,-0.031321,-0.058087,-0.052083,1,1
1221,31,-0.071597,-0.072617,-0.025227,0.060609,-0.098397,1,1
1220,31,-0.072693,-0.098411,0.024031,-0.053334,-0.052711,1,1
1232,31,-0.093765,-0.173024,0.028784,-0.052471,-0.066990,0,1
1202,31,0.003611,-0.015751,-0.069305,-0.033218,0.079308,1,1
1208,31,-0.056777,-0.025879,-0.099186,-0.023765,-0.068988,1,1
1210,31,-0.009716,-0.030314,-0.058207,-0.098595,0.010449,1,1
1211,31,-0.095819,0.054952,-0.020476,0.005154,0.079380,1,0
1218,31,-0.073310,-0.096786,0.071898,0.032949,0.064734,1,1
1235,31,-0.063005,-0.071917,-0.006261,-0.023224,-0.017682,1,1
1229,31,0.003117,-0.038859,-0.044908,-0.105983,-0.036824,1,1
1226,31,-0.062127,-0.139111,-0.065643,0.016809,-0.019091,1,1
1228,31,-0.017086,-0.123048,-0.012464,-0.154036,0.015069,1,1
1223,31,-0.049239,-0.117586,-0.089955,0.129910,-0.066518,1,1
1213,31,0.015852,0.012603,0.006694,0.024724,0.096855,1,1
1206,31,-0.026880,-0.029968,-0.068998,-0.003795,0.036850,1,1
1224,31,-0.036219,-0.076254,-0.074657,-0.006251,0.008140,1,1
1238,31,-0.015298,-0.173732,0.035984,0.017515,0.007197,0,1
1212,31,-0.013862,0.026292,-0.056405,-0.114791,0.001733,1,1
1227,31,-0.029450,-0.293073,-0.094773,-0.011707,-0.036803,0,1
1236,31,-0.053054,-0.043530,0.047216,0.054704,0.051182,1,1
1205,31,-0.042103,0.002281,0.042952,0.013289,0.051511,1,1
1201,31,-0.011296,-0.010895,-0.074781,-0.006060,0.011821,1,1
1225,31,-0.012333,-0.087583,-0.052012,-0.076190,-0.073994,1,1
1204,31,0.029573,-0.032781,-0.091779,-0.078381,-0.050767,1,1
1203,31,-0.031947,-0.005532,-0.003707,0.001969,0.056599,1,1
1230,31,-0.026166,-0.080556,-0.082929,-0.015901,0.020824,1,1
1217,31,0.006571,-0.009253,-0.035370,-0.008990,-0.013911,1,1
1237,31,-0.009532,-0.072446,-0.081607,0.008375,-0.009778,1,1
1234,31,0.015035,-0.064518,-0.072459,-0.065558,0.056074,1,1
1200,31,-0.026473,0.000373,0.060626,-0.152994,0.024724,1,1
1214,31,-0.079319,-0.007640,0.023579,0.090996,0.058388,1,1
1219,31,-0.126619,-0.004130,0.011649,-0.066542,0.000661,1,1
1233,31,-0.028661,-0.049142,-0.073213,-0.035552,-0.057201,1,1
1216,31,-0.067792,-0.050267,-0.120785,0.050196,0.006148,1,1
1209,31,0.019214,0.015890,-0.028284,-0.064181,-0.088488,1,1
1272,32,0.016104,-0.046506,-0.102490,-0.035904,-0.035685,1,1
1260,32,-0.021776,-0.035504,-0.054861,-0.078561,-0.000454,1,1
1245,32,0.071812,-0.074021,0.016635,-0.002676,0.148063,1,1
1240,32,0.060694,-0.075497,-0.069155,-0.064494,0.118725,1,1
1243,32,-0.041268,-0.064358,-0.108048,0.057244,-0.023450,1,1
1265,32,-0.058320,-0.053348,-0.050730,-0.015837,-0.053887,1,1
1244,32,-0.024661,0.022877,0.060618,-0.010024,-0.041444,1,1
1264,32,0.066346,-0.138577,-0.013204,-0.007775,0.014767,0,1
1266,32,-0.014177,-0.210367,-0.062365,-0.058455,0.025497,0,1
1250,32,-0.124514,-0.088991,-0.039485,-0.062580,-0.039747,1,1
1269,32,-0.075434,-0.107835,-0.148222,-0.065104,0.053043,1,1
1278,32,0.011916,-0.098689,-0.042215,0.000548,-0.036300,1,1
1271,32,-0.093216,-0.041981,-0.112379,-0.069587,0.079722,1,1
1275,32,-0.031081,-0.147508,-0.012942,-0.079305,-0.058804,1,1
1248,32,-0.055509,-0.035148,0.010185,0.017962,0.026092,1,1
1268,32,0.012507,-0.020686,0.002916,-0.089977,0.038746,1,1
1253,32,-0.075991,-0.069218,-0.047972,-0.033034,0.079764,1,1
1261,32,-0.049183,-0.174831,-0.028894,-0.063858,-0.010825,0,1
1255,32,-0.043865,-0.094351,-0.117398,0.064765,-0.085529,1,1
1262,32,-0.046671,-0.090470,-0.023129,-0.101318,-0.053810,1,1
1242,32,-0.048640,-0.123277,-0.083654,-0.052647,-0.039194,1,1
1254,32,-0.084832,-0.052286,-0.077773,-0.083791,0.056013,1,1
1256,32,-0.050960,-0.010098,-0.063547,-0.038689,0.086787,1,1
1276,32,-0.111418,-0.056509,-0.081450,-0.122275,0.013489,1,1
1241,32,-0.080267,0.065257,-0.014788,-0.033664,-0.042537,1,0
1277,32,0.020188,-0.062703,-0.077285,-0.047334,-0.067587,1,1
1246,32,0.048132,-0.022417,-0.111148,0.021032,0.003275,1,1
1259,32,-0.065546,-0.004451,0.017429,0.003718,-0.001377,1,1
1247,32,-0.059601,0.070236,0.030986,-0.023875,0.073813,1,0
1252,32,-0.017814,-0.052597,-0.046805,0.077688,0.024745,1,1
1273,32,0.005431,-0.090092,-0.176806,0.000157,0.038701,1,1
1274,32,-0.028909,-0.078286,-0.109369,-0.089949,-0.061727,1,1
1279,32,0.039607,-0.065011,-0.019315,-0.051332,-0.034400,1,1
1267,32,0.003536,0.005627,0.007453,-0.039715,0.032562,1,1
1263,32,-0.067305,-0.147440,0.022615,-0.060492,0.045555,1,1
1270,32,-0.027745,-0.110767,-0.143057,-0.128759,-0.027421,1,1
1258,32,-0.039562,-0.015331,0.071014,-0.076566,0.006478,1,1
1257,32,-0.095345,-0.074271,-0.061151,0.046116,0.012929,1,1
1249,32,-0.087461,-0.074728,-0.057944,-0.071910,0.073031,1,1
1251,32,-0.118793,-0.007411,-0.068940,0.012339,0.080802,1,1
1305,33,-0.035637,-0.067712,-0.089561,-0.043445,0.018633,1,1
1306,33,0.065937,-0.016259,-0.075337,0.040916,-0.023111,1,1
1308,33,0.089460,-0.134795,-0.079904,0.006465,0.086180,0,1
1313,33,-0.111638,-0.062541,-0.009781,0.037909,0.091951,1,1
1310,33,-0.017556,0.023774,-0.008495,-0.025893,0.057028,1,1
1307,33,0.007261,-0.125704,-0.004517,-0.066023,0.028456,1,1
1315,33,-0.088708,-0.162323,-0.058986,0.004654,-0.027057,0,1
1297,33,-0.050775,-0.054578,0.013759,-0.019028,0.016533,1,1
1303,33,-0.026557,-0.083665,-0.088299,-0.004306,-0.051115,1,1
1318,33,-0.035921,0.016846,-0.032452,-0.032528,0.030319,1,1
1314,33,-0.011836,-0.077371,-0.029980,-0.000311,-0.042541,1,1
1287,33,-0.068340,0.086119,0.064475,-0.097559,0.075452,1,0
1299,33,-0.047749,0.023522,-0.079636,0.064937,0.014467,1,1
1292,33,-0.026400,0.059765,0.067861,0.069900,0.119800,1,1
1293,33,-0.010582,0.028131,0.026359,-0.025431,0.003295,1,1
1319,33,0.008840,-0.109973,-0.134442,0.023146,0.037495,1,1
1294,33,-0.098021,0.002221,-0.000058,-0.010499,0.063104,1,1
1316,33,0.027234,-0.049858,-0.028002,-0.011761,0.066232,1,1
1281,33,0.014641,0.005769,-0.122545,0.076898,-0.030647,1,1
1285,33,-0.023445,-0.121676,0.014604,-0.051131,0.080383,1,1
1312,33,0.038181,-0.139024,-0.041892,-0.041777,0.064990,1,1
1301,33,0.054241,-0.074170,-0.145304,0.021644,-0.009851,1,1
1286,33,-0.091077,-0.020781,-0.022144,-0.040683,-0.034248,1,1
1283,33,0.000901,-0.017351,-0.073506,-0.022053,-0.038716,1,1
1311,33,0.033491,-0.096996,-0.069430,-0.079364,0.035802,1,1
1295,33,-0.060455,-0.052273,0.034282,-0.011383,0.098319,1,1
1304,33,-0.068876,-0.047735,-0.019049,-0.020195,0.057768,1,1
1289,33,-0.146807,-0.063691,-0.009671,0.043017,0.025535,1,1
1290,33,-0.044836,-0.069856,-0.101381,-0.032419,0.071803,1,1
1302,33,-0.048246,-0.097204,0.024393,-0.047870,-0.003204,1,1
1298,33,0.048522,-0.021132,0.016601,0.034532,-0.078284,1,1
1280,33,0.041525,-0.100328,0.006287,0.103672,-0.099772,1,1
1282,33,-0.032625,0.012322,-0.073210,-0.025127,0.064084,1,1
1284,33,-0.065934,0.018327,0.046501,0.044879,0.066921,1,1
1288,33,-0.065599,0.007781,-0.084900,-0.012541,0.019980,1,1
1309,33,0.004637,-0.075565,-0.054786,-0.043299,-0.041152,1,1
1300,33,-0.071297,-0.052488,-0.047796,-0.022938,0.014065,1,1
1296,33,-0.109152,0.055079,-0.014254,-0.054504,0.070923,1,0
1291,33,-0.050734,-0.046000,-0.032026,0.025205,0.078361,1,1
1317,33,-0.053525,-0.168522,-0.021078,0.056963,0.024904,0,1
1355,34,-0.393574,0.605999,0.118836,0.056904,0.119679,1,1
1347,34,-0.397096,0.518454,0.125338,0.051864,0.168461,1,1
1348,34,-0.387164,0.515204,0.107271,0.182489,0.103379,1,1
1328,34,-0.397433,0.501891,0.114632,0.153059,0.140876,1,1
1354,34,-0.392692,0.497149,0.128783,0.104945,0.218885,1,1
1342,34,-0.396604,0.539974,0.029113,0.170581,0.043649,1,1
1351,34,-0.357679,0.567819,0.122847,0.051644,0.109092,1,1
1335,34,-0.472071,0.566257,0.034129,0.104783,0.218608,1,1
1323,34,-0.380256,0.594754,0.131757,0.217439,0.153402,1,1
1338,34,-0.275200,0.576739,0.212739,0.008243,0.246598,1,1
1324,34,-0.341424,0.544555,0.210660,0.118567,0.198152,1,1
1343,34,-0.400744,0.473209,0.111700,0.096865,0.150798,1,1
1353,34,-0.434900,0.534251,0.168289,0.020494,0.156763,1,1
1349,34,-0.401738,0.485604,0.124235,0.090102,0.115888,1,1
1358,34,-0.411512,0.513408,0.130680,0.206662,0.159876,1,1
1340,34,-0.370817,0.503230,0.092737,0.107970,0.085117,1,1
1339,34,-0.438707,0.635145,-0.016527,0.116706,0.101135,1,1
1326,34,-0.426011,0.546996,0.074487,0.239710,0.205253,1,1
1341,34,-0.364565,0.610252,-0.000077,0.132577,0.091051,1,1
1345,34,-0.448049,0.580749,0.089109,0.095048,0.075720,1,1
1331,34,-0.410149,0.561078,0.178005,0.147339,0.226247,1,1
1332,34,-0.376163,0.441852,0.089963,0.127410,0.235073,1,1
1344,34,-0.358730,0.544353,0.083218,0.100756,0.136689,1,1
1325,34,-0.408190,0.674883,0.099987,0.189277,0.221730,1,1
1346,34,-0.341013,0.570438,0.063893,0.142349,0.166550,1,1
1329,34,-0.445786,0.551327,0.056068,0.125736,0.068899,1,1
1330,34,-0.457527,0.548624,0.105153,0.153982,0.124496,1,1
1359,34,-0.522669,0.528762,0.153085,0.091304,0.161513,1,1
1327,34,-0.496780,0.520992,0.113622,0.094105,0.139471,1,1
1334,34,-0.360087,0.578785,0.051334,0.054810,0.103439,1,1
1333,34,-0.422494,0.640389,0.139784,0.085632,0.151873,1,1
1356,34,-0.469300,0.547419,0.027930,0.193007,0.189820,1,1
1336,34,-0.391941,0.558163,0.133255,0.132765,0.129911,1,1
1322,34,-0.330844,0.607247,0.105295,0.055172,0.123558,1,1
1321,34,-0.446217,0.599387,0.157702,0.175629,0.174946,1,1
1352,34,-0.349831,0.568527,0.037325,0.028263,0.067373,1,1
1320,34,-0.456725,0.528851,0.127116,0.132846,0.210275,1,1
1350,34,-0.368715,0.582637,-0.014552,0.070059,0.125866,1,1
1337,34,-0.471461,0.659553,0.038363,0.036599,0.161060,1,1
1357,34,-0.453185,0.497166,0.113064,0.051615,0.049218,1,1
1366,35,-0.464300,0.671051,-0.025832,0.156553,0.116910,1,1
1362,35,-0.393095,0.673498,0.062809,0.041858,0.163724,1,1
1381,35,-0.364155,0.548441,0.072013,0.096798,0.120484,1,1
1372,35,-0.401454,0.584545,0.061016,0.187660,0.210748,1,1
1385,35,-0.380996,0.564329,0.112895,0.051066,0.162405,1,1
1363,35,-0.379574,0.615717,0.067685,0.110129,0.122313,1,1
1395,35,-0.403164,0.554505,0.107809,0.090992,0.172565,1,1
1380,35,-0.362493,0.456943,0.100842,0.036056,0.073014,1,1
1373,35,-0.412387,0.567235,0.117964,0.116389,0.167768,1,1
1379,35,-0.375053,0.578493,-0.014109,0.090168,0.142705,1,1
1396,35,-0.404687,0.524237,0.019138,0.056739,0.140466,1,1
1391,35,-0.319410,0.549820,0.039339,0.200115,0.099223,1,1
1374,35,-0.397970,0.629825,0.029007,0.147117,0.212138,1,1
1367,35,-0.409282,0.620897,0.123232,0.083223,0.204442,1,1
1389,35,-0.413757,0.597304,0.024197,0.078294,0.126486,1,1
1360,35,-0.280454,0.575233,0.143997,0.171115,0.267696,1,1
1371,35,-0.367311,0.646005,0.031216,0.142439,0.117257,1,1
1361,35,-0.349952,0.639735,0.164089,0.222617,0.143670,1,1
1398,35,-0.452418,0.544322,0.129107,0.073370,0.131938,1,1
1365,35,-0.389253,0.518212,0.084327,0.133053,0.118676,1,1
1387,35,-0.384748,0.544211,-0.002273,0.128253,0.040622,1,1
1390,35,-0.427178,0.558272,0.116175,0.098781,0.068724,1,1
1397,35,-0.314793,0.579020,-0.005008,0.123699,0.179415,1,1
1386,35,-0.283423,0.539980,0.118017,0.101284,0.039456,1,1
1368,35,-0.286582,0.646636,0.021008,0.141411,0.208484,1,1
1377,35,-0.350949,0.597245,0.120228,0.071995,0.209919,1,1
1392,35,-0.454898,0.509542,0.062361,0.054064,0.212169,1,1
1384,35,-0.433091,0.488797,0.091781,0.135825,0.021742,1,1
1394,35,-0.353041,0.583823,0.125767,0.086641,0.156810,1,1
1369,35,-0.370673,0.551337,0.132464,0.178012,0.140708,1,1
1388,35,-0.360543,0.458491,0.128418,0.120252,0.096132,1,1
1370,35,-0.245467,0.569373,0.066108,0.137946,0.115807,1,0
1378,35,-0.356156,0.623250,0.017603,0.045216,0.104528,1,1
1376,35,-0.393299,0.579840,0.090084,0.147743,0.181186,1,1
1364,35,-0.296145,0.587129,0.091632,0.017260,0.016375,1,1
1393,35,-0.417724,0.561071,0.175438,0.016884,0.082846,1,1
1383,35,-0.479056,0.525849,0.173340,0.137642,0.090205,1,1
1382,35,-0.512759,0.594712,0.105959,0.109922,0.172216,1,1
1399,35,-0.405440,0.532251,0.062187,0.161356,0.187311,1,1
1375,35,-0.254258,0.583440,0.124329,0.133297,0.088616,1,1
1412,36,-0.320497,0.598867,0.061867,0.310584,0.225623,1,1
1425,36,-0.341024,0.608332,0.117206,0.183637,0.103333,1,1
1414,36,-0.357520,0.659934,0.095321,0.061471,0.229351,1,1
1402,36,-0.272914,0.696857,0.146008,0.045257,0.193620,1,0
1405,36,-0.374583,0.606491,0.098417,0.140836,0.174637,1,1
1418,36,-0.349167,0.528925,0.234915,0.140945,0.186844,1,1
1433,36,-0.304523,0.599230,0.059184,0.151033,0.187797,1,1
1429,36,-0.471354,0.542206,0.081688,0.088001,0.065580,1,1
1413,36,-0.401544,0.600491,0.167762,0.178755,0.207017,1,1
1427,36,-0.399935,0.564854,0.101781,0.113549,0.124449,1,1
1431,36,-0.441547,0.648819,0.047073,0.142421,0.167221,1,1
1426,36,-0.431374,0.650540,0.056425,0.095238,0.123946,1,1
1424,36,-0.356142,0.518807,0.066421,0.087263,0.133574,1,1
1407,36,-0.375181,0.578838,0.225166,0.189126,0.259084,1,1
1437,36,-0.403218,0.478908,0.020141,0.141743,0.241367,1,1
1435,36,-0.432648,0.504831,0.070873,0.013958,0.164281,1,1
1422,36,-0.459078,0.531157,0.038953,0.097935,0.118261,1,1
1406,36,-0.313023,0.549637,0.054217,0.183379,0.234911,1,1
1417,36,-0.429786,0.645568,0.052029,0.113662,0.123857,1,1
1400,36,-0.325101,0.584120,0.123602,0.264196,0.211682,1,1
1430,36,-0.391605,0.533970,0.133748,0.050697,0.177558,1,1
1409,36,-0.300976,0.674273,0.147631,0.105872,0.190028,1,1
1421,36,-0.375209,0.558692,0.060175,0.070694,0.197877,1,1
1432,36,-0.476516,0.611169,0.092714,0.088658,0.032291,1,1
1419,36,-0.296823,0.610413,0.120963,0.169673,0.138155,1,1
1401,36,-0.348977,0.606075,0.116389,0.189534,0.168438,1,1
1404,36,-0.314909,0.670381,0.053666,0.210461,0.159824,1,1
1436,36,-0.345247,0.543200,0.014455,0.173775,0.129799,1,1
1420,36,-0.365614,0.579169,0.118850,0.136605,0.053001,1,1
1438,36,-0.369552,0.523283,0.055966,0.077137,0.170741,1,1
1423,36,-0.379125,0.618184,0.114813,0.148615,0.126632,1,1
1415,36,-0.381214,0.674473,0.111313,0.167493,0.223308,1,1
1434,36,-0.353058,0.602871,0.057256,0.137935,0.212801,1,1
1411,36,-0.375170,0.590800,-0.015445,0.089737,0.236336,1,1
1403,36,-0.352741,0.587552,0.075822,0.198665,0.075017,1,1
1408,36,-0.347858,0.711889,0.196529,0.211133,0.202967,1,0
1416,36,-0.362615,0.560468,0.104847,0.167147,0.172266,1,1
1439,36,-0.342230,0.562490,0.055191,0.126293,0.146620,1,1
1428,36,-0.486063,0.598336,0.102749,0.110263,0.138810,1,1
1410,36,-0.235373,0.568987,0.148826,0.180689,0.215564,1,1
1466,37,-0.420158,0.546953,0.120043,0.140852,0.182781,1,1
1464,37,-0.333983,0.506850,0.048275,0.104213,0.074263,1,1
1442,37,-0.250017,0.661161,0.075831,0.177538,0.216085,1,0
1476,37,-0.415691,0.539969,0.119733,0.115593,0.079511,1,1
1458,37,-0.256878,0.580170,0.107040,0.256459,0.230382,1,1
1460,37,-0.309008,0.453569,0.091012,0.063839,0.068756,0,1
1472,37,-0.345457,0.524701,0.131486,0.151050,0.115962,1,1
1479,37,-0.451851,0.518236,0.162895,0.191989,0.174489,0,1
1441,37,-0.337173,0.623047,0.123012,0.148699,0.251115,1,1
1449,37,-0.326514,0.632124,0.251064,0.283698,0.172730,1,1
1465,37,-0.270725,0.488602,0.197348,0.136835,0.208230,1,1
1452,37,-0.246564,0.555382,0.106785,0.173098,0.141724,1,1
1456,37,-0.210697,0.566077,0.189773,0.241742,0.179678,1,0
1451,37,-0.379292,0.569157,0.207701,0.169664,0.182111,1,1
1446,37,-0.316610,0.621490,0.099905,0.193753,0.166209,1,1
1453,37,-0.269673,0.627143,0.132831,0.196435,0.116579,1,1
1454,37,-0.379389,0.624747,0.178967,0.127107,0.243241,1,1
1471,37,-0.329075,0.557232,0.073607,0.188437,0.173371,1,1
1444,37,-0.274316,0.604425,0.104045,0.198588,0.174929,1,1
1450,37,-0.332298,0.641210,0.129798,0.157372,0.134960,1,1
1447,37,-0.372639,0.606874,0.114975,0.147022,0.230399,1,1
1478,37,-0.393920,0.591300,0.121041,0.008733,0.141170,1,1
1448,37,-0.316946,0.603758,0.168509,0.208456,0.176023,1,1
1443,37,-0.297750,0.595431,0.068678,0.264459,0.267584,1,1
1455,37,-0.186178,0.607908,0.133054,0.222506,0.215585,1,0
1469,37,-0.344639,0.534124,0.104819,0.066722,0.126275,1,1
1474,37,-0.395475,0.577601,0.080002,0.183173,0.136629,1,1
1461,37,-0.399011,0.541717,0.020738,0.077896,0.165992,1,1
1462,37,-0.303678,0.496743,0.056296,0.120734,0.057556,1,1
1467,37,-0.354724,0.650219,0.026889,0.065270,0.183941,1,1
1468,37,-0.440233,0.532020,0.084225,0.063180,0.151462,0,1
1459,37,-0.367473,0.659089,0.066559,0.253627,0.281380,1,1
1475,37,-0.317625,0.579399,0.057970,0.122089,0.186549,1,1
1463,37,-0.431802,0.685992,0.100556,0.048629,0.120703,1,1
1473,37,-0.352620,0.521757,0.052336,0.014660,0.074273,1,1
1440,37,-0.256762,0.656587,0.116247,0.155076,0.185344,1,1
1445,37,-0.380816,0.599300,0.106080,0.155330,0.169176,1,1
1477,37,-0.394603,0.481807,0.186452,0.194095,0.103000,0,1
1457,37,-0.307589,0.608794,0.164668,0.228634,0.229647,1,1
1470,37,-0.335294,0.550143,0.120255,0.151929,0.168869,1,1
1496,38,-0.294696,0.565637,0.173514,0.225411,0.162291,1,1
1495,38,-0.238873,0.620089,0.159218,0.207701,0.214110,1,1
1517,38,-0.303420,0.637027,0.045778,0.118038,0.210965,1,1
1508,38,-0.343169,0.575746,0.192948,0.116886,0.058892,1,1
1515,38,-0.324364,0.558674,0.136936,0.212812,0.147015,1,1
1513,38,-0.333691,0.528929,0.099903,0.147942,0.142270,1,1
1518,38,-0.386154,0.604478,0.205133,0.116317,0.117400,1,1
1499,38,-0.261481,0.543183,0.133088,0.170420,0.214509,1,1
1481,38,-0.286188,0.619490,0.202993,0.247667,0.304539,1,1
1486,38,-0.237805,0.653004,0.233551,0.105143,0.170530,1,1
1483,38,-0.200700,0.621147,0.075237,0.167925,0.105728,1,0
1503,38,-0.313141,0.453074,0.101767,0.043106,0.117454,0,1
1507,38,-0.334419,0.480731,0.065206,0.084342,0.085971,1,1
1482,38,-0.332147,0.594701,0.193052,0.196156,0.181515,1,1
1500,38,-0.394715,0.592967,0.025251,0.146384,0.163953,1,1
1480,38,-0.234040,0.530213,0.252364,0.194391,0.256473,1,1
1516,38,-0.414013,0.541787,0.079724,0.079423,0.178708,0,1
1502,38,-0.355129,0.471360,0.142415,0.151448,0.144187,0,1
1494,38,-0.343919,0.676630,0.148607,0.194433,0.186799,1,1
1519,38,-0.357648,0.555911,0.125744,0.113453,0.148482,1,1
1488,38,-0.311583,0.591584,0.153072,0.205631,0.127915,1,1
1506,38,-0.239950,0.562789,0.143259,0.221323,0.135084,1,1
1498,38,-0.255208,0.631094,0.149860,0.247862,0.285223,1,1
1511,38,-0.341849,0.558403,0.125076,0.132094,0.128327,1,1
1484,38,-0.242820,0.474061,0.179996,0.215425,0.197454,1,1
1497,38,-0.287543,0.553356,0.157520,0.146536,0.256961,1,1
1512,38,-0.374748,0.674346,0.176197,0.115620,0.205212,1,1
1504,38,-0.362683,0.514243,0.079082,0.177184,0.130419,1,1
1493,38,-0.364255,0.600034,0.135518,0.158302,0.182723,1,1
1487,38,-0.254812,0.602490,0.172549,0.282407,0.196180,1,1
1490,38,-0.161255,0.720501,0.158979,0.156142,0.086575,1,0
1501,38,-0.314786,0.590541,0.153863,0.219070,0.114284,1,1
1491,38,-0.281884,0.670935,0.145761,0.174685,0.186373,1,1
1485,38,-0.295884,0.588930,0.152609,0.158731,0.179479,1,1
1492,38,-0.238426,0.587720,0.113272,0.273391,0.281470,1,1
1510,38,-0.388295,0.661278,0.186955,0.036018,0.212969,1,1
1514,38,-0.361169,0.631338,0.087854,0.066852,0.171012,1,1
1489,38,-0.354202,0.487876,0.211011,0.241397,0.261392,1,1
1505,38,-0.344415,0.526652,0.115198,0.101458,0.058077,1,1
1509,38,-0.244043,0.575864,0.106893,0.054160,0.169174,1,1
1540,39,-0.330832,0.556652,0.194172,0.157531,0.131883,1,1
1533,39,-0.273222,0.584260,0.192015,0.227109,0.223637,1,1
1530,39,-0.236191,0.621463,0.221490,0.232451,0.254280,1,1
1541,39,-0.370637,0.564576,0.116135,0.078337,0.203345,1,1
1538,39,-0.241041,0.557560,0.034511,0.176261,0.251969,1,1
1554,39,-0.328010,0.498475,0.043859,0.128302,0.218237,1,1
1535,39,-0.218976,0.676565,0.117043,0.140547,0.281915,1,0
1542,39,-0.294669,0.574332,0.119353,0.265549,0.167808,1,1
1556,39,-0.329234,0.622660,0.189010,0.171888,0.109471,1,1
1555,39,-0.345899,0.497198,0.128317,0.133392,0.225245,1,1
1524,39,-0.325455,0.558302,0.134960,0.237328,0.254376,1,1
1545,39,-0.330004,0.576738,0.149410,0.212084,0.230907,1,1
1525,39,-0.337350,0.551669,0.151323,0.203950,0.264540,1,1
1550,39,-0.346469,0.640622,0.119246,0.137019,0.224676,1,1
1551,39,-0.285093,0.561671,0.150712,0.120088,0.125368,1,1
1544,39,-0.243379,0.581287,0.063641,0.108966,0.064590,1,1
1520,39,-0.264536,0.514079,0.168027,0.151693,0.209016,1,1
1521,39,-0.333228,0.583334,0.180977,0.072298,0.299786,1,1
1552,39,-0.363894,0.584849,0.114913,0.197346,0.102994,1,1
1539,39,-0.308930,0.589549,0.272211,0.045840,0.116189,1,1
1531,39,-0.250563,0.769749,0.120575,0.169184,0.252767,1,0
1557,39,-0.338267,0.578935,0.052295,0.083954,0.244895,1,1
1526,39,-0.184459,0.684371,0.234979,0.127293,0.210260,1,0
1553,39,-0.355884,0.519332,0.118384,0.182116,0.106662,1,1
1528,39,-0.342282,0.607758,0.125017,0.198408,0.261816,1,1
1527,39,-0.277525,0.625144,0.115656,0.133014,0.190202,1,1
1532,39,-0.208066,0.653294,0.245796,0.199152,0.214978,1,1
1548,39,-0.312302,0.583137,0.069590,0.099491,0.211717,1,1
1534,39,-0.246876,0.592162,0.235464,0.142249,0.307954,1,1
1529,39,-0.258418,0.681438,0.154856,0.221259,0.178406,1,1
1543,39,-0.246405,0.592429,0.114954,0.101596,0.158568,1,1
1559,39,-0.350708,0.480677,0.243825,0.197053,0.148988,0,1
1522,39,-0.223884,0.722655,0.278316,0.164627,0.202335,1,0
1537,39,-0.189360,0.627240,0.221547,0.217037,0.245272,1,1
1546,39,-0.334195,0.618914,0.107520,0.072364,0.286866,1,1
1549,39,-0.300263,0.534835,0.112881,0.196458,0.176807,1,1
1536,39,-0.294776,0.674870,0.211475,0.151699,0.099195,1,1
1547,39,-0.266910,0.561432,0.097055,0.168517,0.076625,1,1
1558,39,-0.230213,0.512241,0.151816,0.181670,0.112653,1,1
1523,39,-0.255610,0.599922,0.193301,0.161842,0.187386,1,1
1562,40,-0.277051,0.564506,0.208434,0.080666,0.273310,1,1
1587,40,-0.305050,0.532483,0.161694,0.118760,0.194954,1,1
1567,40,-0.223679,0.556356,0.246926,0.213211,0.235330,1,1
1569,40,-0.229932,0.589336,0.175858,0.227300,0.184784,1,1
1596,40,-0.239917,0.479993,0.081245,0.178201,0.197014,1,1
1584,40,-0.296999,0.543703,0.155869,0.130030,0.219699,1,1
1564,40,-0.258476,0.625103,0.239779,0.201335,0.140824,1,1
1581,40,-0.291332,0.551992,0.163455,0.202535,0.119226,1,1
1575,40,-0.303217,0.693659,0.235628,0.277393,0.265072,1,1
1598,40,-0.327463,0.617152,0.063755,0.131339,0.157681,1,1
1576,40,-0.325779,0.588447,0.151056,0.193417,0.215980,1,1
1565,40,-0.271271,0.607284,0.194840,0.187330,0.147997,1,1
1595,40,-0.268513,0.629700,0.134981,0.155113,0.131710,1,1
1582,40,-0.318038,0.482861,0.121896,0.169577,0.191115,0,1
1597,40,-0.291794,0.523603,0.135305,0.229289,0.211565,1,1
1568,40,-0.249988,0.662074,0.219110,0.200592,0.242742,1,1
1577,40,-0.196236,0.639646,0.170355,0.224735,0.311161,1,1
1590,40,-0.278124,0.520767,0.027433,0.238180,0.243975,1,1
1571,40,-0.235644,0.676345,0.137257,0.206222,0.233100,1,1
1580,40,-0.287047,0.503372,0.072951,0.230000,0.184070,1,1
1578,40,-0.283769,0.568902,0.187956,0.149347,0.265324,1,1
1566,40,-0.341435,0.568572,0.234188,0.169674,0.219094,1,1
1599,40,-0.181839,0.585886,0.195300,0.111206,0.211034,1,1
1588,40,-0.380127,0.553856,0.155626,0.172967,0.173981,1,1
1579,40,-0.251141,0.618504,0.151924,0.196385,0.230903,1,1
1594,40,-0.269629,0.513339,0.121973,0.122930,0.230762,1,1
1570,40,-0.216475,0.725139,0.118286,0.207201,0.194917,1,0
1589,40,-0.245805,0.527963,0.143063,0.204497,0.163776,1,1
1583,40,-0.302390,0.549121,0.142586,0.172015,0.268967,1,1
1573,40,-0.286416,0.655290,0.194560,0.205332,0.213826,1,1
1586,40,-0.347655,0.630513,0.163983,0.199782,0.157112,1,1
1574,40,-0.234736,0.709952,0.247809,0.178317,0.137731,1,0
1561,40,-0.291040,0.631872,0.194304,0.252704,0.155586,1,1
1592,40,-0.261471,0.522115,0.175569,0.193242,0.205821,1,1
1585,40,-0.303169,0.519340,0.057441,0.087906,0.169549,1,1
1572,40,-0.256236,0.594645,0.165978,0.236874,0.183627,1,1
1591,40,-0.276547,0.577358,0.172171,0.143730,0.168289,1,1
1593,40,-0.260589,0.651801,0.048367,0.145650,0.160719,1,1
1563,40,-0.251199,0.672538,0.171939,0.184776,0.236009,1,1
1560,40,-0.219900,0.688431,0.144620,0.157595,0.139495,1,1
1629,41,-0.308168,0.555154,0.165669,0.142055,0.231314,1,1
1639,41,-0.227916,0.470067,0.123050,0.248453,0.328690,1,1
1604,41,-0.232301,0.606384,0.207655,0.200801,0.261905,1,1
1606,41,-0.219985,0.603294,0.140838,0.210531,0.238089,1,1
1634,41,-0.282581,0.475536,0.141023,0.161756,0.236420,0,1
1609,41,-0.230228,0.561451,0.254966,0.188012,0.290494,1,1
1630,41,-0.284862,0.550292,0.131236,0.190296,0.193024,1,1
1610,41,-0.171373,0.597387,0.126745,0.308602,0.141781,1,1
1633,41,-0.199099,0.614444,0.154433,0.167130,0.197263,1,1
1625,41,-0.278525,0.536785,0.181674,0.124016,0.171749,1,1
1603,41,-0.169355,0.614022,0.253880,0.259921,0.220003,1,1
1637,41,-0.285444,0.607821,0.035042,0.197585,0.211610,1,1
1638,41,-0.213793,0.572618,0.122526,0.159525,0.175925,1,1
1621,41,-0.254149,0.525740,0.165032,0.153399,0.130136,1,1
1600,41,-0.208488,0.598141,0.214885,0.250655,0.166539,1,1
1601,41,-0.245834,0.560860,0.200570,0.211953,0.228712,1,1
1636,41,-0.232470,0.519778,0.151931,0.210316,0.208233,1,1
1613,41,-0.151051,0.660106,0.233013,0.204646,0.194556,1,1
1616,41,-0.285757,0.580464,0.234228,0.236431,0.255251,1,1
1628,41,-0.232477,0.560247,0.222597,0.199567,0.311116,1,1
1612,41,-0.195018,0.646808,0.130310,0.303687,0.264257,1,1
1627,41,-0.277790,0.486450,0.185070,0.238551,0.117364,1,1
1607,41,-0.183218,0.625331,0.216530,0.223414,0.161123,1,1
1614,41,-0.243779,0.643403,0.193895,0.214654,0.197447,1,1
1622,41,-0.254097,0.582262,0.155237,0.206024,0.183596,1,1
1626,41,-0.190059,0.535135,0.197922,0.180717,0.312469,1,1
1617,41,-0.151729,0.648931,0.170203,0.149267,0.171642,1,1
1615,41,-0.200855,0.657412,0.201681,0.156672,0.217595,1,1
1619,41,-0.251456,0.711759,0.236529,0.135271,0.260751,1,0
1605,41,-0.254050,0.582175,0.207611,0.223587,0.315486,1,1
1632,41,-0.331475,0.654151,0.070548,0.223783,0.222443,1,1
1618,41,-0.177937,0.595294,0.155598,0.206982,0.208090,1,1
1624,41,-0.264940,0.552656,0.111696,0.172771,0.254093,1,1
1608,41,-0.272450,0.639228,0.208593,0.281853,0.254507,1,1
1620,41,-0.285124,0.560206,0.187078,0.228159,0.230710,1,1
1635,41,-0.224792,0.572234,0.090727,0.186060,0.174185,1,1
1602,41,-0.145170,0.625053,0.215654,0.253291,0.229945,1,1
1623,41,-0.290794,0.450455,0.114744,0.201679,0.281636,0,1
1611,41,-0.244571,0.640605,0.212602,0.219810,0.218040,1,1
1631,41,-0.244231,0.542579,0.150168,0.138707,0.256100,1,1
1666,42,-0.257347,0.655042,0.118806,0.185450,0.186483,1,1
1670,42,-0.191763,0.498389,0.162869,0.173245,0.173873,1,1
1641,42,-0.156685,0.651195,0.176457,0.211523,0.178337,1,1
1648,42,-0.165974,0.663932,0.231079,0.218285,0.261437,1,1
1650,42,-0.286130,0.570049,0.172026,0.252364,0.332119,1,1
1675,42,-0.168297,0.647828,0.149358,0.185178,0.179231,1,1
1658,42,-0.182666,0.649493,0.192547,0.266614,0.258362,1,1
1665,42,-0.315882,0.526243,0.133190,0.144182,0.158208,1,1
1657,42,-0.247277,0.602834,0.260159,0.236428,0.103835,1,1
1643,42,-0.196774,0.555463,0.254743,0.192029,0.354880,1,1
1653,42,-0.233363,0.623433,0.202937,0.185958,0.204821,1,1
1659,42,-0.223811,0.607270,0.224270,0.301541,0.296927,1,1
1679,42,-0.242722,0.607448,0.170413,0.235368,0.197452,1,1
1651,42,-0.253698,0.617968,0.240538,0.285914,0.342510,1,1
1669,42,-0.235131,0.568744,0.166856,0.153750,0.117739,1,1
1644,42,-0.163534,0.604980,0.187964,0.223132,0.245627,1,1
1677,42,-0.224881,0.609168,0.216227,0.228771,0.169386,1,1
1660,42,-0.221082,0.482705,0.148089,0.177603,0.124873,1,1
1656,42,-0.250403,0.660284,0.200569,0.211952,0.347352,1,1
1674,42,-0.183324,0.489272,0.212094,0.199956,0.222249,1,1
1678,42,-0.297289,0.605150,0.114868,0.170649,0.177366,1,1
1642,42,-0.243048,0.553913,0.174174,0.219790,0.229711,1,1
1661,42,-0.182523,0.626700,0.112455,0.216357,0.202938,1,1
1646,42,-0.225044,0.732702,0.157955,0.234433,0.271438,1,0
1640,42,-0.264876,0.652776,0.261696,0.200243,0.265635,1,1
1671,42,-0.196729,0.552179,0.151835,0.168391,0.192146,1,1
1652,42,-0.240056,0.635748,0.231098,0.183019,0.258978,1,1
1655,42,-0.202000,0.675076,0.208245,0.224490,0.219479,1,1
1654,42,-0.228297,0.565470,0.243118,0.203511,0.263730,1,1
1645,42,-0.174073,0.584426,0.267815,0.286251,0.229879,1,1
1647,42,-0.221918,0.681053,0.082361,0.258052,0.305708,1,1
1649,42,-0.256837,0.656882,0.181147,0.272119,0.394139,1,1
1667,42,-0.227229,0.598718,0.190701,0.202309,0.237108,1,1
1662,42,-0.237539,0.462823,0.244927,0.118072,0.268619,0,1
1673,42,-0.230903,0.602241,0.186032,0.232626,0.272751,1,1
1664,42,-0.176459,0.579975,0.141643,0.146070,0.226604,1,1
1676,42,-0.199619,0.600175,0.144614,0.190053,0.230560,1,1
1663,42,-0.185016,0.518918,0.153246,0.221107,0.198731,1,1
1668,42,-0.328895,0.454833,0.168929,0.279682,0.269689,0,1
1672,42,-0.197990,0.576817,0.110141,0.190073,0.156768,1,1
1695,43,-0.129537,0.576017,0.157626,0.287319,0.298260,1,1
1699,43,-0.234299,0.556477,0.200839,0.264025,0.286596,1,1
1690,43,-0.211385,0.606440,0.267615,0.320502,0.195304,1,1
1701,43,-0.165511,0.559886,0.200253,0.080713,0.314346,1,1
1713,43,-0.272914,0.558701,0.239840,0.191309,0.168780,1,1
1697,43,-0.116261,0.598307,0.153355,0.169092,0.297318,1,1
1689,43,-0.204269,0.673678,0.248106,0.173127,0.249683,1,1
1680,43,-0.150960,0.666855,0.246049,0.201034,0.337711,1,1
1711,43,-0.237907,0.458550,0.178337,0.121161,0.184067,0,1
1719,43,-0.217151,0.453482,0.125682,0.128768,0.176205,0,1
1681,43,-0.187869,0.626296,0.193905,0.143676,0.300023,1,1
1708,43,-0.121879,0.569808,0.068399,0.140098,0.150261,1,1
1682,43,-0.237630,0.564763,0.149890,0.235675,0.224220,1,1
1688,43,-0.157899,0.583292,0.204829,0.208559,0.296479,1,1
1710,43,-0.134551,0.518244,0.165964,0.184036,0.221126,1,1
1715,43,-0.149502,0.613009,0.151468,0.198528,0.253152,1,1
1683,43,-0.172686,0.630573,0.203693,0.286047,0.307968,1,1
1707,43,-0.165227,0.582922,0.123632,0.137233,0.293514,1,1
1718,43,-0.145517,0.461873,0.176459,0.211431,0.256499,0,1
1703,43,-0.187152,0.572515,0.150736,0.154991,0.228147,1,1
1686,43,-0.321558,0.595187,0.188518,0.201943,0.242090,1,1
1687,43,-0.180137,0.627207,0.155424,0.274475,0.229384,1,1
1709,43,-0.139254,0.530133,0.099283,0.157360,0.236265,1,1
1684,43,-0.275052,0.580148,0.195328,0.303553,0.205292,1,1
1693,43,-0.191410,0.606092,0.163154,0.248175,0.195915,1,1
1698,43,-0.188042,0.626057,0.219127,0.223172,0.221814,1,1
1704,43,-0.202862,0.602642,0.149779,0.133446,0.284967,1,1
1685,43,-0.304824,0.693035,0.137790,0.181590,0.224127,1,0
1694,43,-0.154239,0.617480,0.250645,0.226451,0.234588,1,1
1696,43,-0.219049,0.588499,0.162062,0.201081,0.267225,1,1
1714,43,-0.194368,0.593731,0.227817,0.201070,0.217340,1,1
1691,43,-0.225966,0.588973,0.244163,0.229550,0.233536,1,1
1706,43,-0.243791,0.641075,0.185316,0.184472,0.178253,1,1
1705,43,-0.212624,0.532518,0.252638,0.262617,0.195905,1,1
1716,43,-0.194045,0.510845,0.078904,0.141188,0.223893,1,1
1700,43,-0.214731,0.535712,0.167307,0.174711,0.247654,1,1
1717,43,-0.234869,0.525954,0.128346,0.257052,0.226358,1,1
1692,43,-0.114522,0.621191,0.181376,0.196204,0.278071,1,1
1712,43,-0.240123,0.598873,0.157982,0.125904,0.174244,1,1
1702,43,-0.262843,0.545998,0.157400,0.243555,0.250119,1,1
1737,44,-0.093181,0.650374,0.143337,0.312859,0.294301,1,1
1758,44,-0.145275,0.574173,0.185428,0.187275,0.275365,1,1
1754,44,-0.131365,0.527222,0.166836,0.228320,0.175508,1,1
1753,44,-0.174060,0.596758,0.175456,0.281458,0.251511,1,1
1732,44,-0.198313,0.525643,0.179485,0.162438,0.282215,1,1
1725,44,-0.103666,0.685669,0.171389,0.289637,0.298992,1,1
1735,44,-0.209722,0.684530,0.158870,0.228951,0.274471,1,1
1727,44,-0.200782,0.651726,0.187442,0.227071,0.175300,1,1
1740,44,-0.168050,0.570552,0.158384,0.239846,0.182601,1,1
1751,44,-0.211965,0.490787,0.220678,0.239495,0.186741,1,1
1729,44,-0.191974,0.614868,0.234552,0.221377,0.287795,1,1
1738,44,-0.175543,0.636868,0.237597,0.275348,0.253727,1,1
1723,44,-0.212504,0.503995,0.306321,0.184757,0.250014,1,1
1736,44,-0.147662,0.580712,0.233389,0.200200,0.189210,1,1
1759,44,-0.165470,0.515518,0.156159,0.204155,0.302424,1,1
1733,44,-0.184736,0.701659,0.218175,0.342611,0.259657,1,0
1755,44,-0.110976,0.478611,0.159958,0.205977,0.373351,0,1
1739,44,-0.151435,0.594969,0.223326,0.316372,0.300187,1,1
1748,44,-0.120151,0.530358,0.258300,0.225188,0.303421,1,1
1720,44,-0.200465,0.640649,0.182685,0.293928,0.230219,1,1
1726,44,-0.303370,0.603439,0.182764,0.273991,0.208022,1,1
1722,44,-0.246490,0.549514,0.220188,0.320458,0.275919,1,1
1745,44,-0.098943,0.597132,0.210847,0.200808,0.153396,1,1
1744,44,-0.241886,0.518743,0.116095,0.241759,0.300090,1,1
1750,44,-0.163068,0.561775,0.186182,0.181739,0.244840,1,1
1747,44,-0.162565,0.530914,0.228484,0.156708,0.247304,1,1
1752,44,-0.046751,0.617084,0.167112,0.297671,0.203733,1,1
1731,44,-0.226740,0.625062,0.232352,0.232311,0.234934,1,1
1728,44,-0.161628,0.676147,0.258580,0.234712,0.201909,1,1
1724,44,-0.154533,0.563028,0.307851,0.298501,0.250725,1,1
1743,44,-0.214853,0.553872,0.111635,0.294354,0.242264,1,1
1757,44,-0.221420,0.467367,0.201724,0.210072,0.216688,0,1
1746,44,-0.237006,0.657756,0.137019,0.256177,0.259491,1,1
1741,44,-0.159477,0.610226,0.199939,0.207458,0.229152,1,1
1742,44,-0.118878,0.571870,0.118475,0.193918,0.312480,1,1
1734,44,-0.318050,0.705698,0.138561,0.247962,0.156885,1,0
1756,44,-0.105359,0.544479,0.258502,0.182722,0.241000,1,1
1730,44,-0.198288,0.671377,0.264151,0.144364,0.250636,1,1
1749,44,-0.167637,0.501508,0.116870,0.171782,0.318083,1,1
1721,44,-0.218016,0.603914,0.207119,0.237359,0.293825,1,1
1784,45,0.007791,0.474176,0.292363,0.198359,0.281887,0,1
1781,45,-0.136598,0.565456,0.159230,0.160298,0.254297,1,1
1791,45,-0.104909,0.573010,0.233190,0.180985,0.276235,1,1
1768,45,-0.184118,0.492566,0.249256,0.205383,0.193058,1,1
1767,45,-0.150212,0.628618,0.197438,0.279170,0.297314,1,1
1785,45,-0.150549,0.483969,0.242939,0.275756,0.273952,1,1
1775,45,-0.229538,0.601591,0.205028,0.200764,0.248376,1,1
1790,45,-0.091172,0.578699,0.212221,0.235824,0.217074,1,1
1769,45,-0.154951,0.549959,0.218760,0.200468,0.283943,1,1
1798,45,-0.069001,0.582501,0.197158,0.220675,0.321836,1,1
1765,45,-0.194361,0.679403,0.234158,0.273897,0.329354,1,1
1762,45,-0.139825,0.623063,0.259706,0.250873,0.340076,1,1
1792,45,-0.131334,0.558669,0.185284,0.279586,0.180951,1,1
1778,45,-0.211525,0.490723,0.274147,0.240728,0.176679,1,1
1774,45,-0.102625,0.561161,0.255205,0.236347,0.282792,1,1
1782,45,-0.078531,0.553382,0.178658,0.188769,0.262457,1,1
1788,45,-0.082225,0.593945,0.196521,0.238187,0.281019,1,1
1770,45,-0.170406,0.588300,0.213258,0.322495,0.278095,1,1
1766,45,-0.145074,0.601756,0.347519,0.257130,0.296758,1,1
1773,45,-0.133860,0.562576,0.193993,0.374060,0.269617,1,1
1799,45,-0.097762,0.617896,0.281245,0.188193,0.315730,1,1
1771,45,-0.268200,0.605033,0.306547,0.205872,0.293961,1,0
1761,45,-0.172875,0.626922,0.224473,0.223899,0.326537,1,1
1783,45,-0.028225,0.555644,0.230038,0.212026,0.253670,1,1
1760,45,-0.146263,0.561828,0.194083,0.317644,0.316682,1,1
1796,45,-0.087583,0.561167,0.176235,0.135921,0.260575,1,1
1794,45,-0.076543,0.503389,0.210170,0.187695,0.251984,1,1
1797,45,-0.131813,0.614498,0.296568,0.305359,0.254381,1,1
1777,45,-0.121551,0.604351,0.279120,0.273612,0.308094,1,1
1793,45,-0.140497,0.579608,0.152850,0.293542,0.247215,1,1
1786,45,-0.149055,0.503242,0.208238,0.237442,0.274037,1,1
1795,45,-0.137471,0.611049,0.237638,0.151602,0.221350,1,1
1764,45,-0.180009,0.629917,0.164156,0.210632,0.265709,1,1
1780,45,-0.104285,0.535498,0.216728,0.267413,0.262194,1,1
1779,45,-0.162709,0.538123,0.325566,0.338005,0.197255,1,1
1776,45,-0.134072,0.557615,0.180917,0.245220,0.315397,1,1
1763,45,-0.166858,0.590813,0.239591,0.308537,0.244487,1,1
1787,45,-0.124147,0.573548,0.149995,0.204030,0.161698,1,1
1789,45,-0.092485,0.448573,0.224355,0.209287,0.170985,0,1
1772,45,-0.192434,0.593618,0.230061,0.249167,0.178548,1,1
1818,46,-0.100721,0.616428,0.315494,0.285127,0.341913,1,1
1838,46,-0.081486,0.506974,0.252164,0.292293,0.229654,1,1
1823,46,-0.023242,0.550587,0.326908,0.298834,0.244493,1,1
1830,46,-0.149586,0.572627,0.214540,0.337326,0.191539,1,1
1817,46,-0.158662,0.647738,0.242087,0.210157,0.253619,1,1
1831,46,-0.078947,0.623007,0.280813,0.209881,0.246124,1,1
1807,46,-0.055023,0.589997,0.243434,0.258625,0.245974,1,1
1836,46,-0.148023,0.504857,0.253678,0.234611,0.391958,1,1
1804,46,-0.097333,0.698191,0.297709,0.279861,0.437843,1,1
1826,46,-0.048442,0.497158,0.204887,0.263113,0.278667,1,1
1834,46,-0.127408,0.561830,0.212929,0.199086,0.345320,1,1
1805,46,-0.162786,0.628422,0.217870,0.328105,0.232373,1,1
1803,46,-0.139924,0.640829,0.271956,0.249896,0.401064,1,1
1815,46,0.004973,0.621695,0.242970,0.278647,0.334952,1,1
1825,46,-0.059898,0.696067,0.233712,0.271813,0.299246,1,1
1832,46,-0.099074,0.616289,0.167202,0.306104,0.357839,1,1
1814,46,-0.161930,0.567888,0.240254,0.244973,0.297210,1,1
1820,46,-0.030190,0.545425,0.252807,0.237557,0.318908,1,1
1801,46,-0.013351,0.570213,0.288347,0.367815,0.268114,1,1
1822,46,0.006817,0.601349,0.325300,0.240336,0.313248,1,1
1811,46,-0.069671,0.620306,0.259810,0.319704,0.294664,1,1
1835,46,-0.029444,0.535938,0.156486,0.229088,0.138086,1,1
1829,46,-0.113207,0.588226,0.225442,0.209987,0.294287,1,1
1821,46,-0.029900,0.602479,0.198596,0.313802,0.279269,1,1
1816,46,-0.053598,0.579184,0.239735,0.242450,0.242499,1,1
1813,46,-0.069016,0.620191,0.292644,0.245941,0.309173,1,1
1806,46,-0.064536,0.630198,0.247510,0.243658,0.329826,1,1
1808,46,-0.092030,0.661667,0.207886,0.312630,0.310546,1,1
1819,46,-0.201029,0.640376,0.329356,0.273739,0.323449,1,0
1824,46,-0.101644,0.585614,0.325420,0.273923,0.333005,1,1
1812,46,-0.162870,0.634017,0.250228,0.257633,0.297709,1,1
1827,46,-0.066665,0.501577,0.256503,0.302744,0.326204,1,1
1800,46,-0.154911,0.551957,0.291084,0.295174,0.378265,1,1
1837,46,-0.005895,0.524584,0.296962,0.401147,0.348975,1,1
1810,46,-0.115680,0.643176,0.255454,0.152896,0.340017,1,1
1839,46,-0.155876,0.600026,0.297372,0.302483,0.296279,1,1
1828,46,-0.118330,0.548549,0.159240,0.290631,0.224798,1,1
1802,46,-0.116621,0.686081,0.285888,0.229960,0.310998,1,1
1809,46,-0.103297,0.628243,0.257759,0.288947,0.287476,1,1
1833,46,-0.173541,0.595818,0.247303,0.222254,0.371020,1,1
1848,47,-0.146479,0.661807,0.259383,0.270421,0.287424,1,0
1841,47,-0.127513,0.601087,0.286183,0.213749,0.221400,1,1
1855,47,-0.175763,0.580683,0.294345,0.354086,0.442343,1,0
1856,47,-0.086721,0.581917,0.182944,0.293241,0.283939,1,1
1866,47,-0.041909,0.549267,0.233526,0.309665,0.296477,1,1
1862,47,-0.088731,0.513431,0.264950,0.305172,0.273531,1,1
1872,47,0.046215,0.564807,0.231272,0.251045,0.323366,1,1
1867,47,-0.014676,0.563324,0.345183,0.228978,0.373271,1,1
1877,47,0.067831,0.580609,0.190710,0.208554,0.358184,0,1
1852,47,-0.073732,0.481720,0.315522,0.247994,0.239440,1,1
1863,47,-0.027746,0.488687,0.190451,0.284318,0.283284,1,1
1878,47,0.010669,0.501608,0.306877,0.335828,0.280870,0,1
1843,47,-0.106160,0.638611,0.267673,0.273134,0.262386,1,1
1850,47,-0.014420,0.692681,0.416378,0.269933,0.294484,1,1
1854,47,-0.077061,0.706757,0.278418,0.206230,0.329612,1,0
1874,47,-0.042114,0.562280,0.235397,0.276637,0.321164,1,1
1849,47,-0.121050,0.620030,0.271623,0.276930,0.274877,1,1
1864,47,0.027068,0.597724,0.268688,0.259396,0.322193,1,1
1868,47,0.000284,0.521272,0.262396,0.350921,0.333928,1,1
1865,47,-0.023889,0.496694,0.288421,0.235164,0.344211,1,1
1859,47,-0.095355,0.603646,0.239824,0.281397,0.297967,1,1
1845,47,-0.075233,0.631127,0.222928,0.337526,0.235008,1,1
1879,47,0.024939,0.644747,0.276445,0.318652,0.317998,1,1
1842,47,-0.153686,0.614754,0.288806,0.323409,0.303897,1,1
1851,47,-0.090300,0.569658,0.301822,0.312987,0.362056,1,1
1853,47,-0.123586,0.571579,0.279959,0.236507,0.316939,1,1
1844,47,-0.057956,0.652407,0.342320,0.280988,0.335279,1,1
1876,47,0.004770,0.549913,0.241821,0.302908,0.314479,1,1
1875,47,0.012939,0.545224,0.283480,0.216824,0.310187,1,1
1871,47,-0.040110,0.520471,0.277170,0.271122,0.370525,1,1
1869,47,0.008324,0.603860,0.258988,0.366740,0.338312,1,1
1840,47,-0.182926,0.712201,0.327744,0.165380,0.363933,1,0
1846,47,-0.057065,0.579373,0.317344,0.293645,0.276866,1,1
1858,47,-0.126466,0.522953,0.285171,0.328258,0.356320,1,1
1857,47,-0.088360,0.604145,0.331908,0.319162,0.452681,1,1
1870,47,0.004361,0.578901,0.281119,0.256866,0.323702,1,1
1847,47,-0.145383,0.600738,0.286255,0.268278,0.255605,1,1
1861,47,-0.009421,0.492576,0.253543,0.265693,0.299132,1,1
1860,47,-0.016654,0.533711,0.278582,0.245342,0.336891,1,1
1873,47,-0.152386,0.585164,0.325687,0.295348,0.305786,1,1
1884,48,-0.071772,0.602330,0.255532,0.368164,0.377497,1,1
1890,48,-0.105498,0.627541,0.349289,0.390728,0.322790,1,1
1898,48,0.030299,0.725660,0.361751,0.342218,0.266239,1,0
1891,48,0.008117,0.642831,0.220449,0.344259,0.319029,1,1
1905,48,0.059784,0.496097,0.261708,0.365635,0.330916,0,1
1909,48,-0.014063,0.510209,0.269907,0.255255,0.341913,1,1
1914,48,-0.016514,0.601394,0.283671,0.360752,0.416679,1,1
1893,48,-0.046228,0.536556,0.258222,0.325133,0.333755,1,1
1908,48,0.006814,0.574706,0.300570,0.266773,0.435257,1,1
1913,48,0.008753,0.573029,0.241878,0.303096,0.280734,1,1
1897,48,-0.124154,0.594686,0.330162,0.266369,0.339146,1,1
1886,48,-0.131822,0.586182,0.269830,0.379765,0.332431,1,0
1918,48,0.075629,0.574116,0.332465,0.325356,0.360139,1,1
1906,48,0.053246,0.560004,0.225155,0.314355,0.355579,1,1
1885,48,-0.082129,0.624612,0.262022,0.259559,0.401061,1,1
1919,48,-0.106432,0.492025,0.273818,0.224368,0.353631,1,1
1911,48,0.001032,0.551346,0.212868,0.285092,0.328659,1,1
1883,48,-0.091420,0.728608,0.365129,0.429455,0.388877,1,0
1915,48,-0.020375,0.613788,0.218237,0.256688,0.241252,1,1
1892,48,-0.026893,0.595468,0.274905,0.325148,0.320441,1,1
1904,48,-0.026795,0.641872,0.251550,0.193112,0.321463,1,1
1899,48,-0.159728,0.612976,0.334116,0.279494,0.356112,1,0
1895,48,-0.065847,0.685342,0.190542,0.339761,0.359255,1,0
1894,48,-0.048963,0.650698,0.289749,0.325527,0.228934,1,1
1882,48,-0.109461,0.692385,0.297095,0.273159,0.252484,1,0
1903,48,0.039802,0.567423,0.221777,0.415195,0.269536,1,1
1902,48,0.095727,0.506489,0.303661,0.430276,0.353007,0,1
1916,48,0.005996,0.575780,0.287379,0.265360,0.293388,1,1
1901,48,-0.088953,0.593293,0.307143,0.299529,0.339414,1,1
1907,48,0.010608,0.462981,0.273542,0.395593,0.388218,0,1
1880,48,-0.098249,0.582670,0.240425,0.301738,0.276251,1,1
1900,48,-0.034594,0.570442,0.277786,0.356542,0.341730,1,1
1917,48,-0.008709,0.490387,0.217302,0.270300,0.344509,1,1
1889,48,-0.099176,0.540332,0.280390,0.180039,0.347807,1,1
1912,48,0.084848,0.499080,0.264957,0.246888,0.296223,0,1
1888,48,0.002606,0.648052,0.269341,0.310721,0.298988,1,1
1896,48,-0.007428,0.572795,0.157547,0.314017,0.360147,1,1
1881,48,0.022032,0.615188,0.191081,0.293028,0.288674,1,1
1910,48,0.042498,0.569166,0.306044,0.246667,0.315894,1,1
1887,48,-0.066087,0.561952,0.271444,0.337681,0.398024,1,1
1937,49,-0.091554,0.596013,0.295438,0.314809,0.341552,1,0
1956,49,-0.014899,0.504199,0.282889,0.299281,0.297319,1,1
1920,49,-0.040621,0.612620,0.325132,0.305159,0.328334,1,1
1942,49,0.029970,0.565791,0.362257,0.381545,0.383565,1,1
1924,49,-0.010012,0.638536,0.301502,0.292646,0.369866,1,1
1950,49,0.080158,0.569511,0.129110,0.427762,0.371567,1,1
1921,49,-0.087430,0.668532,0.321045,0.326401,0.307971,1,0
1941,49,0.021395,0.644592,0.338702,0.364238,0.309197,1,1
1939,49,-0.034791,0.600714,0.332565,0.298745,0.265219,1,1
1926,49,-0.011203,0.647028,0.192140,0.259980,0.342290,1,1
1959,49,0.083405,0.521997,0.256551,0.411816,0.357887,0,1
1935,49,-0.057268,0.555604,0.299306,0.335936,0.473666,1,1
1953,49,0.081640,0.579688,0.382821,0.318263,0.332805,1,1
1948,49,0.098941,0.593472,0.293352,0.404491,0.269178,1,1
1943,49,0.102190,0.620582,0.379852,0.417215,0.327050,0,1
1929,49,-0.106109,0.604263,0.307666,0.315669,0.275605,1,0
1925,49,-0.086852,0.625318,0.274013,0.347279,0.370262,1,0
1931,49,0.013768,0.561164,0.257836,0.293714,0.328734,1,1
1927,49,-0.018623,0.663309,0.278745,0.363245,0.339712,1,1
1955,49,0.062753,0.495974,0.359662,0.355768,0.469250,0,1
1958,49,0.039040,0.597212,0.266741,0.326506,0.363202,1,1
1947,49,0.050403,0.577421,0.310568,0.310950,0.357801,1,1
1936,49,-0.114595,0.629743,0.166942,0.376922,0.258384,1,0
1923,49,-0.056994,0.628442,0.267480,0.283617,0.368351,1,1
1940,49,0.139026,0.509180,0.205250,0.348523,0.416969,0,1
1945,49,0.051900,0.489632,0.269758,0.288777,0.311724,0,1
1933,49,-0.095271,0.594742,0.361221,0.309120,0.292776,1,0
1952,49,0.118719,0.558136,0.234288,0.295230,0.353752,0,1
1954,49,-0.029235,0.541210,0.306762,0.306631,0.402717,1,1
1930,49,-0.059177,0.649271,0.334730,0.302622,0.373599,1,0
1938,49,0.027331,0.602901,0.299608,0.314433,0.393043,1,1
1928,49,-0.074561,0.692276,0.295829,0.357289,0.354560,1,0
1957,49,0.039068,0.512284,0.304609,0.423225,0.424129,1,1
1932,49,-0.085638,0.566925,0.301972,0.333997,0.358798,1,1
1922,49,-0.024116,0.585711,0.329734,0.332052,0.285961,1,1
1944,49,0.029605,0.626647,0.314522,0.392978,0.368434,1,1
1949,49,0.075135,0.520510,0.318352,0.307843,0.404983,0,1
1946,49,0.062365,0.585582,0.315383,0.353474,0.383170,1,1
1934,49,-0.093279,0.579270,0.273454,0.341529,0.443611,1,0
1951,49,0.046162,0.537542,0.329745,0.287776,0.256665,1,1
1963,50,-0.054672,0.577238,0.293307,0.273256,0.329037,1,0
1966,50,-0.083539,0.575938,0.302655,0.331684,0.404751,1,0
1989,50,0.106530,0.544788,0.329611,0.335739,0.341136,0,1
1976,50,0.003857,0.580437,0.254341,0.259908,0.456376,1,1
1981,50,0.018354,0.656117,0.292806,0.380306,0.435208,1,1
1971,50,-0.044841,0.580886,0.259485,0.330527,0.342577,1,1
1964,50,-0.055220,0.623772,0.230515,0.299253,0.303417,1,0
1960,50,-0.038199,0.679789,0.273512,0.327510,0.348014,1,0
1983,50,0.167291,0.647534,0.294643,0.342405,0.421323,0,1
1977,50,-0.002641,0.571682,0.324504,0.346147,0.330366,1,1
1967,50,-0.080481,0.556531,0.334730,0.448109,0.317224,1,0
1974,50,-0.149685,0.594402,0.231467,0.298398,0.367855,1,0
1990,50,0.044841,0.563418,0.260489,0.331903,0.414646,1,1
1984,50,0.101417,0.532486,0.315453,0.406602,0.457639,0,1
1972,50,0.040246,0.650538,0.307878,0.364263,0.425028,1,1
1961,50,-0.017689,0.671362,0.297767,0.300598,0.388265,1,0
1985,50,0.151362,0.525951,0.377059,0.296940,0.356904,0,1
1965,50,0.057325,0.667414,0.365326,0.352126,0.359425,1,1
1979,50,-0.155838,0.661240,0.278162,0.351982,0.265083,1,0
1996,50,0.084867,0.496663,0.289289,0.387098,0.407604,0,1
1994,50,0.047067,0.559468,0.266229,0.335777,0.414535,1,1
1982,50,0.058938,0.605211,0.329780,0.344310,0.422057,1,1
1998,50,0.035721,0.529864,0.360934,0.382670,0.363257,1,1
1993,50,0.096658,0.537303,0.277370,0.277283,0.402974,1,1
1980,50,0.077603,0.593669,0.325953,0.314395,0.412457,1,1
1970,50,-0.006360,0.743537,0.340346,0.272312,0.288064,1,0
1999,50,0.124543,0.529815,0.248735,0.376877,0.422117,0,1
1978,50,-0.078317,0.603251,0.244115,0.411191,0.405753,1,0
1975,50,-0.047634,0.586937,0.274729,0.368125,0.417840,1,1
1991,50,0.018568,0.450440,0.327934,0.330561,0.389848,0,1
1987,50,0.043402,0.626540,0.402995,0.381463,0.359237,1,1
1968,50,-0.028778,0.632939,0.357594,0.369784,0.423399,1,0
1969,50,0.005291,0.521085,0.319698,0.265949,0.352082,1,1
1973,50,-0.018475,0.581640,0.370667,0.318153,0.260550,1,1
1962,50,0.043885,0.667706,0.348096,0.353739,0.300537,1,1
1988,50,0.124754,0.450109,0.382712,0.352852,0.455645,0,1
1997,50,0.091274,0.536682,0.311364,0.429136,0.369705,1,1
1992,50,0.045945,0.549633,0.437047,0.353292,0.324389,1,1
1986,50,0.073103,0.588269,0.277671,0.272869,0.444602,1,1
1995,50,0.027454,0.590412,0.341201,0.296423,0.343933,1,1
2002,51,-0.006404,0.537088,0.285263,0.300232,0.265512,1,1
2012,51,0.001137,0.685119,0.253312,0.453181,0.406362,1,0
2014,51,0.037984,0.545858,0.312525,0.279658,0.376273,1,1
2017,51,0.004153,0.654516,0.333304,0.439951,0.349935,1,0
2027,51,0.136752,0.494114,0.288959,0.447379,0.395537,0,1
2021,51,0.190712,0.539278,0.328910,0.313893,0.386255,0,1
2036,51,0.024801,0.512807,0.398676,0.331730,0.444298,1,1
2037,51,0.128703,0.584709,0.289394,0.456836,0.454188,1,1
2006,51,0.054655,0.643257,0.228122,0.358900,0.257744,1,1
2038,51,0.094879,0.547394,0.352812,0.453830,0.318218,1,1
2031,51,0.114611,0.602691,0.340818,0.498487,0.344829,1,1
2009,51,0.034605,0.651628,0.323550,0.347727,0.334744,1,1
2010,51,0.050106,0.615392,0.373632,0.408205,0.361066,1,1
2035,51,0.161631,0.574390,0.376837,0.404800,0.488335,0,1
2030,51,0.062895,0.536418,0.348526,0.345575,0.445841,1,1
2024,51,0.072820,0.530004,0.400862,0.418548,0.366800,1,1
2007,51,0.016081,0.567431,0.251779,0.337726,0.347063,1,1
2020,51,0.163078,0.452051,0.359201,0.400146,0.330764,0,1
2019,51,0.053205,0.620026,0.384031,0.259840,0.242840,1,1
2018,51,-0.022512,0.619257,0.283729,0.256505,0.380992,1,0
2001,51,0.033307,0.710142,0.354468,0.357974,0.431158,1,0
2015,51,-0.020064,0.612978,0.249511,0.341136,0.361897,1,0
2028,51,0.138886,0.638503,0.354413,0.427216,0.377347,1,1
2022,51,0.186458,0.643472,0.354280,0.318845,0.438774,0,1
2004,51,-0.044094,0.677712,0.291754,0.400130,0.306334,1,0
2026,51,0.229277,0.571972,0.292076,0.281919,0.306009,0,1
2034,51,0.172175,0.606210,0.274809,0.303614,0.430762,0,1
2008,51,-0.062639,0.656715,0.200691,0.283355,0.437849,1,0
2013,51,-0.043583,0.641019,0.340624,0.408888,0.357163,1,0
2033,51,0.158776,0.464135,0.316905,0.440468,0.331061,0,1
2000,51,-0.008502,0.573469,0.356447,0.371446,0.369414,1,1
2032,51,0.069757,0.540077,0.312826,0.397368,0.379801,1,1
2039,51,0.177392,0.571388,0.240297,0.334247,0.362054,0,1
2025,51,0.166200,0.602435,0.385680,0.382696,0.356132,0,1
2023,51,0.088475,0.624022,0.319692,0.352695,0.442185,1,1
2029,51,0.146532,0.527223,0.302627,0.412572,0.440503,0,1
2003,51,-0.002609,0.557933,0.374471,0.313676,0.315206,1,1
2016,51,0.111117,0.627189,0.279161,0.408896,0.311506,1,1
2005,51,-0.017679,0.642717,0.286367,0.323719,0.349322,1,0
2011,51,0.031084,0.540601,0.349596,0.383318,0.381324,1,1
2047,52,-0.020578,0.600944,0.384594,0.348364,0.292813,1,0
2055,52,0.050313,0.631943,0.386048,0.350712,0.343569,1,1
2046,52,0.021734,0.578391,0.263409,0.338151,0.376412,1,1
2051,52,-0.046647,0.651493,0.281180,0.449726,0.380301,1,0
2043,52,0.076494,0.597411,0.318685,0.310828,0.380165,1,1
2045,52,0.042371,0.600410,0.345914,0.428529,0.405773,1,1
2065,52,0.074497,0.589271,0.260459,0.297209,0.380584,1,1
2068,52,0.177552,0.556960,0.398448,0.401790,0.343455,0,1
2040,52,0.098284,0.630136,0.282595,0.300342,0.358732,1,1
2057,52,0.021078,0.598849,0.405149,0.408502,0.353928,1,1
2070,52,0.174144,0.585853,0.402090,0.405380,0.294018,1,1
2060,52,0.163610,0.632704,0.438677,0.351402,0.424860,1,1
2044,52,0.105190,0.692872,0.287369,0.389254,0.361102,1,1
2074,52,0.096897,0.508385,0.387322,0.430309,0.357114,1,1
2067,52,0.105820,0.441189,0.385563,0.353389,0.485596,0,1
2042,52,0.023457,0.645258,0.325025,0.325468,0.341480,1,0
2054,52,-0.026522,0.618694,0.256086,0.265520,0.432991,1,0
2075,52,0.093177,0.510713,0.406761,0.450589,0.398624,1,1
2056,52,0.039934,0.643645,0.330186,0.359359,0.458553,1,1
2076,52,0.117593,0.584456,0.296414,0.346768,0.461127,1,1
2066,52,0.270337,0.446238,0.436400,0.321263,0.422917,0,1
2061,52,0.125721,0.552700,0.448413,0.344463,0.428517,1,1
2072,52,0.196802,0.536069,0.355646,0.310866,0.388930,0,1
2079,52,0.152180,0.518868,0.342745,0.334784,0.391315,0,1
2059,52,0.064233,0.560057,0.369437,0.412708,0.487909,1,1
2063,52,0.140335,0.652004,0.336958,0.359407,0.326960,1,1
2048,52,0.002869,0.632937,0.343855,0.337219,0.359896,1,0
2071,52,0.148730,0.454259,0.366927,0.258804,0.342728,0,1
2073,52,0.118706,0.508061,0.347715,0.363013,0.370656,1,1
2053,52,-0.080019,0.514817,0.223920,0.358873,0.284798,1,0
2064,52,0.045227,0.560584,0.371188,0.362986,0.475883,1,1
2049,52,0.100706,0.596335,0.288444,0.343473,0.388642,1,1
2077,52,0.134462,0.497198,0.312519,0.454579,0.352629,0,1
2052,52,0.025146,0.613076,0.454733,0.332152,0.452414,1,1
2050,52,-0.017989,0.684021,0.350136,0.366328,0.474144,1,0
2078,52,0.136643,0.617834,0.337326,0.415948,0.401264,1,1
2058,52,0.071700,0.587789,0.351828,0.407581,0.329289,1,1
2069,52,0.197061,0.609726,0.342448,0.307258,0.380945,0,1
2041,52,0.114384,0.619863,0.200302,0.346573,0.358729,1,1
2062,52,0.188900,0.532917,0.275786,0.372025,0.390109,0,1
2102,53,0.170434,0.507395,0.336403,0.345855,0.419554,0,1
2095,53,0.095739,0.528617,0.274153,0.327947,0.462625,1,1
2081,53,0.121963,0.643627,0.353628,0.399898,0.423489,1,1
2089,53,0.105955,0.672799,0.412065,0.289784,0.374983,1,1
2094,53,0.169471,0.626400,0.310633,0.326810,0.446322,1,1
2084,53,0.020064,0.650339,0.277729,0.415562,0.395499,1,0
2097,53,0.022045,0.504260,0.244920,0.395732,0.397462,1,0
2105,53,0.217428,0.512677,0.353633,0.429645,0.401865,0,1
2091,53,0.029193,0.562343,0.268211,0.286575,0.390998,1,1
2093,53,0.012972,0.694803,0.298997,0.438836,0.388109,1,0
2088,53,-0.025333,0.561614,0.311775,0.389522,0.430734,1,0
2118,53,0.148965,0.578782,0.402786,0.465853,0.485518,1,1
2090,53,-0.003779,0.609643,0.260216,0.438719,0.431099,1,0
2087,53,-0.020239,0.698082,0.325400,0.378041,0.529842,1,0
2082,53,-0.013174,0.603948,0.426642,0.287252,0.328133,1,0
2100,53,0.140497,0.523317,0.283918,0.438602,0.472184,1,1
2115,53,0.140687,0.468030,0.395021,0.359781,0.452880,0,1
2083,53,0.002252,0.630964,0.312774,0.378054,0.308571,1,0
2117,53,0.204047,0.538852,0.408131,0.386603,0.432173,0,1
2096,53,0.053638,0.634244,0.299632,0.337837,0.303417,1,1
2107,53,0.208798,0.516817,0.431974,0.405998,0.450813,0,1
2106,53,0.177679,0.541855,0.351120,0.439915,0.358727,1,1
2099,53,0.009637,0.634984,0.367817,0.457497,0.404289,1,0
2086,53,0.086022,0.638652,0.352028,0.385604,0.336443,1,1
2108,53,0.220063,0.611798,0.355842,0.351907,0.351571,0,1
2085,53,0.093514,0.555130,0.340359,0.342126,0.371381,1,1
2112,53,0.212838,0.546501,0.287366,0.413282,0.421669,0,1
2116,53,0.233222,0.560740,0.396967,0.441907,0.388898,0,1
2092,53,0.047775,0.659541,0.180500,0.349137,0.419443,1,0
2098,53,0.041923,0.550302,0.363498,0.381631,0.381339,1,1
2080,53,0.031925,0.608434,0.450414,0.380306,0.317928,1,0
2111,53,0.130357,0.496926,0.308258,0.526664,0.379074,1,1
2109,53,0.241661,0.490563,0.435339,0.362374,0.340144,0,1
2110,53,0.282341,0.503576,0.353874,0.319994,0.370336,0,1
2114,53,0.214246,0.532043,0.419912,0.342429,0.371637,0,1
2103,53,0.215861,0.647614,0.253360,0.438563,0.401805,0,1
2113,53,0.207419,0.459591,0.275967,0.470105,0.379779,0,1
2104,53,0.126975,0.541625,0.419223,0.348867,0.414717,1,1
2119,53,0.139991,0.495059,0.299342,0.288497,0.450744,1,1
2101,53,0.209262,0.524594,0.313188,0.452626,0.457827,0,1
2122,54,0.020188,0.654855,0.273267,0.349354,0.356503,1,0
2149,54,0.267744,0.545567,0.304924,0.364994,0.450435,0,1
2132,54,0.146655,0.699692,0.329317,0.389998,0.390255,1,0
2147,54,0.225441,0.519110,0.467542,0.445174,0.534600,0,1
2128,54,0.130097,0.614654,0.454880,0.538254,0.364866,1,1
2150,54,0.231715,0.562882,0.299871,0.369935,0.400612,0,1
2152,54,0.230473,0.548653,0.359276,0.444748,0.453862,0,1
2138,54,0.116651,0.709306,0.368753,0.313426,0.435309,1,0
2159,54,0.183588,0.565201,0.357279,0.478645,0.356528,1,1
2135,54,0.066256,0.571342,0.296500,0.388009,0.494072,1,1
2140,54,0.287024,0.606100,0.396618,0.411088,0.405290,0,1
2133,54,0.102083,0.563534,0.349107,0.318763,0.375914,1,1
2127,54,0.059327,0.568415,0.263401,0.401470,0.403399,1,1
2120,54,0.009298,0.652227,0.216527,0.328485,0.365887,1,0
2126,54,-0.027405,0.612191,0.214350,0.454936,0.497982,1,0
2142,54,0.214205,0.533672,0.332393,0.396135,0.476231,1,1
2148,54,0.249730,0.576692,0.441868,0.355413,0.435250,0,1
2137,54,0.042057,0.639470,0.323309,0.335730,0.416425,1,0
2139,54,0.109663,0.578036,0.336094,0.391098,0.351693,1,1
2151,54,0.197850,0.474164,0.397506,0.411268,0.419162,0,1
2158,54,0.124097,0.555325,0.392516,0.300420,0.401053,1,1
2145,54,0.223793,0.516548,0.340255,0.452901,0.387948,0,1
2124,54,0.168198,0.624994,0.371565,0.367797,0.405817,1,1
2144,54,0.168542,0.505321,0.333125,0.486754,0.417307,1,1
2136,54,0.135360,0.674657,0.263819,0.355807,0.399337,1,1
2131,54,0.030592,0.628373,0.390653,0.310915,0.347335,1,0
2125,54,0.101064,0.595524,0.304478,0.355427,0.421472,1,1
2123,54,0.117506,0.635696,0.305177,0.396064,0.464076,1,1
2155,54,0.190924,0.520440,0.405253,0.319692,0.352082,1,1
2153,54,0.104122,0.496138,0.384486,0.350419,0.378493,1,1
2154,54,0.188810,0.523438,0.432520,0.416046,0.398847,1,1
2130,54,0.103260,0.654125,0.318701,0.329051,0.368808,1,1
2156,54,0.249989,0.567212,0.411426,0.442251,0.463935,0,1
2157,54,0.228797,0.613705,0.362490,0.401924,0.443402,1,1
2146,54,0.249339,0.611154,0.366554,0.270656,0.439008,0,1
2134,54,-0.034410,0.613913,0.291483,0.379418,0.344732,1,0
2141,54,0.160042,0.639278,0.420392,0.362359,0.414444,1,1
2143,54,0.128590,0.465846,0.288216,0.421046,0.406218,0,1
2121,54,0.093929,0.622528,0.335261,0.389872,0.420265,1,1
2129,54,0.085368,0.623725,0.367449,0.332850,0.468377,1,1
2162,55,0.120816,0.649033,0.392186,0.402347,0.436458,1,1
2177,55,0.244135,0.621393,0.427065,0.416458,0.467904,1,1
2185,55,0.177149,0.553758,0.367230,0.560492,0.458889,1,1
2165,55,0.175055,0.577895,0.419515,0.427672,0.401096,1,1
2195,55,0.246770,0.575638,0.420459,0.388929,0.309823,1,1
2166,55,0.271142,0.568262,0.287463,0.344693,0.464578,1,1
2160,55,0.040910,0.644322,0.299629,0.365253,0.466318,1,0
2179,55,0.060294,0.675995,0.380600,0.337341,0.431613,1,0
2173,55,0.260300,0.591863,0.316209,0.351103,0.473632,1,1
2182,55,0.160866,0.516915,0.439568,0.393928,0.443036,1,1
2178,55,0.084455,0.570371,0.437915,0.361229,0.372301,1,1
2189,55,0.241768,0.552158,0.364763,0.388056,0.495513,1,1
2193,55,0.266913,0.595118,0.379525,0.497227,0.461547,1,1
2196,55,0.302654,0.632254,0.302981,0.448852,0.426411,0,1
2168,55,0.049458,0.638651,0.390056,0.406999,0.430359,1,0
2164,55,0.115766,0.565889,0.294036,0.413131,0.402550,1,1
2171,55,0.196915,0.553015,0.432800,0.386061,0.340764,1,1
2197,55,0.315549,0.514142,0.323693,0.412493,0.431312,0,1
2190,55,0.292409,0.612294,0.440318,0.424254,0.363462,0,1
2176,55,0.189505,0.727304,0.290407,0.364815,0.501598,1,0
2191,55,0.282035,0.565916,0.443147,0.441217,0.426099,1,1
2188,55,0.234846,0.553311,0.437179,0.484642,0.352907,1,1
2184,55,0.164087,0.524841,0.464016,0.384140,0.420022,1,1
2180,55,0.151267,0.539427,0.320547,0.502490,0.467328,1,1
2187,55,0.176759,0.545775,0.391592,0.361189,0.450680,1,1
2175,55,0.153569,0.581835,0.343893,0.427819,0.359143,1,1
2174,55,0.111313,0.641143,0.369192,0.444446,0.361105,1,1
2181,55,0.272524,0.564751,0.461611,0.369246,0.437416,1,1
2186,55,0.250747,0.539910,0.453024,0.461505,0.441631,1,1
2172,55,0.118688,0.589001,0.360003,0.480609,0.500616,1,1
2163,55,0.081263,0.637050,0.441428,0.408066,0.448884,1,0
2161,55,0.078559,0.597226,0.362309,0.340425,0.527146,1,0
2198,55,0.242198,0.591718,0.409982,0.488266,0.377402,1,1
2194,55,0.224910,0.593180,0.284797,0.383683,0.520332,1,1
2170,55,0.186107,0.633297,0.342514,0.431077,0.363346,1,1
2169,55,0.157519,0.588185,0.385463,0.377309,0.478354,1,1
2199,55,0.253996,0.522744,0.366741,0.394899,0.467137,1,1
2183,55,0.211693,0.623408,0.344012,0.445043,0.398397,1,1
2192,55,0.236658,0.578461,0.456113,0.366567,0.419101,1,1
2167,55,0.148114,0.672729,0.366635,0.328118,0.515137,1,1
2221,56,0.271893,0.582548,0.368180,0.434090,0.406878,1,1
2216,56,0.139034,0.630812,0.427454,0.439494,0.481042,1,1
2225,56,0.157790,0.629310,0.477481,0.424541,0.412461,1,1
2238,56,0.281989,0.640205,0.501573,0.341166,0.489376,1,1
2214,56,0.117088,0.627761,0.371883,0.455165,0.410962,1,0
2222,56,0.281800,0.544706,0.428802,0.420405,0.400951,1,1
2208,56,0.169213,0.696900,0.410182,0.419011,0.498570,1,0
2236,56,0.226795,0.606125,0.480985,0.400040,0.497268,1,1
2231,56,0.230018,0.555035,0.439575,0.447028,0.363101,1,1
2217,56,0.121176,0.636465,0.403811,0.341287,0.531300,1,0
2215,56,0.113869,0.725475,0.376431,0.465801,0.535590,1,0
2229,56,0.305667,0.631237,0.473600,0.512195,0.446617,1,1
2218,56,0.252061,0.592875,0.405731,0.381109,0.538690,1,1
2223,56,0.277735,0.544685,0.350957,0.418466,0.482397,1,1
2232,56,0.175192,0.630192,0.384194,0.368311,0.478394,1,1
2227,56,0.194560,0.584980,0.420925,0.525951,0.440451,1,1
2233,56,0.251605,0.528788,0.407140,0.462585,0.474114,1,1
2226,56,0.181503,0.530847,0.383046,0.373031,0.473516,1,1
2207,56,0.128603,0.603970,0.402046,0.433301,0.504235,1,1
2210,56,0.087001,0.673988,0.421006,0.406302,0.424513,1,0
2220,56,0.332554,0.544542,0.476720,0.410819,0.524580,0,1
2230,56,0.191601,0.607501,0.417007,0.409031,0.447857,1,1
2234,56,0.301504,0.583891,0.351363,0.488021,0.595005,1,1
2209,56,0.124911,0.588937,0.340363,0.397244,0.459031,1,1
2213,56,0.147145,0.643442,0.351791,0.372600,0.415323,1,1
2219,56,0.179007,0.572707,0.359252,0.315518,0.467478,1,1
2200,56,0.153199,0.580845,0.407737,0.408924,0.508397,1,1
2237,56,0.180710,0.555844,0.336562,0.526403,0.458125,1,1
2206,56,0.119838,0.685957,0.366987,0.316824,0.453603,1,0
2235,56,0.232610,0.451879,0.354623,0.485731,0.454970,0,1
2203,56,0.205850,0.616272,0.314471,0.446401,0.465490,1,1
2228,56,0.210270,0.441831,0.346649,0.366454,0.468338,0,1
2201,56,0.202067,0.541416,0.436116,0.385471,0.276244,1,1
2212,56,0.104196,0.636010,0.415627,0.397503,0.363130,1,0
2239,56,0.264710,0.601815,0.453862,0.474085,0.515660,1,1
2211,56,0.210542,0.561732,0.364676,0.404245,0.395329,1,1
2202,56,0.164317,0.670987,0.387740,0.413565,0.458748,1,1
2204,56,0.183742,0.629542,0.394976,0.480109,0.427904,1,1
2224,56,0.247576,0.608492,0.446091,0.482857,0.451206,1,1
2205,56,0.143153,0.651805,0.392016,0.366540,0.437000,1,1
2240,57,0.134679,0.740695,0.304395,0.500619,0.598033,1,0
2261,57,0.293405,0.604812,0.398631,0.416874,0.482859,1,1
2241,57,0.217127,0.630904,0.393509,0.367446,0.402658,1,1
2265,57,0.353022,0.514874,0.350326,0.411529,0.509627,0,1
2256,57,0.146844,0.590057,0.318858,0.387427,0.448931,1,1
2272,57,0.203302,0.611238,0.472040,0.454250,0.411102,1,1
2277,57,0.267897,0.545674,0.448852,0.356208,0.514684,1,1
2278,57,0.247582,0.641512,0.347793,0.397216,0.435841,1,1
2242,57,0.129944,0.651629,0.364808,0.308484,0.482439,1,0
2253,57,0.091034,0.789996,0.414910,0.526232,0.420342,1,0
2250,57,0.137746,0.549701,0.443683,0.420687,0.485618,1,1
2274,57,0.258535,0.601418,0.407582,0.473456,0.439703,1,1
2276,57,0.269657,0.531853,0.450197,0.453980,0.422588,1,1
2248,57,0.244773,0.614241,0.423412,0.520832,0.421768,1,1
2254,57,0.198250,0.564123,0.397553,0.365049,0.560877,1,1
2271,57,0.236889,0.640792,0.359439,0.485229,0.539900,1,1
2268,57,0.297546,0.511173,0.402853,0.451721,0.470077,0,1
2267,57,0.232623,0.505587,0.368866,0.370690,0.503126,1,1
2258,57,0.138944,0.691804,0.328613,0.310201,0.391822,1,0
2279,57,0.387661,0.608894,0.388174,0.479973,0.479311,0,1
2264,57,0.223840,0.650063,0.422347,0.350331,0.471804,1,1
2270,57,0.274365,0.539196,0.522713,0.459622,0.444577,1,1
2246,57,0.155049,0.600571,0.514761,0.380926,0.459639,1,1
2259,57,0.156942,0.581686,0.356086,0.424652,0.453132,1,1
2275,57,0.285609,0.545310,0.380856,0.401853,0.468671,1,1
2269,57,0.261342,0.599608,0.406521,0.460475,0.486964,1,1
2249,57,0.152304,0.672114,0.414667,0.423177,0.474049,1,0
2252,57,0.039708,0.593790,0.354338,0.367864,0.538741,1,0
2251,57,0.175183,0.582321,0.346043,0.350184,0.426496,1,1
2273,57,0.232155,0.530880,0.460844,0.477244,0.527432,1,1
2266,57,0.306064,0.479039,0.414163,0.487042,0.495949,0,1
2243,57,0.169156,0.580880,0.446190,0.411815,0.449985,1,1
2255,57,0.179003,0.595592,0.424079,0.483338,0.567037,1,1
2247,57,0.193583,0.754586,0.345078,0.396271,0.451422,1,0
2257,57,0.220826,0.619018,0.482048,0.330966,0.466150,1,1
2262,57,0.301085,0.624233,0.435231,0.434788,0.484904,1,1
2245,57,0.211263,0.601950,0.308680,0.427240,0.346277,1,1
2260,57,0.283030,0.522182,0.398182,0.411850,0.499704,0,1
2244,57,0.169359,0.599615,0.409730,0.425126,0.366374,1,1
2263,57,0.312412,0.592907,0.393051,0.412433,0.514619,1,1
2313,58,0.207350,0.565208,0.396514,0.374059,0.554873,1,1
2311,58,0.276766,0.509621,0.403555,0.446254,0.456594,1,1
2285,58,0.166925,0.544810,0.378192,0.435509,0.540027,1,1
2294,58,0.211007,0.525432,0.453764,0.432790,0.503920,1,1
2317,58,0.289370,0.463494,0.447119,0.392514,0.514929,0,1
2282,58,0.167156,0.629055,0.409795,0.378569,0.401190,1,1
2292,58,0.201894,0.538449,0.363801,0.425096,0.448867,1,1
2307,58,0.188361,0.550043,0.353860,0.574046,0.413150,1,1
2300,58,0.313032,0.567462,0.415911,0.466551,0.412896,1,1
2315,58,0.347335,0.466520,0.396417,0.500455,0.539063,0,1
2289,58,0.274002,0.552407,0.462650,0.471003,0.453507,1,1
2283,58,0.143237,0.488483,0.353587,0.417011,0.525668,1,0
2286,58,0.115889,0.643166,0.432733,0.508627,0.452234,1,0
2299,58,0.043059,0.650739,0.436233,0.357026,0.508031,1,0
2284,58,0.214475,0.642022,0.363849,0.403750,0.504865,1,1
2280,58,0.212020,0.613574,0.416535,0.401318,0.464917,1,1
2304,58,0.230475,0.568046,0.475736,0.413825,0.492785,1,1
2310,58,0.183815,0.499657,0.400975,0.496863,0.482133,1,1
2291,58,0.181327,0.617032,0.424630,0.432799,0.422780,1,1
2309,58,0.303796,0.538603,0.422113,0.334275,0.522682,1,1
2312,58,0.317594,0.542793,0.466624,0.438177,0.498051,0,1
2316,58,0.318958,0.520158,0.370589,0.496087,0.434779,0,1
2301,58,0.233518,0.540006,0.411881,0.503442,0.467854,1,1
2302,58,0.359095,0.616261,0.433940,0.403312,0.493969,0,1
2306,58,0.312762,0.551421,0.479740,0.436361,0.428193,1,1
2296,58,0.195330,0.617789,0.381467,0.410602,0.441622,1,1
2298,58,0.194359,0.607399,0.350970,0.434539,0.491269,1,1
2288,58,0.222834,0.663271,0.467931,0.381744,0.430063,1,1
2297,58,0.257505,0.729716,0.406662,0.398807,0.477901,1,0
2290,58,0.096159,0.580191,0.464453,0.432289,0.443186,1,0
2287,58,0.249725,0.578471,0.404593,0.492646,0.505311,1,1
2319,58,0.231763,0.590660,0.365509,0.428258,0.462425,1,1
2318,58,0.282032,0.588487,0.358509,0.462558,0.480454,1,1
2308,58,0.326224,0.627090,0.416521,0.386525,0.551289,1,1
2281,58,0.156126,0.620767,0.442620,0.439599,0.453301,1,1
2303,58,0.340145,0.527427,0.459600,0.499384,0.354428,0,1
2293,58,0.147914,0.602447,0.396684,0.449495,0.499135,1,1
2314,58,0.273899,0.620247,0.334655,0.406550,0.515087,1,1
2295,58,0.168784,0.612373,0.453527,0.444021,0.459787,1,1
2305,58,0.217014,0.565849,0.404354,0.439966,0.413210,1,1
2341,59,0.385257,0.573043,0.444651,0.518846,0.573294,0,1
2353,59,0.362293,0.615112,0.541186,0.474187,0.618191,1,1
2356,59,0.284783,0.521217,0.414412,0.504201,0.533419,1,1
2349,59,0.363506,0.613454,0.453213,0.425127,0.574318,1,1
2329,59,0.145018,0.578064,0.485852,0.490482,0.511832,1,0
2331,59,0.218082,0.532611,0.439854,0.413494,0.476284,1,1
2351,59,0.324493,0.505792,0.391419,0.510667,0.442078,0,1
2354,59,0.374719,0.601160,0.479044,0.588933,0.460541,0,1
2359,59,0.365824,0.491892,0.437005,0.415580,0.475307,0,1
2358,59,0.347501,0.586042,0.481169,0.469499,0.379575,1,1
2332,59,0.275167,0.724332,0.431134,0.368470,0.403478,1,0
2320,59,0.215626,0.654425,0.462621,0.437468,0.453339,1,1
2336,59,0.265549,0.637457,0.491280,0.503099,0.432697,1,1
2345,59,0.296955,0.623907,0.437135,0.375452,0.538938,1,1
2352,59,0.197077,0.534227,0.396540,0.406783,0.564380,1,1
2326,59,0.183568,0.672377,0.395127,0.410292,0.455012,1,0
2327,59,0.237050,0.659202,0.355432,0.501499,0.455222,1,1
2339,59,0.215059,0.686054,0.449696,0.434726,0.470703,1,0
2325,59,0.220774,0.690794,0.389512,0.487210,0.373793,1,0
2330,59,0.141776,0.641690,0.319736,0.426121,0.483857,1,0
2324,59,0.247908,0.591339,0.421150,0.378691,0.386104,1,1
2333,59,0.222223,0.648652,0.438318,0.410124,0.379151,1,1
2337,59,0.077703,0.768763,0.387847,0.399458,0.427424,1,0
2347,59,0.310186,0.575394,0.498487,0.564936,0.543432,1,1
2355,59,0.211862,0.571908,0.441569,0.498535,0.576306,1,1
2344,59,0.357805,0.554193,0.508128,0.504604,0.456461,0,1
2340,59,0.417796,0.609583,0.422151,0.420753,0.526509,0,1
2357,59,0.385328,0.574720,0.476177,0.393322,0.475588,0,1
2350,59,0.277788,0.593225,0.403712,0.433069,0.511904,1,1
2323,59,0.103484,0.546041,0.427202,0.387070,0.423181,1,0
2342,59,0.254956,0.539723,0.394636,0.532555,0.479393,1,1
2335,59,0.203131,0.564313,0.415648,0.427356,0.422041,1,1
2322,59,0.234111,0.518190,0.428436,0.419091,0.397377,1,1
2348,59,0.379464,0.576228,0.402478,0.490210,0.453139,0,1
2346,59,0.341184,0.584518,0.364431,0.454216,0.482186,1,1
2328,59,0.166584,0.601473,0.451953,0.327851,0.401224,1,1
2321,59,0.343783,0.571882,0.438772,0.371225,0.476594,1,1
2334,59,0.178034,0.597620,0.396524,0.480258,0.399974,1,1
2343,59,0.273535,0.557605,0.458545,0.372788,0.516409,1,1
2338,59,0.230152,0.666983,0.312072,0.446792,0.503957,1,1
2384,60,0.261085,0.484694,0.492075,0.466862,0.494077,1,1
2380,60,0.353942,0.605570,0.538152,0.503315,0.453075,1,1
2391,60,0.324275,0.613316,0.481363,0.511989,0.466779,1,1
2387,60,0.314005,0.459939,0.347062,0.503327,0.534969,0,1
2398,60,0.241606,0.483814,0.448777,0.393935,0.610342,1,1
2399,60,0.305828,0.486389,0.455125,0.546622,0.561826,1,1
2372,60,0.214110,0.621588,0.497518,0.412990,0.488201,1,1
2378,60,0.282577,0.501020,0.486642,0.440864,0.455205,1,1
2373,60,0.248241,0.578115,0.397424,0.388421,0.513913,1,1
2397,60,0.242553,0.594040,0.493795,0.480495,0.480434,1,1
2392,60,0.353299,0.581163,0.462048,0.455759,0.444036,1,1
2393,60,0.312628,0.571078,0.396255,0.554505,0.498447,1,1
2367,60,0.190982,0.677560,0.424276,0.378430,0.589319,1,0
2383,60,0.317885,0.574485,0.429053,0.543167,0.446323,1,1
2369,60,0.281432,0.576237,0.454463,0.404320,0.529104,1,1
2390,60,0.332605,0.655678,0.438124,0.502651,0.429602,1,1
2396,60,0.364792,0.548553,0.481561,0.394722,0.494150,1,1
2377,60,0.299652,0.621995,0.492383,0.475702,0.486478,1,1
2386,60,0.319991,0.618308,0.413698,0.441766,0.468822,1,1
2375,60,0.234458,0.714949,0.358520,0.554536,0.494023,1,0
2368,60,0.216768,0.622115,0.499249,0.452566,0.414038,1,1
2376,60,0.268334,0.612149,0.408557,0.479262,0.433041,1,1
2381,60,0.417455,0.533323,0.448059,0.522870,0.447152,0,1
2370,60,0.183430,0.597551,0.368807,0.580803,0.420331,1,1
2366,60,0.323448,0.590998,0.479016,0.531749,0.518915,1,1
2360,60,0.284484,0.666336,0.377026,0.368351,0.474572,1,1
2394,60,0.346742,0.608896,0.432688,0.429871,0.522953,1,1
2364,60,0.248577,0.764353,0.402297,0.472654,0.526457,1,0
2362,60,0.341177,0.637316,0.439509,0.452606,0.519760,1,1
2395,60,0.300902,0.560098,0.479895,0.495961,0.539017,1,1
2382,60,0.336815,0.569472,0.489329,0.471322,0.572736,1,1
2388,60,0.372235,0.540873,0.478348,0.385084,0.550524,1,1
2379,60,0.188526,0.499817,0.508634,0.452509,0.487572,1,1
2361,60,0.230097,0.572725,0.493548,0.454651,0.534253,1,1
2363,60,0.246063,0.574131,0.435318,0.490189,0.484261,1,1
2365,60,0.314802,0.554550,0.390479,0.447892,0.576745,1,1
2385,60,0.303817,0.688966,0.442997,0.499438,0.437691,1,1
2374,60,0.272923,0.736544,0.428290,0.391452,0.419525,1,0
2389,60,0.290300,0.497138,0.467919,0.463407,0.519838,1,1
2371,60,0.284697,0.626629,0.353889,0.507577,0.576099,1,1
2413,61,0.249354,0.593793,0.376209,0.480706,0.378393,1,1
2412,61,0.224711,0.614272,0.512093,0.434976,0.530384,1,1
2432,61,0.273178,0.476300,0.472532,0.537569,0.494634,1,1
2426,61,0.367541,0.646007,0.452573,0.401212,0.509579,1,1
2436,61,0.346408,0.477679,0.420762,0.421169,0.489520,0,1
2422,61,0.355315,0.517840,0.420108,0.488493,0.400857,1,1
2420,61,0.274139,0.561577,0.445728,0.471470,0.517991,1,1
2409,61,0.291661,0.620098,0.472552,0.552976,0.499916,1,1
2405,61,0.239799,0.605227,0.436453,0.490726,0.484798,1,1
2439,61,0.280656,0.630617,0.627971,0.547066,0.449092,1,1
2423,61,0.420571,0.540545,0.458724,0.372416,0.434222,0,1
2411,61,0.275328,0.682527,0.537755,0.423407,0.504934,1,1
2404,61,0.238893,0.629964,0.506430,0.455903,0.492741,1,1
2429,61,0.340179,0.566827,0.375017,0.439254,0.494982,1,1
2430,61,0.342420,0.561297,0.531800,0.471061,0.457585,1,1
2416,61,0.365921,0.602625,0.487272,0.493817,0.492367,1,1
2406,61,0.335562,0.635372,0.518982,0.482272,0.472212,1,1
2428,61,0.400554,0.620336,0.374119,0.409706,0.464755,1,1
2407,61,0.269463,0.652671,0.470784,0.519801,0.528045,1,1
2414,61,0.378303,0.600168,0.384950,0.405222,0.489245,1,1
2434,61,0.333522,0.594601,0.447005,0.378458,0.539708,1,1
2403,61,0.303639,0.706982,0.462426,0.498046,0.477557,1,1
2419,61,0.193154,0.664515,0.383750,0.506480,0.567772,1,0
2400,61,0.160843,0.712916,0.417962,0.498894,0.556934,1,0
2408,61,0.383477,0.605847,0.431334,0.501046,0.573020,1,1
2402,61,0.229474,0.681311,0.406048,0.542373,0.460615,1,0
2438,61,0.408602,0.550301,0.462957,0.507927,0.578499,1,1
2437,61,0.355833,0.552550,0.441113,0.471035,0.451652,1,1
2410,61,0.277975,0.578967,0.409353,0.445595,0.530059,1,1
2435,61,0.278466,0.533411,0.456770,0.460105,0.634671,1,1
2401,61,0.193268,0.686825,0.493174,0.393417,0.536426,1,0
2417,61,0.241423,0.683093,0.476078,0.457391,0.590787,1,1
2418,61,0.199142,0.589764,0.503375,0.475056,0.512631,1,1
2424,61,0.333271,0.528993,0.385311,0.443894,0.574736,1,1
2431,61,0.323721,0.423656,0.367931,0.462047,0.484859,0,1
2421,61,0.452993,0.557919,0.422656,0.524450,0.463994,0,1
2427,61,0.425993,0.466836,0.440002,0.374924,0.538681,0,1
2425,61,0.356277,0.631079,0.414394,0.463383,0.529876,1,1
2433,61,0.440821,0.606002,0.426604,0.458500,0.440274,0,1
2415,61,0.270659,0.622759,0.335691,0.410091,0.475621,1,1
2457,62,0.310761,0.625901,0.452674,0.439885,0.473505,1,1
2474,62,0.313802,0.612882,0.402753,0.492202,0.532941,1,1
2471,62,0.344366,0.530877,0.334260,0.519777,0.421193,1,1
2458,62,0.346702,0.548204,0.458438,0.521142,0.480205,1,1
2456,62,0.431535,0.541208,0.459177,0.486030,0.457645,1,1
2479,62,0.238617,0.617227,0.432931,0.553921,0.496647,1,1
2440,62,0.262232,0.790674,0.453029,0.487880,0.483673,1,0
2478,62,0.246450,0.446367,0.472112,0.447331,0.502372,0,1
2444,62,0.275299,0.577246,0.455009,0.521057,0.423242,1,1
2453,62,0.316624,0.660930,0.479338,0.456239,0.538772,1,1
2459,62,0.315502,0.615963,0.393797,0.561021,0.474715,1,1
2451,62,0.321052,0.619565,0.443903,0.522669,0.550540,1,1
2454,62,0.394559,0.570228,0.387387,0.566193,0.455695,1,1
2449,62,0.285416,0.606927,0.477280,0.460644,0.515123,1,1
2445,62,0.307515,0.662160,0.497450,0.485093,0.552593,1,1
2469,62,0.360458,0.613196,0.402994,0.449484,0.567200,1,1
2446,62,0.339663,0.668539,0.478686,0.526069,0.469347,1,1
2473,62,0.325438,0.535790,0.472194,0.417489,0.464202,1,1
2443,62,0.302135,0.712965,0.409501,0.501330,0.451741,1,0
2460,62,0.409812,0.554728,0.378429,0.532835,0.594490,1,1
2466,62,0.325522,0.514610,0.416384,0.497715,0.478692,1,1
2468,62,0.315713,0.618100,0.497561,0.472744,0.547051,1,1
2462,62,0.350770,0.602283,0.461470,0.398555,0.465095,1,1
2461,62,0.371595,0.538540,0.362963,0.560485,0.480136,1,1
2464,62,0.341752,0.450636,0.485397,0.355410,0.506068,0,1
2441,62,0.291973,0.592643,0.558554,0.561030,0.562082,1,1
2476,62,0.343547,0.507044,0.444368,0.521625,0.513238,1,1
2470,62,0.351250,0.479152,0.482104,0.461124,0.445205,1,1
2455,62,0.276414,0.629706,0.519218,0.449400,0.548707,1,1
2452,62,0.283472,0.645777,0.423761,0.556657,0.414826,1,1
2463,62,0.308804,0.546090,0.462523,0.452111,0.483741,1,1
2447,62,0.364970,0.481935,0.463686,0.515109,0.566492,1,1
2475,62,0.364716,0.505674,0.421836,0.447296,0.444768,1,1
2448,62,0.307920,0.636439,0.420469,0.570254,0.484866,1,1
2467,62,0.364638,0.597525,0.472674,0.414817,0.481529,1,1
2472,62,0.272673,0.594491,0.459576,0.458887,0.515620,1,1
2465,62,0.498871,0.571464,0.514536,0.475456,0.459734,0,1
2450,62,0.171546,0.580967,0.485540,0.523716,0.557403,1,0
2442,62,0.345647,0.622722,0.530479,0.511287,0.653197,1,1
2477,62,0.364999,0.566241,0.438403,0.535698,0.526165,1,1
2498,63,0.310578,0.680560,0.471374,0.634779,0.475631,1,1
2509,63,0.433950,0.589000,0.424597,0.508266,0.503619,1,1
2505,63,0.354550,0.591139,0.516781,0.585257,0.498090,1,1
2497,63,0.340461,0.626927,0.415153,0.483583,0.539827,1,1
2500,63,0.289192,0.511810,0.442918,0.596179,0.512772,1,1
2490,63,0.262341,0.622467,0.384465,0.509671,0.503398,1,1
2483,63,0.426186,0.549172,0.530681,0.512314,0.534514,1,1
2512,63,0.287786,0.599165,0.474369,0.462960,0.438762,1,1
2519,63,0.275676,0.665974,0.481589,0.438892,0.527318,1,1
2496,63,0.323538,0.663799,0.476861,0.498924,0.559754,1,1
2485,63,0.274702,0.627250,0.414912,0.527061,0.518619,1,1
2513,63,0.344812,0.524527,0.491915,0.364740,0.545635,1,1
2514,63,0.341043,0.528810,0.345501,0.514632,0.467606,1,1
2502,63,0.319270,0.597821,0.398367,0.487829,0.522019,1,1
2491,63,0.366595,0.705469,0.560017,0.477430,0.486997,1,1
2482,63,0.306597,0.559377,0.493620,0.556074,0.530405,1,1
2507,63,0.380162,0.509375,0.322367,0.474500,0.572243,1,1
2501,63,0.317128,0.617025,0.413812,0.422157,0.563226,1,1
2515,63,0.284864,0.574323,0.509096,0.413823,0.520151,1,1
2504,63,0.329839,0.576748,0.529911,0.513490,0.430951,1,1
2508,63,0.330892,0.629939,0.440145,0.413509,0.585209,1,1
2489,63,0.294910,0.612740,0.515987,0.403615,0.587281,1,1
2499,63,0.310134,0.610434,0.434765,0.501542,0.546916,1,1
2510,63,0.289213,0.542100,0.394207,0.447578,0.522704,1,1
2488,63,0.327065,0.674415,0.504546,0.517381,0.523761,1,1
2486,63,0.340414,0.687288,0.488936,0.554946,0.554129,1,1
2487,63,0.394861,0.561441,0.521888,0.494193,0.583036,1,1
2493,63,0.418414,0.573143,0.555167,0.395296,0.540901,1,1
2494,63,0.319700,0.729531,0.480966,0.514146,0.546854,1,0
2511,63,0.261263,0.522321,0.540956,0.483421,0.463359,1,1
2506,63,0.420878,0.489460,0.496622,0.522282,0.545036,1,1
2484,63,0.387255,0.633825,0.411212,0.537643,0.505683,1,1
2517,63,0.332401,0.559574,0.458751,0.513547,0.503292,1,1
2503,63,0.407787,0.512755,0.415414,0.384475,0.493346,1,1
2481,63,0.281076,0.635378,0.474619,0.538568,0.618411,1,1
2518,63,0.385714,0.534846,0.484053,0.452735,0.477378,1,1
2492,63,0.376040,0.613974,0.517322,0.573794,0.586760,1,1
2516,63,0.271945,0.584533,0.378532,0.498160,0.467710,1,1
2480,63,0.253983,0.668135,0.635832,0.536386,0.553772,1,1
2495,63,0.435254,0.654820,0.511695,0.409948,0.556346,1,1
2522,64,0.318433,0.746439,0.423918,0.494933,0.562952,1,0
2554,64,0.349947,0.554073,0.470142,0.536977,0.410888,1,1
2550,64,0.349706,0.578831,0.482873,0.432808,0.479194,1,1
2530,64,0.271524,0.675743,0.507763,0.538565,0.598632,1,1
2559,64,0.285643,0.546629,0.451501,0.452313,0.556845,1,1
2529,64,0.372628,0.585931,0.491319,0.467799,0.543639,1,1
2520,64,0.345813,0.630615,0.402665,0.508947,0.595902,1,1
2532,64,0.308561,0.656880,0.494776,0.486541,0.499523,1,1
2531,64,0.368729,0.523559,0.476673,0.500618,0.548462,1,1
2542,64,0.262207,0.598345,0.416257,0.482349,0.527395,1,1
2534,64,0.329930,0.616351,0.545278,0.581974,0.569229,1,1
2551,64,0.412628,0.486922,0.461146,0.382328,0.535453,1,1
2548,64,0.346699,0.598238,0.481462,0.406141,0.571049,1,1
2539,64,0.341763,0.625335,0.553388,0.595634,0.479175,1,1
2523,64,0.399365,0.656899,0.586398,0.562147,0.544821,1,1
2546,64,0.351381,0.504401,0.497955,0.487273,0.427402,1,1
2541,64,0.361647,0.490874,0.458756,0.451289,0.469460,1,1
2545,64,0.486808,0.611126,0.432663,0.525661,0.555769,1,1
2536,64,0.298164,0.600836,0.469040,0.593343,0.569576,1,1
2540,64,0.308553,0.515168,0.474419,0.438166,0.563285,1,1
2535,64,0.246808,0.681973,0.332060,0.524846,0.560096,1,0
2537,64,0.335493,0.635536,0.422819,0.536963,0.560023,1,1
2547,64,0.341234,0.585129,0.488003,0.526835,0.566467,1,1
2525,64,0.336417,0.545783,0.481506,0.530485,0.530186,1,1
2524,64,0.487747,0.647064,0.534103,0.522379,0.559393,1,0
2521,64,0.308976,0.665236,0.519244,0.550740,0.637353,1,1
2533,64,0.425744,0.601493,0.505025,0.518004,0.514599,1,1
2544,64,0.268170,0.536252,0.423505,0.502326,0.399225,1,1
2552,64,0.321694,0.537492,0.406361,0.503946,0.466582,1,1
2558,64,0.317978,0.580312,0.566624,0.448434,0.529578,1,1
2556,64,0.231885,0.557385,0.457496,0.591929,0.488979,1,1
2527,64,0.285784,0.627833,0.454712,0.663081,0.636087,1,1
2543,64,0.348901,0.551284,0.415639,0.566913,0.505836,1,1
2526,64,0.371991,0.549164,0.516711,0.486047,0.530419,1,1
2538,64,0.267669,0.659978,0.493861,0.529666,0.499738,1,1
2549,64,0.311679,0.648832,0.505057,0.489265,0.529431,1,1
2553,64,0.399759,0.489111,0.379571,0.441585,0.566159,1,1
2528,64,0.303131,0.587031,0.550897,0.430190,0.609193,1,1
2555,64,0.313263,0.560579,0.517595,0.434546,0.537442,1,1
2557,64,0.318577,0.527808,0.459315,0.406419,0.423731,1,1
2594,65,0.321756,0.611029,0.452615,0.526080,0.508097,1,1
2560,65,0.278757,0.662193,0.471411,0.519028,0.486125,1,1
2576,65,0.367103,0.689130,0.496799,0.564117,0.583131,1,1
2575,65,0.340487,0.627539,0.478818,0.483501,0.562061,1,1
2587,65,0.361479,0.617103,0.476009,0.522185,0.521407,1,1
2564,65,0.368598,0.533829,0.392109,0.579243,0.550528,1,1
2580,65,0.324835,0.563731,0.428987,0.532260,0.531900,1,1
2565,65,0.374668,0.633761,0.517333,0.529595,0.562813,1,1
2583,65,0.310505,0.591489,0.499846,0.407522,0.489352,1,1
2590,65,0.362989,0.536481,0.452272,0.399926,0.509322,1,1
2563,65,0.320422,0.631446,0.475073,0.561028,0.560946,1,1
2581,65,0.415066,0.484212,0.451146,0.530500,0.497844,1,1
2573,65,0.312010,0.605347,0.506945,0.566898,0.548020,1,1
2577,65,0.448167,0.511512,0.435145,0.559959,0.585131,1,1
2596,65,0.351475,0.509474,0.493291,0.498392,0.529286,1,1
2568,65,0.275561,0.640943,0.498539,0.533811,0.587797,1,1
2578,65,0.400918,0.657197,0.527879,0.501181,0.507568,1,1
2571,65,0.441399,0.706544,0.528542,0.520499,0.601482,1,0
2585,65,0.305679,0.499578,0.430785,0.489976,0.498871,1,1
2586,65,0.381896,0.508602,0.370063,0.448506,0.389236,1,1
2570,65,0.358633,0.595661,0.512116,0.467491,0.534759,1,1
2592,65,0.461659,0.607544,0.512602,0.506774,0.511004,1,1
2598,65,0.431116,0.625148,0.448728,0.505754,0.441236,1,1
2567,65,0.401466,0.639576,0.468646,0.562364,0.560064,1,1
2569,65,0.326533,0.656394,0.508778,0.575693,0.543658,1,1
2572,65,0.427908,0.697359,0.466962,0.545350,0.503118,1,0
2579,65,0.340489,0.538703,0.453963,0.545307,0.642441,1,1
2582,65,0.304393,0.572501,0.484140,0.435484,0.507250,1,1
2562,65,0.429901,0.700724,0.529609,0.470087,0.414605,1,0
2595,65,0.325841,0.637861,0.479792,0.424537,0.590707,1,1
2589,65,0.417530,0.542492,0.492627,0.491568,0.415538,1,1
2566,65,0.393043,0.565614,0.448070,0.596452,0.538795,1,1
2574,65,0.346688,0.612462,0.545901,0.495773,0.579975,1,1
2593,65,0.375979,0.574175,0.392079,0.548519,0.582127,1,1
2588,65,0.415136,0.551997,0.399790,0.521564,0.555278,1,1
2591,65,0.390964,0.559958,0.443798,0.433166,0.451960,1,1
2561,65,0.345738,0.661176,0.471726,0.548099,0.556338,1,1
2584,65,0.382220,0.497377,0.416577,0.440259,0.517562,1,1
2597,65,0.348928,0.686900,0.479818,0.474683,0.527479,1,1
2599,65,0.238483,0.458440,0.493043,0.471647,0.460599,0,1
2639,66,0.398033,0.627117,0.533493,0.545394,0.546888,1,1
2610,66,0.340212,0.583846,0.495742,0.441227,0.561054,1,1
2635,66,0.332441,0.570794,0.464356,0.472028,0.601402,1,1
2609,66,0.272590,0.593280,0.466566,0.515721,0.456422,1,1
2611,66,0.346847,0.617461,0.479143,0.548599,0.520623,1,1
2637,66,0.308633,0.642554,0.508434,0.575468,0.482380,1,1
2620,66,0.385415,0.574252,0.476050,0.415721,0.457087,1,1
2608,66,0.335914,0.670907,0.479316,0.472011,0.568755,1,1
2634,66,0.333777,0.590565,0.401711,0.412955,0.495738,1,1
2616,66,0.296153,0.604131,0.463091,0.477929,0.432884,1,1
2607,66,0.384795,0.688599,0.545469,0.594290,0.531212,1,1
2626,66,0.365734,0.623129,0.436534,0.512027,0.483328,1,1
2618,66,0.341932,0.669267,0.526296,0.484471,0.500161,1,1
2627,66,0.376240,0.581801,0.438916,0.557009,0.602073,1,1
2600,66,0.417233,0.616110,0.462166,0.450907,0.543587,1,1
2638,66,0.376321,0.607138,0.483326,0.441665,0.551897,1,1
2630,66,0.372086,0.525153,0.406032,0.460432,0.518832,1,1
2623,66,0.368222,0.586282,0.419362,0.426933,0.521993,1,1
2629,66,0.436346,0.551230,0.467213,0.529894,0.397645,1,1
2624,66,0.469949,0.556661,0.492815,0.503019,0.595494,1,1
2606,66,0.362625,0.595076,0.532892,0.524264,0.599819,1,1
2622,66,0.350919,0.531299,0.315545,0.461545,0.534334,1,1
2631,66,0.373581,0.558992,0.524634,0.484018,0.485776,1,1
2613,66,0.346849,0.635628,0.461667,0.514578,0.576744,1,1
2614,66,0.455221,0.593814,0.467664,0.589998,0.546051,1,1
2612,66,0.408682,0.648185,0.565564,0.578344,0.614997,1,1
2602,66,0.393833,0.653560,0.516244,0.598091,0.473539,1,1
2619,66,0.388952,0.627356,0.464584,0.518192,0.589459,1,1
2625,66,0.246258,0.539534,0.533268,0.482853,0.544312,0,1
2605,66,0.385392,0.589824,0.489035,0.593559,0.539988,1,1
2615,66,0.362093,0.586984,0.497048,0.506693,0.492732,1,1
2636,66,0.366650,0.530295,0.407474,0.466793,0.531773,1,1
2633,66,0.329534,0.557640,0.483325,0.519356,0.559216,1,1
2621,66,0.369154,0.509729,0.461719,0.432932,0.492393,1,1
2603,66,0.337659,0.664134,0.678607,0.521157,0.630327,1,1
2604,66,0.428607,0.630856,0.517604,0.547280,0.616300,1,1
2601,66,0.509861,0.652961,0.567651,0.549001,0.552056,1,0
2628,66,0.316139,0.589726,0.486139,0.505179,0.592854,1,1
2632,66,0.293720,0.527644,0.378303,0.522691,0.459435,1,1
2617,66,0.346334,0.607505,0.479131,0.532887,0.544930,1,1
2647,67,-0.826728,-0.023374,-0.463844,-0.362920,-0.303976,1,1
2652,67,-0.873097,-0.037458,-0.414427,-0.454244,-0.378095,1,1
2653,67,-0.809144,-0.052741,-0.476140,-0.402162,-0.314260,1,1
2663,67,-0.802889,-0.122744,-0.479030,-0.417648,-0.411242,1,1
2654,67,-0.828635,0.001872,-0.404484,-0.341435,-0.396897,1,1
2644,67,-0.831231,0.007991,-0.351603,-0.439280,-0.265691,1,1
2659,67,-0.831071,-0.045124,-0.437505,-0.358030,-0.354072,1,1
2655,67,-0.801960,-0.018046,-0.477372,-0.438331,-0.358644,1,1
2679,67,-0.894338,-0.074375,-0.427024,-0.419776,-0.385715,1,1
2650,67,-0.696772,-0.072486,-0.412143,-0.355218,-0.377013,1,1
2669,67,-0.863795,-0.179222,-0.521104,-0.392423,-0.454395,0,1
2677,67,-0.773690,-0.136345,-0.413553,-0.384966,-0.278612,1,1
2657,67,-0.875166,-0.090463,-0.445381,-0.342847,-0.385991,1,1
2656,67,-0.834548,0.025091,-0.365956,-0.402069,-0.464465,1,1
2668,67,-0.710779,-0.177342,-0.513092,-0.395203,-0.450938,0,1
2675,67,-0.829163,-0.094487,-0.462742,-0.484938,-0.476532,1,1
2662,67,-0.776638,-0.077973,-0.456351,-0.455147,-0.406925,1,1
2649,67,-0.754811,-0.027984,-0.393949,-0.399910,-0.467933,1,1
2670,67,-0.701119,-0.107388,-0.445621,-0.465418,-0.370366,1,1
2678,67,-0.808167,-0.046036,-0.465514,-0.329876,-0.373931,1,1
2661,67,-0.693830,-0.198882,-0.457069,-0.409330,-0.465385,0,1
2667,67,-0.911236,-0.107100,-0.478812,-0.409606,-0.448843,1,1
2671,67,-0.735646,-0.139646,-0.483085,-0.435616,-0.398988,1,1
2665,67,-0.803655,-0.008810,-0.381322,-0.428965,-0.327819,1,1
2673,67,-0.732269,-0.030630,-0.455687,-0.368290,-0.378956,1,1
2643,67,-0.945700,0.016409,-0.285098,-0.342644,-0.316706,1,0
2658,67,-0.778927,-0.049017,-0.435442,-0.406861,-0.474278,1,1
2666,67,-0.848979,-0.122665,-0.529366,-0.438248,-0.380614,1,1
2664,67,-0.792996,-0.036633,-0.411320,-0.391950,-0.358025,1,1
2645,67,-0.826132,0.028741,-0.425457,-0.414407,-0.400834,1,1
2660,67,-0.788803,-0.152671,-0.410622,-0.461347,-0.389248,1,1
2676,67,-0.858446,-0.077035,-0.423025,-0.482054,-0.362091,1,1
2674,67,-0.809222,-0.148659,-0.519537,-0.404602,-0.368416,1,1
2651,67,-0.855785,-0.089418,-0.441724,-0.453356,-0.339863,1,1
2648,67,-0.702321,-0.078403,-0.471100,-0.405618,-0.256762,1,1
2672,67,-0.840612,-0.067605,-0.424039,-0.490680,-0.394618,1,1
2640,67,-0.836051,-0.032381,-0.468032,-0.275394,-0.296921,1,1
2642,67,-0.836707,-0.050257,-0.365491,-0.393665,-0.376476,1,1
2641,67,-0.818530,-0.016584,-0.394864,-0.452446,-0.378373,1,1
2646,67,-0.830162,-0.099391,-0.373413,-0.306219,-0.386226,1,1
2693,68,-0.677594,-0.013889,-0.341753,-0.348133,-0.276732,1,1
2686,68,-0.762293,-0.089076,-0.345669,-0.434909,-0.347050,1,1
2708,68,-0.792828,-0.066314,-0.447854,-0.340724,-0.407199,1,1
2684,68,-0.766056,-0.049197,-0.382921,-0.363812,-0.319596,1,1
2682,68,-0.854577,-0.018909,-0.364019,-0.403741,-0.448834,1,1
2710,68,-0.840745,-0.059207,-0.424075,-0.416466,-0.418565,1,1
2703,68,-0.657108,-0.131979,-0.388226,-0.418759,-0.363406,0,1
2714,68,-0.855474,-0.106074,-0.420852,-0.390457,-0.437922,1,1
2715,68,-0.742533,-0.084067,-0.414865,-0.379370,-0.356903,1,1
2694,68,-0.840133,0.015820,-0.402848,-0.329344,-0.435119,1,1
2712,68,-0.704601,-0.127330,-0.426489,-0.452449,-0.420172,1,1
2702,68,-0.740361,-0.074306,-0.459560,-0.403445,-0.295542,1,1
2692,68,-0.903549,-0.003036,-0.388078,-0.375321,-0.360405,1,0
2683,68,-0.846870,-0.005256,-0.416034,-0.445201,-0.422265,1,1
2705,68,-0.784160,-0.118084,-0.457645,-0.405414,-0.401260,1,1
2681,68,-0.799201,-0.006099,-0.426094,-0.422745,-0.393391,1,1
2699,68,-0.840190,-0.013415,-0.379752,-0.333500,-0.351539,1,1
2711,68,-0.829661,-0.172560,-0.495151,-0.427315,-0.399120,0,1
2685,68,-0.686349,-0.016629,-0.428215,-0.402228,-0.430927,1,1
2706,68,-0.873632,-0.110147,-0.479937,-0.366334,-0.353457,1,1
2718,68,-0.866078,-0.005057,-0.408166,-0.463148,-0.411980,1,1
2700,68,-0.807255,-0.087993,-0.539227,-0.453970,-0.374759,1,1
2680,68,-0.788276,0.024535,-0.457052,-0.418612,-0.373416,1,1
2704,68,-0.761506,-0.017763,-0.400005,-0.407471,-0.337083,1,1
2716,68,-0.752870,-0.085901,-0.360617,-0.306014,-0.256645,1,1
2701,68,-0.778712,-0.042853,-0.435854,-0.380326,-0.379250,1,1
2695,68,-0.812293,0.002060,-0.426900,-0.416446,-0.346625,1,1
2717,68,-0.741549,-0.045496,-0.506232,-0.469405,-0.378535,1,1
2698,68,-0.736620,0.059066,-0.395428,-0.305297,-0.419914,1,0
2713,68,-0.746154,-0.113359,-0.345399,-0.473236,-0.380340,1,1
2707,68,-0.753810,-0.056522,-0.424714,-0.332439,-0.359463,1,1
2697,68,-0.761971,-0.063365,-0.464664,-0.416005,-0.341226,1,1
2719,68,-0.753819,-0.006530,-0.457401,-0.398922,-0.400461,1,1
2687,68,-0.845197,-0.086109,-0.466400,-0.387898,-0.337388,1,1
2709,68,-0.765098,-0.125484,-0.389736,-0.509722,-0.373258,1,1
2690,68,-0.790223,-0.007305,-0.413343,-0.426610,-0.408263,1,1
2689,68,-0.819750,-0.020485,-0.488009,-0.395752,-0.349678,1,1
2688,68,-0.808758,-0.046528,-0.383795,-0.407673,-0.433335,1,1
2691,68,-0.857002,0.057748,-0.477198,-0.429734,-0.216709,1,0
2696,68,-0.855542,0.046142,-0.317065,-0.428315,-0.294244,1,0
2728,69,-0.755302,-0.080399,-0.396186,-0.356042,-0.276827,1,1
2732,69,-0.782017,-0.106241,-0.392158,-0.379229,-0.322216,1,1
2741,69,-0.722852,-0.096657,-0.419714,-0.443351,-0.307446,1,1
2725,69,-0.778560,-0.012610,-0.456377,-0.296731,-0.302203,1,1
2754,69,-0.686787,-0.157460,-0.388155,-0.386758,-0.314593,0,1
2723,69,-0.838886,-0.019365,-0.530439,-0.344226,-0.306430,1,1
2733,69,-0.787962,-0.063725,-0.408660,-0.256163,-0.341504,1,1
2745,69,-0.806576,-0.083327,-0.459026,-0.395936,-0.502013,1,1
2724,69,-0.763361,0.036167,-0.391612,-0.387253,-0.314348,1,1
2729,69,-0.780226,-0.111818,-0.394562,-0.375110,-0.294493,1,1
2727,69,-0.820848,-0.100202,-0.468956,-0.298022,-0.397319,1,1
2739,69,-0.863643,0.019258,-0.382102,-0.342740,-0.405028,1,1
2749,69,-0.762878,-0.008673,-0.388318,-0.396356,-0.385037,1,1
2720,69,-0.805266,0.084833,-0.417488,-0.339616,-0.378499,1,0
2743,69,-0.767372,-0.040726,-0.370487,-0.283302,-0.364022,1,1
2734,69,-0.768226,-0.037635,-0.429344,-0.478382,-0.318989,1,1
2758,69,-0.676167,-0.063937,-0.471405,-0.424128,-0.355394,1,1
2737,69,-0.745155,0.051016,-0.437041,-0.469435,-0.310984,1,1
2730,69,-0.817069,0.078687,-0.423395,-0.470524,-0.239795,1,0
2738,69,-0.817971,-0.062558,-0.332235,-0.360749,-0.423350,1,1
2726,69,-0.822694,-0.138155,-0.425256,-0.333830,-0.331207,1,1
2735,69,-0.786573,-0.023478,-0.341808,-0.322830,-0.342623,1,1
2756,69,-0.721686,-0.026090,-0.354853,-0.307938,-0.337610,1,1
2740,69,-0.817407,-0.054195,-0.313612,-0.470355,-0.443802,1,1
2744,69,-0.778716,-0.050663,-0.394718,-0.366584,-0.286528,1,1
2746,69,-0.700239,-0.101911,-0.420585,-0.412388,-0.396921,1,1
2759,69,-0.740106,-0.082079,-0.472373,-0.400400,-0.347021,1,1
2736,69,-0.810487,0.003497,-0.396033,-0.432356,-0.308543,1,1
2753,69,-0.755417,-0.004645,-0.424192,-0.392480,-0.288425,1,1
2731,69,-0.797807,-0.005881,-0.350288,-0.442014,-0.350620,1,1
2721,69,-0.726244,-0.018374,-0.360668,-0.344143,-0.344633,1,1
2751,69,-0.689795,-0.158365,-0.501927,-0.389485,-0.316825,0,1
2750,69,-0.729491,-0.126840,-0.402360,-0.446554,-0.375217,1,1
2755,69,-0.796220,-0.104851,-0.473116,-0.393391,-0.303772,1,1
2752,69,-0.774788,-0.032424,-0.477420,-0.358697,-0.352389,1,1
2742,69,-0.751922,-0.107573,-0.401642,-0.344278,-0.343942,1,1
2722,69,-0.806654,0.015043,-0.375815,-0.344297,-0.405119,1,1
2748,69,-0.775989,-0.114655,-0.325771,-0.430502,-0.373600,1,1
2757,69,-0.637763,-0.085553,-0.379776,-0.394140,-0.341624,0,1
2747,69,-0.738936,-0.140004,-0.387128,-0.316420,-0.415293,1,1
2774,70,-0.741187,0.025057,-0.438547,-0.358668,-0.309455,1,1
2795,70,-0.794370,-0.090677,-0.432976,-0.355009,-0.401622,1,1
2778,70,-0.689700,-0.014075,-0.489298,-0.333604,-0.242022,1,1
2791,70,-0.772504,-0.081043,-0.450195,-0.387126,-0.364334,1,1
2781,70,-0.634491,-0.032845,-0.352547,-0.393830,-0.371376,1,1
2773,70,-0.767199,-0.007121,-0.410766,-0.293973,-0.205410,1,1
2786,70,-0.789173,-0.035686,-0.368823,-0.422247,-0.350631,1,1
2788,70,-0.721491,-0.008209,-0.486351,-0.364496,-0.434303,1,1
2784,70,-0.731502,-0.078772,-0.318440,-0.355084,-0.353897,1,1
2766,70,-0.721744,0.059418,-0.390538,-0.379177,-0.372338,1,1
2775,70,-0.689228,0.008483,-0.439644,-0.389025,-0.317800,1,1
2777,70,-0.859216,-0.024060,-0.339752,-0.368849,-0.379163,1,1
2776,70,-0.680274,0.045460,-0.424507,-0.367469,-0.368707,1,1
2779,70,-0.738635,0.003736,-0.348392,-0.352441,-0.371422,1,1
2770,70,-0.845324,0.054552,-0.348627,-0.365663,-0.423353,1,0
2794,70,-0.740883,-0.115657,-0.448003,-0.432008,-0.419649,1,1
2764,70,-0.790160,-0.047315,-0.386978,-0.426389,-0.284291,1,1
2780,70,-0.827282,-0.138223,-0.403446,-0.262045,-0.356244,1,1
2787,70,-0.710247,-0.063272,-0.414009,-0.409993,-0.317023,1,1
2769,70,-0.744089,0.035066,-0.301778,-0.456361,-0.421332,1,1
2760,70,-0.827468,0.003054,-0.384592,-0.356610,-0.307250,1,1
2783,70,-0.715670,-0.051845,-0.337377,-0.315356,-0.330714,1,1
2798,70,-0.740929,-0.039259,-0.419173,-0.411248,-0.361301,1,1
2790,70,-0.821282,-0.071112,-0.355306,-0.494098,-0.278678,1,1
2767,70,-0.741533,0.040011,-0.290973,-0.329392,-0.229876,1,1
2771,70,-0.786932,0.024315,-0.389469,-0.423525,-0.316803,1,1
2768,70,-0.676133,0.041363,-0.410225,-0.398218,-0.286891,1,1
2765,70,-0.736136,0.042725,-0.385144,-0.292506,-0.304128,1,1
2761,70,-0.775308,0.048921,-0.365976,-0.460431,-0.394411,1,1
2799,70,-0.769080,-0.199496,-0.503171,-0.385732,-0.359996,0,1
2789,70,-0.710723,-0.098151,-0.431379,-0.303304,-0.345845,1,1
2782,70,-0.792857,-0.109431,-0.440184,-0.407684,-0.305951,1,1
2772,70,-0.648092,0.028630,-0.463073,-0.326259,-0.372809,1,1
2797,70,-0.795553,-0.037346,-0.471085,-0.443325,-0.382565,1,1
2792,70,-0.697728,-0.103912,-0.355006,-0.333864,-0.327076,1,1
2796,70,-0.714259,-0.065778,-0.422437,-0.341202,-0.382325,1,1
2785,70,-0.754781,-0.117264,-0.428411,-0.348800,-0.321268,1,1
2793,70,-0.741440,-0.133196,-0.479772,-0.483193,-0.288176,1,1
2762,70,-0.743009,-0.028248,-0.445014,-0.302423,-0.301538,1,1
2763,70,-0.654007,0.035867,-0.323501,-0.319281,-0.209451,1,0
2819,71,-0.827067,0.000439,-0.314671,-0.272037,-0.232266,1,1
2810,71,-0.727393,-0.049824,-0.401605,-0.332314,-0.383583,1,1
2818,71,-0.683346,-0.071613,-0.335328,-0.353713,-0.363415,1,1
2825,71,-0.722302,-0.142210,-0.435395,-0.377595,-0.315193,1,1
2824,71,-0.716546,-0.141136,-0.420450,-0.402799,-0.395827,1,1
2812,71,-0.706313,-0.078393,-0.367941,-0.329291,-0.291129,1,1
2817,71,-0.716017,-0.032469,-0.363759,-0.295653,-0.250265,1,1
2803,71,-0.669797,0.080953,-0.371247,-0.408496,-0.231010,1,0
2829,71,-0.789753,-0.165447,-0.365888,-0.427709,-0.326573,0,1
2801,71,-0.701058,0.031044,-0.331842,-0.328027,-0.299749,1,1
2802,71,-0.729839,-0.078576,-0.345681,-0.267766,-0.347217,1,1
2828,71,-0.642286,-0.108414,-0.372503,-0.355180,-0.369131,1,1
2816,71,-0.705816,-0.008609,-0.392053,-0.286753,-0.390075,1,1
2815,71,-0.796008,-0.049942,-0.365647,-0.311987,-0.296346,1,1
2808,71,-0.727797,0.027198,-0.341044,-0.352433,-0.334768,1,1
2839,71,-0.779728,-0.090337,-0.470310,-0.406233,-0.375390,1,1
2827,71,-0.719277,-0.056244,-0.405872,-0.317764,-0.445971,1,1
2835,71,-0.689149,-0.176836,-0.361176,-0.311609,-0.328136,0,1
2813,71,-0.688612,-0.001700,-0.357738,-0.287319,-0.322770,1,1
2831,71,-0.742852,-0.085578,-0.395500,-0.359756,-0.283086,1,1
2800,71,-0.677309,0.045668,-0.376601,-0.413766,-0.344836,1,1
2830,71,-0.694022,-0.072090,-0.435481,-0.419138,-0.304574,1,1
2809,71,-0.706845,-0.029499,-0.358774,-0.342317,-0.271493,1,1
2834,71,-0.810307,0.000251,-0.348634,-0.492449,-0.380731,1,1
2832,71,-0.709273,-0.021817,-0.392563,-0.250055,-0.426863,1,1
2806,71,-0.690059,-0.016256,-0.271897,-0.323650,-0.305530,1,1
2833,71,-0.696042,-0.021274,-0.421611,-0.354264,-0.293441,1,1
2807,71,-0.682506,0.039232,-0.223278,-0.336007,-0.468533,1,1
2837,71,-0.791855,-0.129478,-0.451323,-0.367404,-0.272042,1,1
2821,71,-0.675246,-0.097573,-0.410761,-0.277424,-0.370809,1,1
2804,71,-0.748178,-0.001781,-0.425030,-0.308029,-0.318522,1,1
2811,71,-0.742519,-0.077059,-0.340762,-0.305173,-0.235512,1,1
2823,71,-0.820015,-0.055051,-0.410312,-0.287471,-0.312559,1,1
2822,71,-0.730375,-0.107634,-0.343521,-0.354000,-0.417055,1,1
2838,71,-0.752799,-0.055723,-0.351972,-0.298084,-0.344091,1,1
2814,71,-0.730967,-0.049671,-0.310364,-0.327283,-0.320464,1,1
2805,71,-0.716407,-0.017878,-0.344611,-0.370781,-0.326925,1,1
2826,71,-0.731577,-0.079070,-0.431432,-0.343900,-0.487074,1,1
2820,71,-0.731888,-0.007679,-0.427637,-0.299032,-0.328960,1,1
2836,71,-0.748744,0.012102,-0.463490,-0.460427,-0.318162,1,1
2854,72,-0.651367,-0.024968,-0.403354,-0.299564,-0.285086,1,1
2860,72,-0.712554,-0.008300,-0.379777,-0.345120,-0.327736,1,1
2864,72,-0.725427,-0.070589,-0.453039,-0.465126,-0.346064,1,1
2865,72,-0.677121,-0.082726,-0.372927,-0.392982,-0.303451,1,1
2849,72,-0.654320,-0.025834,-0.238784,-0.410616,-0.279363,1,1
2853,72,-0.785149,0.074613,-0.426795,-0.365430,-0.326311,1,0
2852,72,-0.771814,-0.012644,-0.332726,-0.294862,-0.300440,1,1
2845,72,-0.727851,0.029471,-0.389763,-0.397340,-0.247365,1,1
2840,72,-0.796107,0.008859,-0.300816,-0.415022,-0.414902,1,1
2847,72,-0.613204,0.013159,-0.398425,-0.351967,-0.349313,1,1
2855,72,-0.630489,0.052883,-0.369564,-0.408984,-0.321531,1,1
2856,72,-0.668839,-0.092786,-0.339269,-0.296067,-0.316142,1,1
2879,72,-0.659393,-0.048462,-0.414777,-0.336873,-0.271308,1,1
2861,72,-0.579556,-0.066170,-0.350510,-0.328953,-0.419923,1,1
2844,72,-0.771902,-0.069707,-0.333859,-0.330183,-0.307918,1,1
2876,72,-0.743197,-0.117490,-0.437537,-0.336256,-0.302505,1,1
2859,72,-0.701820,-0.017292,-0.425287,-0.291065,-0.291610,1,1
2843,72,-0.704482,-0.081409,-0.289383,-0.342513,-0.338908,1,1
2858,72,-0.654692,-0.014394,-0.390345,-0.403555,-0.268775,1,1
2866,72,-0.705406,-0.015172,-0.336297,-0.367380,-0.344521,1,1
2869,72,-0.644163,-0.064106,-0.375454,-0.362486,-0.314210,1,1
2871,72,-0.679625,-0.013390,-0.331437,-0.337417,-0.282592,1,1
2857,72,-0.711418,0.005019,-0.354989,-0.308611,-0.284768,1,1
2846,72,-0.658327,0.082664,-0.362677,-0.326447,-0.359325,1,0
2873,72,-0.753477,0.008904,-0.322844,-0.378280,-0.304608,1,1
2848,72,-0.721019,-0.060401,-0.433036,-0.334841,-0.291498,1,1
2872,72,-0.657748,-0.037206,-0.365893,-0.343054,-0.337213,1,1
2878,72,-0.668750,-0.098036,-0.369290,-0.401823,-0.329650,1,1
2863,72,-0.589860,-0.073651,-0.415918,-0.335608,-0.298340,1,1
2851,72,-0.622582,-0.019829,-0.306029,-0.371259,-0.240381,1,1
2868,72,-0.615267,-0.061376,-0.283540,-0.403112,-0.285441,1,1
2877,72,-0.718235,-0.077075,-0.442861,-0.340013,-0.275613,1,1
2867,72,-0.737547,-0.037563,-0.330256,-0.396091,-0.296043,1,1
2870,72,-0.707688,-0.070702,-0.420325,-0.451082,-0.387935,1,1
2841,72,-0.747990,-0.027072,-0.350432,-0.368430,-0.260893,1,1
2875,72,-0.655494,-0.035957,-0.324814,-0.445015,-0.305795,1,1
2842,72,-0.778706,-0.006338,-0.379546,-0.384353,-0.261930,1,1
2850,72,-0.764401,-0.032973,-0.314694,-0.282888,-0.387417,1,1
2862,72,-0.757460,-0.018222,-0.412181,-0.423275,-0.346142,1,1
2874,72,-0.738981,-0.146563,-0.397524,-0.420585,-0.369471,1,1
2917,73,-0.675938,-0.163853,-0.319816,-0.317622,-0.415442,0,1
2905,73,-0.647350,-0.097170,-0.333952,-0.386112,-0.372122,1,1
2892,73,-0.650687,-0.037471,-0.320752,-0.292772,-0.234730,1,1
2882,73,-0.749852,-0.035277,-0.413215,-0.320827,-0.379101,1,1
2906,73,-0.701364,-0.055401,-0.394411,-0.357208,-0.365706,1,1
2888,73,-0.592871,-0.032671,-0.433444,-0.424900,-0.257858,1,1
2904,73,-0.696435,-0.137587,-0.455002,-0.325750,-0.304406,1,1
2907,73,-0.630072,-0.109605,-0.373059,-0.330635,-0.270347,1,1
2898,73,-0.529045,0.091584,-0.295288,-0.342581,-0.363874,1,0
2891,73,-0.779697,0.038485,-0.388155,-0.426488,-0.320997,1,0
2889,73,-0.765418,-0.059130,-0.279796,-0.404195,-0.311899,1,1
2893,73,-0.665995,0.040215,-0.315047,-0.242900,-0.217142,1,1
2896,73,-0.626371,0.047122,-0.269982,-0.412873,-0.205086,1,1
2918,73,-0.708459,-0.020718,-0.417180,-0.313459,-0.389006,1,1
2912,73,-0.606418,-0.040472,-0.484416,-0.375025,-0.306599,1,1
2894,73,-0.694641,-0.032706,-0.479721,-0.254239,-0.230297,1,1
2895,73,-0.761322,-0.009996,-0.418012,-0.385692,-0.205513,1,1
2897,73,-0.726221,0.073172,-0.348462,-0.231822,-0.241794,1,0
2901,73,-0.598688,-0.030511,-0.370228,-0.385022,-0.295241,1,1
2881,73,-0.559280,0.076235,-0.327767,-0.310160,-0.273090,1,0
2908,73,-0.692089,-0.036569,-0.493443,-0.356279,-0.203152,1,1
2883,73,-0.644857,-0.032022,-0.265865,-0.368044,-0.289802,1,1
2919,73,-0.700003,-0.138594,-0.469986,-0.395989,-0.382933,1,1
2902,73,-0.626365,-0.090743,-0.368858,-0.284429,-0.348180,1,1
2903,73,-0.680065,-0.064902,-0.388945,-0.371642,-0.269568,1,1
2884,73,-0.634353,-0.028191,-0.369718,-0.304822,-0.293451,1,1
2887,73,-0.612723,0.000263,-0.286159,-0.311042,-0.268162,1,1
2915,73,-0.613953,-0.051617,-0.436453,-0.354541,-0.322097,1,1
2885,73,-0.630545,0.134234,-0.383513,-0.277422,-0.257374,1,0
2890,73,-0.616268,0.001948,-0.303860,-0.369073,-0.282134,1,1
2886,73,-0.709327,0.062987,-0.290424,-0.308968,-0.229904,1,0
2880,73,-0.726981,-0.034943,-0.306768,-0.305082,-0.267604,1,1
2913,73,-0.674455,-0.118333,-0.380751,-0.452163,-0.221747,1,1
2899,73,-0.614653,0.023854,-0.361438,-0.267353,-0.292754,1,1
2909,73,-0.561233,-0.058934,-0.394249,-0.335074,-0.303577,1,1
2910,73,-0.672808,-0.115467,-0.407833,-0.351495,-0.355406,1,1
2916,73,-0.727455,-0.041772,-0.334886,-0.358955,-0.373811,1,1
2914,73,-0.682073,-0.128143,-0.270188,-0.406831,-0.239510,1,1
2900,73,-0.649952,-0.029211,-0.260108,-0.231748,-0.279981,1,1
2911,73,-0.769212,-0.015241,-0.413545,-0.386020,-0.265832,1,1
2951,74,-0.606595,-0.107087,-0.366494,-0.391370,-0.352896,1,1
2922,74,-0.591710,0.001072,-0.324592,-0.350134,-0.258316,1,1
2925,74,-0.614399,0.028796,-0.357988,-0.256760,-0.260448,1,1
2929,74,-0.622829,-0.032976,-0.268172,-0.328449,-0.222098,1,1
2931,74,-0.536518,0.065821,-0.237943,-0.290149,-0.201970,1,0
2928,74,-0.598458,-0.002903,-0.294146,-0.345365,-0.263567,1,1
2945,74,-0.633664,-0.139276,-0.343675,-0.299570,-0.312768,1,1
2938,74,-0.551402,0.057528,-0.329080,-0.232065,-0.205508,1,0
2926,74,-0.667792,0.110503,-0.308157,-0.248629,-0.233886,1,0
2937,74,-0.585301,0.109554,-0.302287,-0.285648,-0.345540,1,0
2941,74,-0.647304,-0.055124,-0.340516,-0.340324,-0.337909,1,1
2947,74,-0.559034,-0.014387,-0.439530,-0.353169,-0.291483,1,1
2956,74,-0.580693,-0.150582,-0.341614,-0.387947,-0.268812,0,1
2946,74,-0.643538,-0.048853,-0.305744,-0.347587,-0.361702,1,1
2935,74,-0.587933,0.019599,-0.337296,-0.231159,-0.317220,1,1
2933,74,-0.598543,0.042665,-0.273254,-0.275634,-0.257388,1,1
2924,74,-0.573240,-0.141707,-0.310168,-0.277283,-0.149322,1,1
2944,74,-0.579109,-0.050238,-0.422649,-0.397561,-0.210674,1,1
2953,74,-0.711334,-0.124567,-0.325944,-0.255113,-0.288239,0,1
2958,74,-0.628454,-0.092170,-0.379467,-0.369981,-0.264310,1,1
2921,74,-0.581078,0.007337,-0.241897,-0.243158,-0.361790,1,1
2952,74,-0.688344,-0.092107,-0.403429,-0.215442,-0.283858,1,1
2949,74,-0.546908,-0.080408,-0.327218,-0.263453,-0.285071,1,1
2932,74,-0.653977,-0.025476,-0.352448,-0.287277,-0.243516,1,1
2927,74,-0.589390,0.007899,-0.270892,-0.280200,-0.230109,1,1
2936,74,-0.652025,0.024032,-0.296681,-0.266961,-0.336651,1,1
2955,74,-0.631820,-0.042769,-0.343755,-0.317691,-0.269720,1,1
2934,74,-0.545890,-0.002240,-0.356438,-0.244948,-0.299548,1,1
2940,74,-0.613516,-0.115541,-0.344284,-0.371796,-0.315985,1,1
2948,74,-0.677094,-0.046541,-0.319735,-0.363288,-0.271665,1,1
2920,74,-0.621117,-0.075297,-0.199273,-0.246292,-0.290249,1,1
2957,74,-0.599662,-0.123864,-0.272891,-0.374854,-0.317649,1,1
2942,74,-0.620990,-0.035652,-0.386575,-0.271612,-0.357763,1,1
2959,74,-0.570989,-0.109790,-0.368873,-0.227385,-0.280327,1,1
2923,74,-0.535022,-0.023135,-0.344412,-0.255328,-0.275611,1,1
2954,74,-0.683235,-0.099899,-0.303387,-0.337168,-0.409586,1,1
2939,74,-0.673044,0.029123,-0.264790,-0.216817,-0.225162,1,1
2950,74,-0.728530,-0.133136,-0.325843,-0.313468,-0.275905,0,1
2943,74,-0.615839,-0.123587,-0.404729,-0.313151,-0.332041,1,1
2930,74,-0.659246,-0.064563,-0.339289,-0.258833,-0.269418,1,1
2990,75,-0.622196,-0.100621,-0.319473,-0.405179,-0.307653,1,1
2968,75,-0.584496,-0.023796,-0.357348,-0.287810,-0.188488,1,1
2975,75,-0.560265,0.004908,-0.379017,-0.331682,-0.253371,1,1
2960,75,-0.569126,-0.037994,-0.289898,-0.328344,-0.241387,1,1
2986,75,-0.637305,0.019676,-0.336871,-0.294739,-0.215264,1,1
2965,75,-0.623605,-0.096689,-0.281188,-0.362340,-0.221041,1,1
2997,75,-0.606012,-0.153215,-0.284440,-0.345214,-0.244712,0,1
2962,75,-0.481447,-0.001075,-0.341623,-0.312802,-0.212434,1,1
2966,75,-0.491014,-0.022173,-0.340830,-0.228601,-0.327112,1,1
2970,75,-0.510816,0.010034,-0.287322,-0.244708,-0.215920,1,1
2994,75,-0.715627,-0.039397,-0.383313,-0.281879,-0.257925,1,1
2985,75,-0.563286,-0.131111,-0.291533,-0.289015,-0.286100,1,1
2978,75,-0.541810,-0.016330,-0.245016,-0.255633,-0.271112,1,1
2967,75,-0.552806,-0.041495,-0.259776,-0.319517,-0.191850,1,1
2972,75,-0.595164,0.099091,-0.291217,-0.399866,-0.293616,1,0
2988,75,-0.616193,-0.099856,-0.303248,-0.360701,-0.261278,1,1
2989,75,-0.570343,-0.095653,-0.299833,-0.258363,-0.289085,1,1
2987,75,-0.611409,-0.114825,-0.398406,-0.323025,-0.241938,1,1
2991,75,-0.640350,0.006367,-0.344555,-0.360910,-0.318341,1,1
2976,75,-0.521787,0.075975,-0.304660,-0.201926,-0.228302,1,0
2961,75,-0.550252,-0.042652,-0.229683,-0.277498,-0.223396,1,1
2969,75,-0.556643,0.011365,-0.364717,-0.267686,-0.361655,1,1
2974,75,-0.596718,0.071199,-0.337166,-0.230683,-0.241667,1,0
2996,75,-0.634825,-0.139097,-0.308242,-0.336650,-0.308422,1,1
2982,75,-0.574567,-0.015466,-0.333536,-0.198884,-0.338149,1,1
2964,75,-0.662718,-0.027289,-0.261794,-0.179636,-0.258920,1,1
2999,75,-0.614866,-0.102986,-0.363262,-0.257701,-0.342704,1,1
2977,75,-0.629511,0.010983,-0.338755,-0.283282,-0.363920,1,1
2971,75,-0.672916,0.058561,-0.296176,-0.252698,-0.204219,1,0
2984,75,-0.618139,-0.005700,-0.319395,-0.431147,-0.218325,1,1
2979,75,-0.534313,-0.044614,-0.303261,-0.223866,-0.290905,1,1
2998,75,-0.646071,-0.125002,-0.419218,-0.296359,-0.255869,1,1
2981,75,-0.645536,-0.077483,-0.300084,-0.386800,-0.299053,1,1
2995,75,-0.648448,-0.065147,-0.339679,-0.230587,-0.341941,1,1
2963,75,-0.628043,0.041206,-0.292595,-0.315480,-0.247216,1,1
2973,75,-0.586721,0.015760,-0.340051,-0.313148,-0.300220,1,1
2992,75,-0.563923,-0.088575,-0.316555,-0.294280,-0.296757,1,1
2980,75,-0.695290,-0.138105,-0.231502,-0.201560,-0.304864,0,1
2983,75,-0.709847,-0.020339,-0.401145,-0.379359,-0.314882,1,1
2993,75,-0.655810,-0.104390,-0.310863,-0.289467,-0.328011,1,1
3030,76,-0.558174,-0.101977,-0.317304,-0.262680,-0.393860,1,1
3005,76,-0.528759,-0.055776,-0.285472,-0.273723,-0.284234,1,1
3032,76,-0.544325,-0.159504,-0.382222,-0.325107,-0.214081,0,1
3034,76,-0.598044,-0.156066,-0.411662,-0.306053,-0.294277,0,1
3021,76,-0.641395,-0.002969,-0.323336,-0.378345,-0.329526,1,1
3025,76,-0.602201,-0.070770,-0.309355,-0.333563,-0.316264,1,1
3003,76,-0.600109,0.026155,-0.284653,-0.308349,-0.175391,1,1
3004,76,-0.657420,-0.008524,-0.303724,-0.202234,-0.223106,1,1
3007,76,-0.563877,0.032667,-0.182869,-0.306795,-0.285837,1,1
3014,76,-0.548760,0.059041,-0.343976,-0.279586,-0.265814,1,1
3026,76,-0.555042,-0.060913,-0.387356,-0.313740,-0.227257,1,1
3000,76,-0.598250,0.009811,-0.342649,-0.200875,-0.148734,1,1
3035,76,-0.569247,-0.204336,-0.358163,-0.282738,-0.302811,0,1
3002,76,-0.589414,-0.001744,-0.307282,-0.287006,-0.245472,1,1
3031,76,-0.600107,-0.037330,-0.355361,-0.384958,-0.322728,1,1
3009,76,-0.491557,0.027583,-0.359269,-0.351174,-0.294867,1,0
3028,76,-0.480109,-0.051651,-0.310354,-0.407477,-0.343459,1,1
3018,76,-0.512317,-0.001145,-0.293467,-0.338905,-0.225916,1,1
3011,76,-0.549897,0.084285,-0.305729,-0.296861,-0.354759,1,0
3019,76,-0.569625,-0.042442,-0.337895,-0.358992,-0.234058,1,1
3037,76,-0.586554,-0.229078,-0.279437,-0.231595,-0.280658,0,1
3017,76,-0.533289,-0.012519,-0.229335,-0.265783,-0.209596,1,1
3038,76,-0.538808,-0.090198,-0.409889,-0.319131,-0.292684,1,1
3023,76,-0.625292,-0.090763,-0.355308,-0.260441,-0.316098,1,1
3029,76,-0.613300,-0.019674,-0.423595,-0.360364,-0.342617,1,1
3010,76,-0.483097,-0.080734,-0.277884,-0.296964,-0.270099,1,1
3006,76,-0.538517,0.031747,-0.268446,-0.334462,-0.194426,1,1
3015,76,-0.578011,-0.045517,-0.322999,-0.225914,-0.169173,1,1
3033,76,-0.649931,-0.055176,-0.270909,-0.369299,-0.255608,1,1
3013,76,-0.529098,-0.063706,-0.265683,-0.242022,-0.191186,1,1
3016,76,-0.522742,0.018439,-0.244350,-0.213504,-0.198640,1,1
3022,76,-0.596542,-0.141836,-0.294505,-0.337147,-0.318999,1,1
3012,76,-0.579083,0.009782,-0.273399,-0.317083,-0.273463,1,1
3020,76,-0.562265,-0.076495,-0.227559,-0.341146,-0.344299,1,1
3024,76,-0.580676,0.000803,-0.279326,-0.307092,-0.345386,1,1
3039,76,-0.654707,-0.102310,-0.272737,-0.351235,-0.330098,1,1
3008,76,-0.536298,-0.017199,-0.256839,-0.219762,-0.300709,1,1
3036,76,-0.591732,-0.074006,-0.311759,-0.333773,-0.259756,1,1
3001,76,-0.576095,-0.033640,-0.245665,-0.202639,-0.175043,1,1
3027,76,-0.584149,-0.143978,-0.295284,-0.265922,-0.306987,1,1
3061,77,-0.557611,-0.098168,-0.395635,-0.336925,-0.289016,1,1
3050,77,-0.591826,0.007872,-0.299680,-0.211016,-0.150210,1,1
3073,77,-0.560814,-0.080211,-0.300932,-0.309348,-0.254273,1,1
3079,77,-0.519106,-0.012071,-0.282030,-0.237646,-0.325016,1,1
3068,77,-0.515845,-0.073970,-0.405735,-0.410526,-0.278138,1,1
3059,77,-0.536898,0.038263,-0.206047,-0.313431,-0.349082,1,1
3048,77,-0.614047,-0.048414,-0.277783,-0.339942,-0.267786,1,1
3054,77,-0.542213,0.016261,-0.367771,-0.261114,-0.187166,1,1
3043,77,-0.569624,-0.040293,-0.351688,-0.229377,-0.293787,1,1
3071,77,-0.640219,-0.022024,-0.308537,-0.407757,-0.257960,1,1
3062,77,-0.590960,-0.120082,-0.339536,-0.337384,-0.236131,1,1
3042,77,-0.471762,-0.130485,-0.271807,-0.204249,-0.259966,1,1
3053,77,-0.539888,-0.005985,-0.301545,-0.188814,-0.242866,1,1
3064,77,-0.549415,-0.093562,-0.395876,-0.294173,-0.284417,1,1
3046,77,-0.531425,0.010180,-0.237279,-0.268880,-0.327525,1,1
3052,77,-0.622248,0.003067,-0.301512,-0.165970,-0.282088,1,1
3058,77,-0.478544,-0.053114,-0.220289,-0.193334,-0.299059,1,1
3069,77,-0.578457,-0.115713,-0.254923,-0.280328,-0.281050,1,1
3075,77,-0.548823,-0.102669,-0.375591,-0.311315,-0.254226,1,1
3066,77,-0.531980,-0.035819,-0.288264,-0.277699,-0.267795,1,1
3056,77,-0.559516,-0.034991,-0.208035,-0.274365,-0.207231,1,1
3060,77,-0.636603,-0.031070,-0.273583,-0.190584,-0.274802,1,1
3057,77,-0.576444,0.002222,-0.341449,-0.351191,-0.161764,1,1
3044,77,-0.504170,0.037904,-0.274597,-0.237101,-0.274356,1,1
3049,77,-0.476756,-0.036980,-0.321245,-0.191221,-0.296811,1,1
3040,77,-0.597815,0.020062,-0.263826,-0.267754,-0.283900,1,1
3045,77,-0.492108,-0.074422,-0.172946,-0.249413,-0.266175,1,1
3065,77,-0.582439,-0.134242,-0.250926,-0.278515,-0.310923,1,1
3051,77,-0.598389,-0.003327,-0.285040,-0.378053,-0.234118,1,1
3055,77,-0.570617,-0.039321,-0.260400,-0.297976,-0.264394,1,1
3063,77,-0.588756,-0.050841,-0.385606,-0.331160,-0.308395,1,1
3047,77,-0.529327,0.035940,-0.288975,-0.312612,-0.260797,1,1
3041,77,-0.554562,-0.051148,-0.269411,-0.197593,-0.215408,1,1
3076,77,-0.491031,-0.083786,-0.345762,-0.263778,-0.263071,1,1
3077,77,-0.571064,-0.065459,-0.245740,-0.270435,-0.232203,1,1
3078,77,-0.665948,-0.019304,-0.253878,-0.311157,-0.392800,1,1
3074,77,-0.569057,-0.096929,-0.382423,-0.313287,-0.304134,1,1
3067,77,-0.675475,-0.144521,-0.264795,-0.209939,-0.164317,0,1
3070,77,-0.537457,-0.093082,-0.282168,-0.353856,-0.270598,1,1
3072,77,-0.622530,-0.075614,-0.236488,-0.270116,-0.357629,1,1
3090,78,-0.576347,0.025818,-0.327178,-0.251785,-0.228291,1,1
3084,78,-0.551402,-0.039696,-0.282540,-0.276922,-0.181841,1,1
3094,78,-0.600249,0.098811,-0.235174,-0.275345,-0.215863,1,0
3113,78,-0.496813,-0.160508,-0.304621,-0.190966,-0.222713,0,1
3112,78,-0.593080,-0.064416,-0.333311,-0.257925,-0.272455,1,1
3081,78,-0.544704,-0.021980,-0.308906,-0.275495,-0.255614,1,1
3086,78,-0.559460,-0.007744,-0.238801,-0.241160,-0.189788,1,1
3110,78,-0.586218,-0.073514,-0.231512,-0.276463,-0.211253,1,1
3117,78,-0.522259,-0.144108,-0.322245,-0.284833,-0.276958,1,1
3088,78,-0.539092,-0.003032,-0.316343,-0.197717,-0.297668,1,1
3098,78,-0.496326,0.022240,-0.302700,-0.299029,-0.258488,1,1
3118,78,-0.523497,-0.061364,-0.333941,-0.352346,-0.217290,1,1
3114,78,-0.545370,-0.136410,-0.231137,-0.345479,-0.308269,1,1
3096,78,-0.533391,-0.022591,-0.297542,-0.225924,-0.176131,1,1
3111,78,-0.449099,-0.135530,-0.244080,-0.387853,-0.308247,0,1
3089,78,-0.547040,0.030302,-0.348041,-0.209537,-0.203868,1,1
3102,78,-0.465506,-0.057446,-0.251207,-0.312839,-0.241940,1,1
3106,78,-0.568469,-0.213491,-0.305999,-0.346754,-0.287313,0,1
3083,78,-0.610187,-0.001094,-0.365174,-0.303277,-0.203065,1,1
3087,78,-0.560786,0.021597,-0.238921,-0.183904,-0.243367,1,1
3099,78,-0.547096,0.043770,-0.284390,-0.271195,-0.253552,1,1
3119,78,-0.637180,-0.099268,-0.310946,-0.288432,-0.292191,1,1
3115,78,-0.431796,-0.093428,-0.261984,-0.275663,-0.246181,1,1
3080,78,-0.482892,0.020707,-0.240355,-0.150730,-0.160757,1,1
3109,78,-0.573907,-0.089021,-0.364550,-0.198628,-0.238648,1,1
3092,78,-0.570651,-0.014249,-0.267607,-0.199086,-0.182680,1,1
3107,78,-0.565175,-0.104436,-0.313451,-0.278028,-0.219661,1,1
3093,78,-0.556703,-0.018439,-0.243182,-0.253453,-0.155863,1,1
3108,78,-0.583797,-0.072690,-0.272785,-0.304916,-0.269710,1,1
3082,78,-0.515615,0.004096,-0.245484,-0.211465,-0.163694,1,1
3095,78,-0.496162,0.015302,-0.182116,-0.157196,-0.261213,1,1
3100,78,-0.533445,-0.076792,-0.272138,-0.310694,-0.280260,1,1
3105,78,-0.650421,-0.025479,-0.240324,-0.317907,-0.298520,1,1
3101,78,-0.488200,-0.030383,-0.319061,-0.297172,-0.252825,1,1
3097,78,-0.512375,0.005071,-0.319130,-0.304292,-0.267365,1,1
3116,78,-0.496046,-0.098720,-0.363785,-0.321322,-0.264269,1,1
3085,78,-0.556927,0.060639,-0.239893,-0.281993,-0.206930,1,1
3103,78,-0.567738,-0.070041,-0.297097,-0.287114,-0.239366,1,1
3091,78,-0.530956,0.010967,-0.253335,-0.310460,-0.227121,1,1
3104,78,-0.607692,-0.062346,-0.331762,-0.342353,-0.223995,1,1
3145,79,-0.528746,-0.106199,-0.257995,-0.278370,-0.247531,1,1
3142,79,-0.542845,-0.032194,-0.329571,-0.248767,-0.260748,1,1
3130,79,-0.477095,-0.002072,-0.309888,-0.188067,-0.292748,1,1
3157,79,-0.484029,-0.018198,-0.336370,-0.300954,-0.274866,1,1
3144,79,-0.482716,-0.090454,-0.373049,-0.289485,-0.305483,1,1
3138,79,-0.495196,-0.102993,-0.307221,-0.203850,-0.147064,1,1
3134,79,-0.456489,-0.005336,-0.303868,-0.209003,-0.158176,1,1
3158,79,-0.559256,-0.056286,-0.282406,-0.318456,-0.236914,1,1
3151,79,-0.499419,-0.065811,-0.335995,-0.133549,-0.256356,1,1
3124,79,-0.443602,0.164911,-0.169982,-0.269551,-0.252714,1,0
3153,79,-0.592742,-0.092171,-0.256533,-0.248407,-0.319324,1,1
3156,79,-0.491796,-0.100038,-0.265884,-0.256173,-0.281534,1,1
3149,79,-0.463849,-0.093899,-0.275107,-0.295076,-0.371125,1,1
3159,79,-0.535429,-0.036158,-0.337853,-0.289889,-0.294424,1,1
3147,79,-0.516241,-0.165479,-0.429260,-0.220109,-0.308981,0,1
3132,79,-0.492656,-0.032921,-0.292130,-0.287812,-0.262711,1,1
3137,79,-0.496093,-0.078722,-0.213905,-0.199426,-0.159479,1,1
3123,79,-0.510851,-0.005229,-0.206873,-0.202427,-0.218183,1,1
3133,79,-0.600776,-0.018440,-0.264275,-0.206848,-0.186656,1,1
3154,79,-0.592095,-0.063924,-0.312898,-0.258823,-0.158979,1,1
3126,79,-0.511565,-0.062176,-0.219801,-0.266032,-0.238054,1,1
3155,79,-0.641680,-0.069660,-0.309763,-0.337878,-0.266519,1,1
3127,79,-0.520101,-0.042629,-0.175421,-0.255908,-0.125591,1,1
3136,79,-0.452911,0.002788,-0.188845,-0.258316,-0.285781,1,1
3120,79,-0.502096,-0.023810,-0.348487,-0.316183,-0.311795,1,1
3152,79,-0.558624,-0.065610,-0.270100,-0.286267,-0.193457,1,1
3140,79,-0.577723,-0.179587,-0.241459,-0.214943,-0.203534,0,1
3148,79,-0.518457,-0.059198,-0.359885,-0.194500,-0.220176,1,1
3141,79,-0.538290,0.072631,-0.279928,-0.238915,-0.152420,1,1
3122,79,-0.504908,0.018906,-0.225728,-0.241242,-0.226266,1,1
3143,79,-0.421330,-0.128721,-0.302678,-0.267732,-0.224562,0,1
3131,79,-0.487580,0.064386,-0.252478,-0.285076,-0.278123,1,0
3139,79,-0.535960,-0.004338,-0.163681,-0.173364,-0.293797,1,1
3146,79,-0.540377,-0.123518,-0.314403,-0.266746,-0.197695,1,1
3128,79,-0.441688,-0.111115,-0.294996,-0.280357,-0.223729,1,1
3135,79,-0.517740,0.056231,-0.249582,-0.238144,-0.181040,1,1
3121,79,-0.476106,0.030214,-0.182495,-0.235734,-0.137370,1,1
3125,79,-0.435836,0.024387,-0.304243,-0.108709,-0.198768,1,1
3129,79,-0.414516,-0.027019,-0.245205,-0.247233,-0.279831,1,1
3150,79,-0.583071,-0.082127,-0.267898,-0.329612,-0.205171,1,1
3183,80,-0.517433,-0.087466,-0.299701,-0.256134,-0.190348,1,1
3196,80,-0.495468,-0.042074,-0.269680,-0.298469,-0.169653,1,1
3162,80,-0.471484,0.005121,-0.194006,-0.224891,-0.164318,1,1
3171,80,-0.480949,-0.017425,-0.337662,-0.300315,-0.106597,1,1
3168,80,-0.610686,0.060087,-0.168809,-0.340820,-0.159537,1,0
3187,80,-0.565904,-0.086092,-0.343885,-0.130847,-0.181574,1,1
3169,80,-0.584007,0.069836,-0.236226,-0.254700,-0.223443,1,0
3176,80,-0.482036,-0.043104,-0.255919,-0.236893,-0.235821,1,1
3188,80,-0.508816,-0.087045,-0.160245,-0.226054,-0.258442,1,1
3180,80,-0.463711,-0.058915,-0.306298,-0.292505,-0.225175,1,1
3172,80,-0.602496,-0.004694,-0.226160,-0.267467,-0.154931,1,1
3184,80,-0.456675,-0.019160,-0.324598,-0.264297,-0.228396,1,1
3199,80,-0.478764,-0.126943,-0.233994,-0.223572,-0.127934,1,1
3197,80,-0.500056,-0.039768,-0.299775,-0.281679,-0.235395,1,1
3178,80,-0.547213,0.024646,-0.209282,-0.221353,-0.152989,1,1
3186,80,-0.528461,-0.055681,-0.365031,-0.287167,-0.241006,1,1
3190,80,-0.422464,-0.040712,-0.277300,-0.315786,-0.260488,1,1
3177,80,-0.413954,0.004020,-0.334648,-0.289303,-0.171205,1,1
3161,80,-0.523390,0.062872,-0.279324,-0.191361,-0.196478,1,0
3193,80,-0.460057,-0.175677,-0.264226,-0.221390,-0.223022,0,1
3165,80,-0.515860,0.005912,-0.178125,-0.252257,-0.228306,1,1
3167,80,-0.474058,0.047314,-0.255273,-0.215401,-0.216150,1,1
3182,80,-0.469753,-0.122439,-0.319670,-0.208403,-0.292238,1,1
3198,80,-0.602162,-0.013760,-0.396693,-0.185998,-0.217252,1,1
3195,80,-0.497333,-0.096952,-0.267900,-0.183130,-0.195616,1,1
3170,80,-0.444336,-0.110591,-0.222480,-0.256343,-0.211388,1,1
3160,80,-0.475230,-0.058650,-0.271925,-0.323792,-0.260668,1,1
3181,80,-0.532873,-0.099905,-0.375139,-0.250034,-0.248876,1,1
3175,80,-0.428629,-0.026708,-0.245107,-0.348222,-0.254619,1,1
3194,80,-0.429959,-0.091588,-0.279311,-0.349209,-0.151806,1,1
3173,80,-0.388435,0.010943,-0.330353,-0.227847,-0.210171,1,1
3185,80,-0.453635,-0.107265,-0.285343,-0.223506,-0.288433,1,1
3189,80,-0.522496,-0.030959,-0.214363,-0.228089,-0.281978,1,1
3174,80,-0.472600,-0.065646,-0.257868,-0.133897,-0.231357,1,1
3179,80,-0.544160,-0.010981,-0.293969,-0.312813,-0.223712,1,1
3164,80,-0.458157,-0.039620,-0.199892,-0.267228,-0.185142,1,1
3163,80,-0.561396,0.008919,-0.325468,-0.319902,-0.223037,1,1
3191,80,-0.467490,-0.028813,-0.259951,-0.221303,-0.286585,1,1
3192,80,-0.527645,-0.040725,-0.317783,-0.216940,-0.169474,1,1
3166,80,-0.494801,-0.029281,-0.259143,-0.228378,-0.128715,1,1
3208,81,-0.377726,0.040880,-0.298142,-0.160289,-0.114620,1,1
3239,81,-0.396996,-0.081636,-0.271202,-0.202232,-0.241553,1,1
3224,81,-0.446482,-0.182535,-0.221971,-0.148952,-0.273051,0,1
3232,81,-0.488904,0.011607,-0.259983,-0.220858,-0.158942,1,1
3235,81,-0.467370,-0.097467,-0.162890,-0.258296,-0.225182,1,1
3238,81,-0.454456,-0.125725,-0.303721,-0.242805,-0.129983,1,1
3216,81,-0.391439,-0.093387,-0.212560,-0.195735,-0.166505,1,1
3211,81,-0.433910,-0.011079,-0.192284,-0.158741,-0.187097,1,1
3227,81,-0.433709,-0.130265,-0.239293,-0.180960,-0.255758,1,1
3215,81,-0.431747,-0.056657,-0.241360,-0.188752,-0.163503,1,1
3220,81,-0.615379,-0.118123,-0.194833,-0.325140,-0.193173,0,1
3207,81,-0.490374,0.003203,-0.135990,-0.198083,-0.210547,1,1
3205,81,-0.424298,-0.041500,-0.276047,-0.247779,-0.181345,1,1
3223,81,-0.488721,-0.196345,-0.311363,-0.249336,-0.242683,0,1
3217,81,-0.474912,-0.095976,-0.205482,-0.161817,-0.060559,1,1
3212,81,-0.366614,-0.083048,-0.221413,-0.160245,-0.178408,1,1
3234,81,-0.452880,-0.058285,-0.233985,-0.186606,-0.219793,1,1
3225,81,-0.465243,-0.083035,-0.338812,-0.257841,-0.304194,1,1
3219,81,-0.470109,-0.009902,-0.171299,-0.199358,-0.143610,1,1
3222,81,-0.456144,-0.020149,-0.294586,-0.236875,-0.237581,1,1
3201,81,-0.436235,-0.030295,-0.328277,-0.229473,-0.259807,1,1
3204,81,-0.416887,-0.025412,-0.178748,-0.148050,-0.233347,1,1
3230,81,-0.544798,-0.083770,-0.303268,-0.235096,-0.207432,1,1
3218,81,-0.395046,0.019788,-0.181428,-0.187984,-0.189788,1,1
3236,81,-0.463079,0.018110,-0.239278,-0.323913,-0.256857,1,1
3228,81,-0.440221,-0.070754,-0.241262,-0.188111,-0.191095,1,1
3202,81,-0.466572,-0.011625,-0.232651,-0.076774,-0.157499,1,1
3237,81,-0.491115,-0.148999,-0.281948,-0.297100,-0.152367,1,1
3206,81,-0.400043,-0.014662,-0.279451,-0.173099,-0.133807,1,1
3231,81,-0.437495,-0.042291,-0.162456,-0.243876,-0.201596,1,1
3229,81,-0.427658,-0.051130,-0.285321,-0.225155,-0.204033,1,1
3233,81,-0.403452,-0.064669,-0.207821,-0.279015,-0.227849,1,1
3226,81,-0.500083,-0.099781,-0.276835,-0.268260,-0.219882,1,1
3221,81,-0.459517,-0.095967,-0.336037,-0.268464,-0.263204,1,1
3200,81,-0.508668,0.049533,-0.210816,-0.142610,-0.125012,1,1
3210,81,-0.415270,-0.075482,-0.187789,-0.134295,-0.235897,1,1
3213,81,-0.343071,0.060650,-0.157647,-0.200793,-0.170942,1,0
3203,81,-0.387830,0.055723,-0.179724,-0.195621,-0.139071,1,0
3214,81,-0.432266,-0.025015,-0.224946,-0.188466,-0.238753,1,1
3209,81,-0.424361,0.058374,-0.260422,-0.238960,-0.148614,1,1
3257,82,-0.413896,-0.075592,-0.197600,-0.151695,-0.243465,1,1
3267,82,-0.388933,-0.079527,-0.287154,-0.241634,-0.146537,1,1
3252,82,-0.358874,-0.038670,-0.250213,-0.180980,-0.171459,1,1
3260,82,-0.460284,-0.165658,-0.180167,-0.213107,-0.183270,0,1
3251,82,-0.503069,-0.062695,-0.147795,-0.308147,-0.048885,1,1
3263,82,-0.423395,0.030246,-0.256316,-0.341959,-0.157238,1,1
3243,82,-0.375715,-0.022872,-0.239969,-0.211092,-0.142378,1,1
3266,82,-0.441939,-0.045436,-0.242760,-0.158547,-0.205313,1,1
3253,82,-0.460268,0.074576,-0.209199,-0.150374,-0.282062,1,0
3256,82,-0.413769,-0.044037,-0.230280,-0.216464,-0.081982,1,1
3240,82,-0.365528,-0.019497,-0.139559,-0.169458,-0.073573,1,1
3264,82,-0.382105,-0.020861,-0.177068,-0.177492,-0.268428,1,1
3248,82,-0.442701,-0.015901,-0.238486,-0.225824,-0.028501,1,1
3246,82,-0.407053,0.001702,-0.193302,-0.247157,-0.131620,1,1
3268,82,-0.339237,-0.087619,-0.255063,-0.242889,-0.236435,1,1
3262,82,-0.435917,-0.053703,-0.295425,-0.210070,-0.229879,1,1
3275,82,-0.484512,-0.010770,-0.225194,-0.282926,-0.226708,1,1
3244,82,-0.356485,-0.061809,-0.117330,-0.161836,-0.117043,1,1
3259,82,-0.461146,0.021950,-0.254600,-0.083836,-0.047141,1,1
3254,82,-0.413703,-0.099441,-0.225353,-0.247024,-0.082048,1,1
3274,82,-0.501014,-0.144238,-0.317297,-0.308992,-0.219485,0,1
3278,82,-0.409587,-0.100150,-0.180602,-0.177013,-0.124816,1,1
3258,82,-0.374597,-0.007157,-0.203014,-0.159123,-0.080081,1,1
3269,82,-0.463593,-0.064766,-0.255955,-0.164389,-0.167775,1,1
3277,82,-0.379541,-0.087837,-0.316479,-0.157084,-0.170029,1,1
3270,82,-0.330023,-0.063284,-0.259867,-0.174000,-0.152689,1,1
3261,82,-0.392856,-0.102060,-0.233314,-0.236731,-0.141803,1,1
3245,82,-0.420502,-0.046733,-0.220393,-0.076617,-0.163903,1,1
3265,82,-0.390653,-0.167902,-0.237795,-0.217560,-0.259626,0,1
3247,82,-0.327542,0.022558,-0.286225,-0.155924,-0.109100,1,1
3272,82,-0.485562,-0.137425,-0.288512,-0.224013,-0.166073,1,1
3255,82,-0.481761,0.002325,-0.210746,-0.168230,-0.105496,1,1
3276,82,-0.370029,-0.048751,-0.249806,-0.132535,-0.145267,1,1
3273,82,-0.434811,-0.010370,-0.245152,-0.292136,-0.249210,1,1
3250,82,-0.358263,0.023892,-0.222862,-0.170544,-0.095255,1,1
3242,82,-0.462397,-0.044575,-0.247004,-0.210023,-0.087523,1,1
3249,82,-0.376829,0.084522,-0.232823,-0.159345,-0.253648,1,0
3241,82,-0.405651,-0.042806,-0.184689,-0.280586,-0.121856,1,1
3279,82,-0.378848,-0.066994,-0.267063,-0.232206,-0.069704,1,1
3271,82,-0.360890,-0.079284,-0.270139,-0.181508,-0.229856,1,1
3297,83,-0.381843,-0.054080,-0.195656,-0.162441,-0.074154,1,1
3316,83,-0.318115,-0.138788,-0.192775,-0.221972,-0.086795,1,1
3319,83,-0.389702,-0.147627,-0.217113,-0.178297,-0.235189,1,1
3311,83,-0.295374,-0.078875,-0.261729,-0.363776,-0.170198,1,1
3299,83,-0.408690,-0.057995,-0.203474,-0.199995,-0.263059,1,1
3307,83,-0.437901,0.010851,-0.256384,-0.252529,-0.168077,1,1
3286,83,-0.353894,-0.069693,-0.244991,-0.197801,-0.149133,1,1
3308,83,-0.397240,-0.121139,-0.254837,-0.162866,-0.241429,1,1
3288,83,-0.463671,0.020704,-0.167413,-0.160659,-0.162686,1,1
3315,83,-0.386355,-0.085858,-0.291143,-0.299365,-0.182923,1,1
3287,83,-0.384342,-0.021589,-0.204332,-0.232854,-0.198154,1,1
3300,83,-0.452718,-0.131552,-0.225475,-0.193326,-0.142536,1,1
3302,83,-0.411761,-0.091176,-0.321338,-0.135123,-0.115986,1,1
3280,83,-0.377059,-0.011476,-0.253784,-0.184742,-0.130492,1,1
3289,83,-0.441043,-0.107549,-0.223561,-0.122305,-0.131469,1,1
3310,83,-0.395792,-0.053882,-0.274058,-0.251586,-0.185810,1,1
3285,83,-0.443303,-0.031980,-0.168723,-0.242090,-0.225221,1,1
3306,83,-0.371464,-0.139744,-0.232075,-0.209805,-0.286780,1,1
3309,83,-0.398505,-0.109402,-0.332836,-0.213336,-0.122447,1,1
3293,83,-0.453425,0.028975,-0.207014,-0.191900,-0.148232,1,1
3318,83,-0.393175,-0.097638,-0.222365,-0.181036,-0.180033,1,1
3312,83,-0.487741,-0.139174,-0.196892,-0.101011,-0.240470,0,1
3298,83,-0.401379,-0.021826,-0.175456,-0.203791,-0.136159,1,1
3292,83,-0.318975,-0.050760,-0.211636,-0.310547,-0.191686,1,1
3296,83,-0.285811,-0.016708,-0.117347,-0.184107,-0.185661,1,1
3291,83,-0.404933,-0.069521,-0.234817,-0.139531,-0.114723,1,1
3303,83,-0.409814,-0.073043,-0.271995,-0.293075,-0.201755,1,1
3295,83,-0.369265,0.047789,-0.260625,-0.193088,-0.195172,1,1
3294,83,-0.368952,-0.049915,-0.169211,-0.134273,-0.154843,1,1
3304,83,-0.322636,-0.128335,-0.320827,-0.310868,-0.174234,1,1
3313,83,-0.425794,-0.103982,-0.228209,-0.224341,-0.264594,1,1
3314,83,-0.393167,-0.147191,-0.309407,-0.226515,-0.218290,1,1
3282,83,-0.363763,0.019915,-0.197827,-0.078510,-0.157637,1,1
3281,83,-0.324224,0.051183,-0.163271,-0.158360,-0.177261,1,0
3284,83,-0.389310,-0.095950,-0.195602,-0.146640,-0.175141,1,1
3301,83,-0.355935,-0.026981,-0.129160,-0.131210,-0.158510,1,1
3317,83,-0.379832,-0.227213,-0.123320,-0.271150,-0.169073,0,1
3283,83,-0.392582,-0.018034,-0.207647,-0.138420,-0.067831,1,1
3305,83,-0.417210,-0.116886,-0.312018,-0.179806,-0.249556,1,1
3290,83,-0.425377,0.045521,-0.250180,-0.104614,-0.177449,1,1
3323,84,-0.318240,0.065981,-0.134335,-0.196757,-0.148759,1,0
3330,84,-0.436248,0.022912,-0.199273,-0.194979,-0.191992,1,1
3346,84,-0.352239,-0.042242,-0.258920,-0.202466,-0.195098,1,1
3335,84,-0.245366,-0.034394,-0.204170,-0.052606,-0.042063,1,1
3331,84,-0.307007,-0.013339,-0.159370,-0.170029,-0.132774,1,1
3326,84,-0.325578,-0.023259,-0.182113,-0.202843,-0.106523,1,1
3358,84,-0.381105,-0.045877,-0.246177,-0.266690,-0.129781,1,1
3348,84,-0.412348,-0.147307,-0.264171,-0.261608,-0.159629,0,1
3341,84,-0.334685,0.004418,-0.239206,-0.118873,-0.169551,1,1
3334,84,-0.374337,-0.032193,-0.155588,-0.181040,-0.054405,1,1
3359,84,-0.369148,-0.098456,-0.160140,-0.219182,-0.172450,1,1
3353,84,-0.411874,-0.079235,-0.194484,-0.184251,-0.265456,1,1
3325,84,-0.290559,-0.098036,-0.227761,-0.046139,-0.170838,1,1
3321,84,-0.335177,0.031057,-0.114441,-0.160662,-0.071293,1,1
3338,84,-0.315688,-0.067429,-0.127602,-0.165127,-0.171919,1,1
3352,84,-0.362926,-0.105429,-0.166256,-0.159426,-0.200951,1,1
3354,84,-0.478899,-0.005250,-0.201954,-0.241494,-0.178582,0,1
3329,84,-0.291102,-0.042954,-0.154319,-0.185412,-0.025142,1,1
3336,84,-0.222187,0.040984,-0.207768,-0.046907,-0.089008,1,0
3324,84,-0.292117,-0.061399,-0.179704,-0.121235,-0.110432,1,1
3343,84,-0.375065,-0.165515,-0.178464,-0.097522,-0.177898,0,1
3339,84,-0.311433,-0.044060,-0.168819,-0.154656,-0.129814,1,1
3345,84,-0.374683,-0.197693,-0.189440,-0.173893,-0.187614,0,1
3342,84,-0.398294,-0.047452,-0.101762,-0.265953,-0.233893,1,1
3350,84,-0.401593,-0.158021,-0.252088,-0.152116,-0.164671,0,1
3347,84,-0.330166,-0.053099,-0.181806,-0.253542,-0.207421,1,1
3327,84,-0.344864,-0.020732,-0.193527,-0.162044,-0.111554,1,1
3356,84,-0.319776,-0.093596,-0.262308,-0.208138,-0.166283,1,1
3333,84,-0.272299,0.012319,-0.072188,-0.120986,-0.078531,1,1
3328,84,-0.273840,0.045021,-0.195958,-0.197584,-0.083993,1,0
3332,84,-0.420484,-0.063168,-0.150712,-0.188444,-0.079211,1,1
3340,84,-0.384809,-0.048446,-0.281916,-0.188783,-0.165089,1,1
3351,84,-0.371967,-0.126134,-0.246549,-0.205500,-0.175457,1,1
3344,84,-0.368695,-0.062375,-0.220024,-0.245047,-0.240501,1,1
3320,84,-0.285887,0.053554,-0.174006,-0.165593,-0.119875,1,0
3355,84,-0.318528,-0.026353,-0.210870,-0.202116,-0.235060,1,1
3337,84,-0.290987,0.062382,-0.155865,-0.098121,-0.076360,1,0
3349,84,-0.366479,-0.175335,-0.190994,-0.175538,-0.121623,0,1
3322,84,-0.302270,0.008805,-0.202070,-0.159123,-0.057414,1,1
3357,84,-0.449761,-0.132000,-0.205586,-0.162654,-0.166034,0,1
3377,85,-0.302038,-0.155068,-0.192062,-0.197523,-0.123751,1,1
3380,85,-0.400318,-0.037639,-0.157359,-0.102274,-0.147212,1,1
3385,85,-0.285942,-0.116771,-0.152303,-0.169128,-0.268991,1,1
3360,85,-0.248098,-0.072647,-0.169681,-0.116621,-0.138199,1,1
3387,85,-0.307488,-0.055162,-0.211112,-0.124368,-0.190741,1,1
3384,85,-0.325349,-0.207672,-0.202453,-0.148840,-0.109758,0,1
3393,85,-0.313369,-0.109650,-0.257141,-0.151477,-0.106276,1,1
3367,85,-0.313019,-0.027487,-0.129514,-0.120614,-0.171142,1,1
3369,85,-0.191497,-0.029982,-0.141668,-0.132009,-0.085085,1,0
3372,85,-0.296606,-0.048993,-0.199021,-0.196170,-0.102476,1,1
3392,85,-0.318307,-0.153507,-0.198249,-0.192161,-0.126249,1,1
3370,85,-0.286121,-0.045586,-0.218185,-0.083829,-0.105454,1,1
3391,85,-0.300100,-0.093010,-0.163609,-0.238769,-0.218603,1,1
3388,85,-0.296060,-0.044041,-0.280449,-0.194309,-0.152199,1,1
3397,85,-0.344579,-0.042297,-0.184310,-0.313273,-0.184502,1,1
3386,85,-0.280765,-0.152744,-0.138548,-0.251381,-0.192695,1,1
3381,85,-0.340640,-0.141789,-0.224220,-0.122712,-0.129025,1,1
3379,85,-0.332240,0.068289,-0.197909,-0.178804,-0.153509,1,0
3399,85,-0.337018,-0.041612,-0.189776,-0.246774,-0.157206,1,1
3396,85,-0.333989,-0.176512,-0.287351,-0.188451,-0.183176,0,1
3361,85,-0.272483,0.011916,-0.184011,-0.192889,-0.159311,1,1
3373,85,-0.319346,-0.008378,-0.162939,-0.128551,-0.016011,1,1
3395,85,-0.211883,-0.102391,-0.189715,-0.150417,-0.130747,1,1
3362,85,-0.229018,-0.004505,-0.217442,-0.079948,-0.075745,1,1
3378,85,-0.303796,0.012956,-0.214894,-0.129149,-0.124270,1,1
3398,85,-0.351810,-0.077071,-0.288166,-0.205307,-0.208742,1,1
3383,85,-0.393810,-0.121515,-0.139842,-0.145786,-0.173789,0,1
3363,85,-0.206565,-0.017782,-0.155107,-0.159500,-0.150998,1,1
3382,85,-0.318134,-0.010152,-0.207198,-0.181714,-0.119533,1,1
3365,85,-0.243933,0.043834,-0.175514,-0.209322,-0.109935,1,0
3371,85,-0.316128,0.008868,-0.142443,-0.138431,-0.177523,1,1
3389,85,-0.329898,0.076931,-0.182086,-0.283168,-0.181264,1,1
3366,85,-0.241958,0.062784,-0.190713,-0.165374,-0.039572,1,0
3375,85,-0.278762,0.003274,-0.146636,-0.039902,-0.104378,1,1
3376,85,-0.355752,-0.062114,-0.157760,-0.059519,-0.141458,1,1
3368,85,-0.250421,0.013279,-0.089969,-0.151632,-0.079435,1,1
3374,85,-0.282558,-0.018404,-0.141192,-0.072408,-0.053245,1,1
3364,85,-0.275449,0.022557,-0.050338,-0.214845,-0.177431,1,1
3394,85,-0.259671,-0.163260,-0.150086,-0.187847,-0.126761,1,1
3390,85,-0.335389,0.039105,-0.204976,-0.188447,-0.213651,1,1
3405,86,-0.244395,-0.071718,-0.075742,-0.138666,-0.099425,1,1
3400,86,-0.235468,-0.019368,-0.155422,-0.047206,-0.013738,1,1
3434,86,-0.281630,-0.109155,-0.148628,-0.184548,-0.148873,1,1
3422,86,-0.320301,-0.039541,-0.205933,-0.175827,-0.172936,1,1
3429,86,-0.299873,-0.089985,-0.247781,-0.105875,-0.090094,1,1
3436,86,-0.304531,-0.063545,-0.177831,-0.115736,-0.154532,1,1
3417,86,-0.261551,0.087581,-0.100056,-0.174738,-0.060985,1,0
3411,86,-0.223192,0.002262,-0.176038,-0.104218,-0.088331,1,1
3407,86,-0.266531,-0.045493,-0.138405,-0.073500,0.019844,1,1
3412,86,-0.318691,-0.062607,-0.076662,-0.142805,-0.095870,1,1
3439,86,-0.284318,-0.083661,-0.243499,-0.166468,-0.122894,1,1
3431,86,-0.226100,-0.046389,-0.170328,-0.144776,-0.064727,1,1
3406,86,-0.288100,-0.071123,-0.113817,-0.102879,-0.000186,1,1
3415,86,-0.222721,-0.002944,-0.153314,-0.063685,-0.134942,1,1
3430,86,-0.225733,-0.105656,-0.213958,-0.228510,-0.153368,1,1
3423,86,-0.330307,-0.099247,-0.165381,-0.177009,-0.206257,1,1
3410,86,-0.280704,-0.020275,-0.120127,-0.064487,-0.127472,1,1
3432,86,-0.316622,-0.108687,-0.216574,-0.059729,-0.212706,1,1
3408,86,-0.326860,0.048433,-0.164309,-0.098252,-0.113104,1,1
3401,86,-0.250624,0.073378,-0.081973,-0.169157,-0.116737,1,0
3413,86,-0.333036,-0.041795,-0.126565,-0.109387,-0.046613,1,1
3426,86,-0.218633,0.004473,-0.266460,-0.284946,-0.117528,1,1
3402,86,-0.285673,0.030336,-0.104406,-0.022405,-0.088069,1,1
3409,86,-0.305013,0.067149,-0.148879,-0.034790,-0.075675,1,0
3403,86,-0.402647,-0.078408,-0.091644,-0.118904,-0.162008,1,1
3424,86,-0.337074,-0.056612,-0.288420,-0.225830,-0.242361,1,1
3433,86,-0.290707,-0.172088,-0.168297,-0.252697,-0.169379,0,1
3435,86,-0.302515,-0.092045,-0.247634,-0.216543,-0.074952,1,1
3404,86,-0.139822,-0.074886,-0.081054,-0.109089,-0.138913,1,0
3438,86,-0.290700,-0.052390,-0.202248,-0.211616,-0.134374,1,1
3421,86,-0.230301,-0.023225,-0.151033,-0.206351,-0.126327,1,1
3420,86,-0.248760,-0.047765,-0.166561,-0.151068,-0.030038,1,1
3418,86,-0.226320,-0.038585,-0.229438,-0.060399,-0.135211,1,1
3414,86,-0.239481,-0.043508,-0.086326,-0.118221,-0.222267,1,1
3419,86,-0.262656,0.063269,-0.086346,-0.052661,-0.094707,1,0
3427,86,-0.261193,-0.116826,-0.220960,-0.181561,-0.219408,1,1
3437,86,-0.273929,-0.151263,-0.207852,-0.167783,-0.116835,1,1
3416,86,-0.305881,-0.074019,-0.128477,-0.158191,-0.101104,1,1
3428,86,-0.265969,-0.053139,-0.215244,-0.136750,-0.230622,1,1
3425,86,-0.343398,-0.188356,-0.190120,-0.131102,-0.065615,0,1
3451,87,-0.207118,-0.029318,-0.121823,-0.189454,-0.058230,1,1
3471,87,-0.284630,-0.136069,-0.188478,-0.152822,-0.157095,1,1
3442,87,-0.163833,0.002365,-0.061604,-0.044373,-0.117164,1,0
3469,87,-0.280993,-0.109641,-0.077898,-0.105936,-0.079739,1,1
3468,87,-0.189023,-0.038572,-0.184936,-0.169207,-0.003320,1,1
3452,87,-0.211427,-0.008719,-0.127916,-0.008952,-0.078425,1,1
3474,87,-0.248174,-0.004328,-0.158160,-0.151731,-0.035292,1,1
3454,87,-0.242554,-0.001086,-0.098511,-0.164648,-0.090263,1,1
3444,87,-0.272822,0.023890,-0.173783,-0.140117,-0.052436,1,1
3461,87,-0.333319,-0.073406,-0.272290,-0.177329,-0.145646,1,1
3470,87,-0.281574,-0.205170,-0.152574,-0.096119,-0.209852,0,1
3446,87,-0.254896,-0.028150,-0.136292,-0.103098,-0.078064,1,1
3478,87,-0.279212,-0.131687,-0.158189,-0.164310,-0.145687,1,1
3464,87,-0.341303,-0.083145,-0.116720,-0.065664,-0.192628,1,1
3455,87,-0.199618,-0.098731,-0.139271,-0.119451,-0.053729,1,1
3448,87,-0.183734,-0.055098,-0.155857,-0.036810,0.003061,1,1
3453,87,-0.258082,-0.038820,-0.043417,-0.068534,-0.130814,1,1
3475,87,-0.305398,0.031815,-0.146642,-0.220583,-0.107948,1,1
3456,87,-0.141963,0.011995,-0.126489,-0.019193,-0.054711,1,0
3460,87,-0.357388,-0.045441,-0.216743,-0.209220,-0.148021,1,1
3440,87,-0.188153,-0.087332,-0.196774,-0.000435,-0.096139,1,1
3443,87,-0.190111,-0.030520,-0.102792,-0.133639,-0.152577,1,1
3467,87,-0.320733,-0.156923,-0.239758,-0.193617,-0.109938,0,1
3465,87,-0.342926,-0.114523,-0.267664,-0.129743,-0.117055,0,1
3463,87,-0.303658,-0.040159,-0.217294,-0.157105,-0.149789,1,1
3479,87,-0.207203,-0.144835,-0.213891,-0.135159,-0.126527,1,1
3466,87,-0.255477,-0.156996,-0.170870,-0.134779,-0.160626,1,1
3477,87,-0.264701,-0.157005,-0.214883,-0.212413,-0.187015,1,1
3459,87,-0.207100,-0.037200,-0.071074,-0.140403,-0.060629,1,1
3458,87,-0.206898,-0.041727,-0.159116,-0.057460,-0.134228,1,1
3472,87,-0.187593,-0.064867,-0.234656,-0.131128,-0.134668,1,1
3445,87,-0.234395,-0.107795,-0.128349,-0.099582,-0.048184,1,1
3476,87,-0.260039,-0.129022,-0.146733,-0.081181,-0.234460,1,1
3450,87,-0.159421,-0.029561,-0.092715,-0.113924,-0.085019,1,1
3441,87,-0.203901,0.032044,-0.006952,-0.049976,-0.136432,1,1
3457,87,-0.293286,-0.113379,-0.176009,-0.069584,-0.053061,1,1
3473,87,-0.299029,-0.185612,-0.179264,-0.121477,-0.104450,0,1
3447,87,-0.123205,0.032027,-0.097204,-0.102326,-0.100886,1,0
3449,87,-0.217724,-0.034964,-0.099941,-0.162560,0.009032,1,1
3462,87,-0.296565,-0.126115,-0.083175,-0.192927,-0.107847,1,1
3485,88,-0.183036,0.030361,-0.136094,-0.066752,0.016404,1,1
3503,88,-0.386030,-0.082938,-0.179419,-0.073589,-0.101560,0,1
3484,88,-0.165671,-0.079745,-0.066246,0.043474,0.045762,1,1
3488,88,-0.076245,-0.075692,-0.067746,-0.040617,-0.121610,1,0
3491,88,-0.169829,0.020139,-0.015021,-0.064134,0.002615,1,1
3495,88,-0.124410,-0.025813,-0.061570,-0.028207,0.022300,1,0
3512,88,-0.309388,-0.003481,-0.121665,-0.183577,-0.059022,0,1
3481,88,-0.146365,-0.095371,-0.019520,0.038874,-0.018083,1,1
3507,88,-0.322528,-0.094536,-0.282658,-0.152466,-0.127879,0,1
3516,88,-0.292896,-0.015643,-0.195966,-0.196055,-0.190095,1,1
3480,88,-0.176386,0.012988,-0.022984,-0.047414,-0.023091,1,1
3496,88,-0.170424,-0.092870,-0.088429,-0.053202,-0.048852,1,1
3482,88,-0.185876,0.052183,-0.060432,-0.060364,-0.056042,1,0
3508,88,-0.277187,-0.099989,-0.203291,-0.163036,-0.020216,0,1
3490,88,-0.124157,-0.041271,0.028759,-0.054310,-0.052118,1,0
3515,88,-0.260048,-0.099911,-0.096447,-0.127221,-0.042859,1,1
3502,88,-0.302977,-0.172866,-0.165514,-0.122494,-0.054908,0,1
3510,88,-0.233691,-0.067958,-0.197978,-0.194120,-0.070914,1,1
3483,88,-0.054112,-0.069536,-0.098769,-0.066975,-0.038634,1,0
3517,88,-0.242079,-0.074479,-0.200757,-0.166145,-0.067325,1,1
3494,88,-0.293657,-0.107480,-0.022065,-0.011003,-0.036150,1,1
3498,88,-0.067569,-0.048354,-0.082163,-0.073705,0.073081,1,0
3501,88,-0.256257,-0.057700,-0.202313,-0.125344,-0.181050,1,1
3511,88,-0.355637,-0.185943,-0.143380,-0.170933,-0.065860,0,1
3493,88,-0.016882,-0.021818,-0.174826,0.003654,-0.037410,1,0
3489,88,-0.193773,0.049283,-0.123127,-0.049679,0.030467,1,0
3518,88,-0.262950,0.006679,-0.194679,-0.113018,-0.112898,1,1
3487,88,-0.069479,-0.017188,-0.103690,-0.104560,-0.020938,1,0
3497,88,-0.113834,-0.052513,-0.054531,-0.129199,-0.037885,1,0
3519,88,-0.226966,-0.076462,-0.204838,-0.185175,-0.065380,1,1
3509,88,-0.271235,-0.179272,-0.235319,-0.174792,-0.173475,0,1
3486,88,-0.101014,0.025025,-0.039062,-0.128645,-0.052755,1,0
3514,88,-0.289359,-0.096921,-0.166407,-0.109067,-0.126884,0,1
3500,88,-0.333431,-0.113281,-0.146861,-0.108890,-0.124843,0,1
3505,88,-0.219933,-0.061249,-0.144980,-0.163822,-0.124404,1,1
3492,88,-0.151690,-0.027934,-0.190824,-0.073729,-0.070822,1,1
3504,88,-0.283479,-0.134598,-0.240122,-0.036692,-0.186356,0,1
3506,88,-0.196624,-0.127999,-0.086539,-0.176093,-0.128610,1,1
3513,88,-0.269216,-0.062633,-0.154387,-0.187507,-0.096486,1,1
3499,88,-0.181916,-0.026369,-0.164049,-0.021541,-0.000960,1,1
3558,89,-0.272326,-0.124097,-0.218903,-0.118754,-0.157534,0,1
3539,89,-0.155810,-0.002907,-0.170299,-0.127905,0.012764,1,1
3546,89,-0.265252,-0.103013,-0.163400,-0.133807,-0.067985,0,1
3538,89,-0.151776,-0.014316,-0.106076,0.066279,-0.072303,1,1
3552,89,-0.289600,-0.066252,-0.126669,-0.142216,-0.072698,0,1
3557,89,-0.224154,-0.077032,-0.097130,-0.095066,-0.141944,1,1
3524,89,-0.157355,0.085823,-0.047510,0.000462,-0.076603,1,0
3536,89,-0.101057,-0.043503,-0.084330,-0.052674,-0.078995,1,1
3544,89,-0.200440,-0.099159,-0.212438,-0.229349,-0.059140,1,1
3534,89,-0.103817,0.024350,-0.010872,-0.144187,-0.031581,1,0
3550,89,-0.185247,-0.088839,-0.108090,-0.213179,-0.087435,1,1
3526,89,-0.142938,-0.118266,-0.157411,-0.072357,-0.039101,1,1
3549,89,-0.218775,-0.140719,-0.210757,-0.156793,-0.160904,0,1
3548,89,-0.262818,-0.122981,-0.200724,-0.118298,-0.099655,0,1
3521,89,-0.009350,-0.005767,-0.145196,0.000186,-0.020479,1,0
3554,89,-0.219244,-0.101746,-0.174803,-0.150798,-0.178572,1,1
3555,89,-0.250843,-0.088818,-0.223314,-0.096497,-0.029644,1,1
3551,89,-0.247357,-0.033524,-0.161056,-0.092314,-0.105341,1,1
3537,89,-0.071359,-0.068051,-0.131087,-0.052500,-0.005119,1,0
3525,89,-0.139770,-0.021890,-0.049535,-0.083922,0.002899,1,1
3529,89,-0.139527,-0.127197,-0.105630,0.015224,-0.038535,1,1
3531,89,-0.169492,-0.098212,-0.102176,-0.044274,0.004017,1,1
3542,89,-0.246554,0.040787,-0.208777,-0.194704,-0.084718,1,1
3540,89,-0.243700,-0.185434,-0.250951,-0.077920,-0.041280,0,1
3559,89,-0.296152,-0.126788,-0.184211,-0.173630,-0.119780,0,1
3535,89,-0.102193,-0.052687,-0.046814,0.042002,0.023493,1,1
3528,89,-0.072598,0.006059,-0.151557,-0.077068,0.089385,1,0
3541,89,-0.260779,-0.126022,-0.207346,-0.163011,-0.156713,0,1
3527,89,-0.207279,0.043615,-0.081850,-0.079334,-0.061718,1,1
3545,89,-0.223877,-0.074376,-0.100524,-0.160164,-0.176414,1,1
3522,89,0.005861,-0.017115,0.008898,0.041832,-0.136546,1,0
3533,89,-0.210128,-0.018804,-0.112542,-0.097941,-0.027368,1,1
3520,89,-0.137489,0.114069,-0.039493,-0.029112,-0.034423,1,0
3553,89,-0.218964,-0.153423,-0.146056,-0.220449,-0.125597,0,1
3523,89,-0.153366,-0.011054,-0.090219,-0.028006,-0.022288,1,1
3543,89,-0.246492,-0.151292,-0.134164,-0.124626,-0.170463,0,1
3530,89,-0.165180,-0.000197,-0.020363,-0.127343,0.030446,1,1
3532,89,-0.089759,-0.065210,-0.032578,-0.079901,-0.016709,1,0
3556,89,-0.206777,-0.135835,-0.222991,-0.109916,-0.060553,1,1
3547,89,-0.247050,-0.091366,-0.160202,-0.160645,-0.056821,1,1
3575,90,-0.117062,0.035444,-0.073629,-0.072541,0.025715,1,0
3588,90,-0.142596,0.006664,-0.251881,-0.202558,-0.116973,1,1
3591,90,-0.244937,-0.062032,-0.185735,-0.190276,-0.132043,1,1
3594,90,-0.295847,-0.095850,-0.159301,-0.102354,-0.108394,0,1
3597,90,-0.171059,0.010896,-0.177195,-0.155160,-0.117462,1,1
3578,90,-0.096862,-0.022061,-0.073191,-0.092727,-0.048144,1,1
3592,90,-0.131667,-0.032533,-0.249181,-0.130687,0.007053,1,1
3561,90,-0.132039,-0.043263,-0.084487,-0.091134,0.048956,1,1
3574,90,-0.137203,-0.121605,-0.123576,0.002966,-0.023475,1,1
3582,90,-0.213395,-0.100791,-0.145698,-0.109947,-0.102947,1,1
3563,90,-0.081996,0.082155,-0.066433,-0.058639,-0.017353,1,0
3580,90,-0.144927,-0.152865,-0.144226,-0.093875,-0.040133,1,1
3595,90,-0.210952,-0.043088,-0.094529,-0.076766,-0.073426,1,1
3566,90,-0.108042,0.073520,-0.034175,-0.048474,-0.031414,1,0
3577,90,-0.097582,-0.023654,-0.092815,-0.030330,-0.028737,1,1
3572,90,-0.086885,-0.128230,-0.060348,-0.056135,0.001601,1,1
3589,90,-0.217458,-0.046209,-0.200955,-0.105022,-0.113897,1,1
3579,90,-0.190173,-0.073022,-0.088905,0.025204,-0.001382,1,1
3573,90,-0.200926,0.028514,-0.107887,0.015513,-0.050780,1,1
3585,90,-0.185972,-0.105790,-0.161476,-0.116427,-0.169824,1,1
3564,90,-0.162339,-0.080363,-0.082295,0.017135,0.008510,1,1
3570,90,-0.081877,-0.025072,-0.124522,-0.024716,-0.006590,1,0
3587,90,-0.170543,-0.069785,-0.118223,-0.163871,-0.102343,1,1
3599,90,-0.214998,-0.127531,-0.063725,-0.146173,-0.082230,1,1
3581,90,-0.162559,-0.073951,-0.162002,-0.070630,-0.049472,1,1
3596,90,-0.275571,-0.116946,-0.148847,-0.207595,-0.136390,0,1
3593,90,-0.237016,-0.052669,-0.111936,-0.106867,-0.088141,1,1
3598,90,-0.258653,-0.130380,-0.088465,-0.144127,-0.180482,0,1
3584,90,-0.251102,-0.080265,-0.151782,-0.181260,-0.103961,1,1
3569,90,-0.107017,-0.019181,-0.093327,-0.116867,-0.006651,1,1
3576,90,-0.180565,-0.099248,-0.194053,-0.065608,0.000549,1,1
3565,90,-0.142909,-0.076498,-0.049002,-0.051952,0.025549,1,1
3562,90,-0.077961,-0.106632,-0.086193,0.035363,-0.020943,1,1
3590,90,-0.299682,-0.103604,-0.181092,-0.131005,-0.042880,0,1
3571,90,-0.132019,-0.060489,-0.126282,-0.033939,-0.059569,1,1
3560,90,-0.074156,0.064887,-0.068380,-0.111023,0.046410,1,0
3568,90,-0.135737,0.073955,-0.045288,-0.030079,0.010715,1,0
3586,90,-0.166090,-0.069488,-0.165345,-0.184850,-0.028087,1,1
3567,90,-0.234726,-0.033230,-0.176289,0.050234,-0.043152,1,1
3583,90,-0.207711,-0.048991,-0.203785,-0.136746,-0.089046,1,1
3629,91,-0.192969,-0.111129,-0.112621,-0.090652,-0.090657,1,1
3631,91,-0.140909,-0.021160,-0.148451,-0.170651,-0.149524,1,1
3616,91,-0.131077,-0.092590,-0.125782,0.055068,-0.101847,1,1
3639,91,-0.158262,-0.089678,-0.204004,-0.097551,-0.073928,1,1
3602,91,-0.066485,0.008003,-0.035495,-0.067081,-0.124445,1,0
3636,91,-0.178263,-0.123582,-0.139840,-0.131412,-0.129242,1,1
3618,91,-0.102212,-0.075464,0.010187,-0.100858,0.019435,1,1
3608,91,-0.148830,-0.033960,-0.018597,-0.025382,-0.115741,1,1
3613,91,-0.059058,-0.031471,-0.050876,0.027486,-0.034422,1,1
3604,91,-0.183343,-0.005342,-0.055762,-0.060276,-0.021037,1,1
3637,91,-0.164011,-0.057131,-0.129061,-0.129755,-0.117630,1,1
3612,91,-0.084448,0.066377,-0.077335,-0.029671,0.004772,1,0
3621,91,-0.176743,-0.153496,-0.140146,-0.128095,-0.115605,1,1
3627,91,-0.153474,-0.107882,-0.086954,-0.224447,-0.112576,1,1
3617,91,-0.099036,-0.018418,-0.101140,-0.030197,0.080408,1,1
3624,91,-0.174902,-0.045876,-0.073319,-0.098033,-0.031360,1,1
3607,91,-0.136576,-0.024186,0.000568,0.006332,0.027813,1,1
3625,91,-0.174182,-0.108705,-0.018679,-0.109607,-0.070288,1,1
3626,91,-0.162267,-0.106653,-0.124586,-0.099114,-0.098972,1,1
3634,91,-0.187843,-0.093449,-0.144379,-0.091905,-0.128860,1,1
3615,91,-0.106420,0.072067,-0.068987,-0.142328,-0.059527,1,0
3606,91,-0.007761,-0.075555,-0.112009,-0.093477,0.002341,1,0
3630,91,-0.208509,-0.039720,-0.149390,-0.036851,-0.054044,1,1
3619,91,-0.062083,-0.019573,-0.030373,-0.035198,-0.113216,1,1
3605,91,-0.075327,-0.080763,-0.081340,-0.056919,0.027137,1,1
3614,91,-0.115475,-0.084788,-0.102401,-0.096872,0.015207,1,1
3633,91,-0.241360,-0.173709,-0.152986,-0.046118,-0.125901,0,1
3622,91,-0.209555,-0.108807,-0.038791,-0.132295,-0.120759,1,1
3600,91,-0.114035,-0.035026,-0.016507,0.069622,-0.068176,1,1
3620,91,-0.099314,-0.034411,-0.182731,-0.141748,-0.076365,1,1
3601,91,-0.093086,0.034502,-0.114754,-0.001048,-0.035034,1,0
3632,91,-0.183238,-0.031672,-0.069622,-0.159326,-0.063180,1,1
3610,91,-0.068049,-0.047033,-0.006055,-0.023683,-0.078617,1,1
3638,91,-0.173569,-0.089888,-0.071617,-0.135534,-0.159501,1,1
3609,91,-0.114203,-0.040898,-0.052471,0.034357,-0.103384,1,1
3611,91,-0.109416,0.114584,-0.050891,-0.056370,0.065847,1,0
3623,91,-0.212336,-0.135408,-0.141592,-0.106416,-0.091043,0,1
3603,91,-0.124672,0.028844,-0.009030,-0.058326,0.128105,1,1
3635,91,-0.246079,-0.132895,-0.153856,-0.102382,-0.036549,0,1
3628,91,-0.202002,-0.041776,-0.148184,-0.112485,-0.092670,1,1
3652,92,-0.050938,0.047977,-0.102963,-0.133494,-0.071703,1,0
3656,92,-0.038646,0.029656,-0.106871,-0.016347,0.117030,1,0
3651,92,-0.137613,-0.036556,-0.097206,-0.058791,-0.009105,1,1
3645,92,-0.149583,0.020337,-0.184940,0.055113,-0.033615,1,1
3647,92,-0.135869,-0.008034,-0.101321,-0.071514,-0.174148,1,1
3678,92,-0.196058,-0.065943,-0.100185,-0.174309,-0.127256,1,1
3666,92,-0.245154,-0.061239,-0.182584,-0.103306,-0.020953,1,1
3654,92,-0.072671,0.018343,-0.028636,-0.006841,-0.031342,1,1
3675,92,-0.129989,-0.203560,-0.152148,-0.024935,-0.070945,0,1
3662,92,-0.166189,-0.151536,-0.064910,-0.132544,-0.135706,1,1
3643,92,-0.098887,-0.054235,-0.003198,-0.009275,0.015134,1,1
3664,92,-0.251040,-0.079904,-0.185627,-0.104112,-0.087579,0,1
3646,92,-0.056379,-0.007345,-0.071294,-0.016570,-0.001639,1,1
3673,92,-0.170928,-0.147319,-0.187779,-0.135443,0.029304,1,1
3644,92,-0.067828,-0.097545,-0.055750,-0.020583,0.054762,1,1
3679,92,-0.168351,-0.009078,-0.141477,-0.101651,-0.000786,1,1
3672,92,-0.105570,-0.166483,-0.129296,-0.014280,-0.145710,1,1
3667,92,-0.193092,-0.118971,-0.014348,-0.103728,-0.086172,1,1
3674,92,-0.180501,-0.059614,-0.158077,-0.125943,-0.005154,1,1
3663,92,-0.177059,-0.103980,-0.139447,-0.065429,-0.018221,1,1
3669,92,-0.169340,-0.040176,-0.107500,-0.000340,-0.091843,1,1
3670,92,-0.226992,-0.058542,-0.142827,-0.083914,-0.070992,1,1
3660,92,-0.114770,-0.104052,-0.064777,-0.143205,-0.147518,1,1
3668,92,-0.130597,-0.169525,-0.147650,-0.129361,-0.096136,0,1
3677,92,-0.235079,-0.158904,-0.096910,-0.018215,-0.115658,0,1
3657,92,-0.099548,-0.097540,-0.115542,0.012777,0.072271,1,1
3661,92,-0.179923,-0.118311,-0.072850,-0.096689,-0.025902,1,1
3642,92,-0.217460,-0.033036,-0.086340,-0.099673,-0.000353,1,1
3640,92,-0.148122,-0.032169,-0.092390,-0.006295,-0.011842,1,1
3659,92,-0.108295,-0.014156,0.002671,-0.047466,0.010895,1,1
3658,92,-0.133199,0.007855,-0.067432,-0.042170,0.052779,1,1
3653,92,-0.059525,0.012387,-0.005934,0.011148,-0.033656,1,1
3671,92,-0.072282,-0.076999,-0.113717,-0.080795,-0.032841,1,1
3650,92,-0.014782,-0.046196,-0.046484,0.023354,0.011371,1,1
3665,92,-0.165416,-0.130372,-0.250995,-0.100566,-0.118310,1,1
3676,92,-0.207428,-0.117460,-0.150506,-0.194368,-0.010828,1,1
3655,92,-0.094061,0.007762,-0.123225,-0.002627,0.028987,1,1
3649,92,-0.161893,0.041225,-0.092687,-0.094639,-0.020954,1,1
3641,92,-0.143438,-0.000255,-0.033838,-0.134055,-0.119603,1,1
3648,92,-0.032117,-0.077810,-0.088121,-0.001407,-0.019800,1,1
3693,93,-0.139771,0.025803,-0.008161,-0.044615,-0.003291,1,1
3716,93,-0.178737,-0.136114,-0.161848,-0.081132,-0.076124,1,1
3710,93,-0.122917,-0.042728,0.009532,-0.035280,-0.102919,1,1
3700,93,-0.156200,-0.125077,-0.185971,-0.095446,-0.098205,1,1
3691,93,-0.088107,-0.103565,0.027793,-0.069654,0.029227,1,1
3684,93,-0.150661,0.022359,-0.022158,-0.031301,0.027966,1,1
3712,93,-0.118419,-0.010914,-0.107211,-0.105510,-0.082427,1,1
3703,93,-0.120690,-0.048368,-0.102215,-0.078047,-0.033546,1,1
3694,93,-0.105306,-0.021237,-0.087117,-0.088071,-0.043723,1,1
3687,93,-0.123252,-0.039881,0.016103,-0.004309,0.058612,1,1
3708,93,-0.110435,0.056170,-0.183686,-0.095402,-0.043244,1,1
3714,93,-0.037116,-0.066437,-0.146113,-0.135559,-0.006704,1,1
3692,93,-0.168769,0.001226,-0.102063,-0.036126,0.049255,1,1
3690,93,-0.103489,0.003447,0.029507,0.006551,-0.089746,1,1
3705,93,-0.143438,-0.103331,-0.108285,-0.093804,-0.101257,1,1
3680,93,-0.021658,-0.044248,-0.084856,-0.071141,0.005602,1,1
3685,93,-0.006223,-0.029953,-0.061226,-0.050140,-0.155395,1,1
3689,93,-0.173771,-0.087163,-0.104619,-0.027033,-0.059258,1,1
3698,93,-0.047860,-0.036957,-0.015622,-0.028613,0.013072,1,1
3711,93,-0.117291,-0.075646,-0.027922,-0.176876,-0.039691,1,1
3696,93,-0.026416,-0.031449,-0.023452,-0.073342,-0.008469,1,1
3704,93,-0.127907,-0.041219,-0.114056,-0.143308,-0.093129,1,1
3719,93,-0.194460,-0.098274,-0.082691,-0.001723,-0.121547,1,1
3707,93,-0.124838,-0.112410,-0.093848,-0.037680,-0.154372,1,1
3706,93,-0.198416,-0.118375,-0.044286,-0.114653,-0.066837,1,1
3681,93,0.023877,0.006755,-0.145570,-0.000059,-0.015991,1,0
3709,93,-0.122560,-0.097281,-0.078918,-0.077022,-0.086673,1,1
3699,93,-0.150351,0.011242,-0.026229,-0.080000,0.044693,1,1
3697,93,0.052947,-0.115600,-0.025386,-0.037567,-0.007035,1,0
3701,93,-0.081296,-0.121224,-0.143552,-0.122152,-0.053837,1,1
3695,93,-0.099651,-0.042063,-0.162391,-0.065679,0.048722,1,1
3686,93,-0.111374,-0.139726,0.002822,-0.058665,0.029787,1,1
3715,93,-0.167911,0.004883,-0.180026,-0.101671,0.016894,1,1
3683,93,-0.068368,0.016738,-0.079408,0.027242,-0.046575,1,1
3713,93,-0.204797,-0.055889,-0.111453,-0.062658,0.104334,1,1
3682,93,-0.146150,-0.045055,-0.107925,-0.045662,0.093684,1,1
3702,93,-0.079783,-0.162336,-0.055470,-0.060893,-0.090865,1,1
3718,93,-0.039800,-0.165724,-0.137539,-0.166955,-0.037696,0,1
3688,93,-0.091738,-0.076987,-0.129969,-0.046872,0.029326,1,1
3717,93,-0.027345,-0.081947,-0.146760,0.009946,-0.050152,1,1
3720,94,-0.018071,-0.059734,-0.008363,-0.073070,0.035697,1,1
3759,94,-0.080567,-0.006798,-0.037333,-0.141019,-0.012466,1,1
3721,94,0.023165,-0.012040,-0.042151,0.008787,0.102540,1,1
3751,94,-0.165008,-0.077962,-0.050859,-0.104872,-0.021398,1,1
3744,94,-0.110112,-0.087203,-0.075397,-0.067167,-0.020187,1,1
3758,94,-0.062564,-0.080526,-0.086810,-0.077266,-0.045881,1,1
3740,94,-0.089677,-0.103163,-0.118304,-0.007386,0.051209,1,1
3728,94,-0.007189,-0.020329,0.069585,-0.117941,-0.007562,1,1
3724,94,-0.079435,-0.097503,-0.074777,0.128960,-0.062719,1,1
3734,94,-0.131385,-0.009939,0.022556,-0.035044,-0.034759,1,1
3725,94,-0.096780,0.074051,0.017388,-0.028549,0.123618,1,0
3754,94,-0.059737,-0.081381,-0.120068,-0.110934,-0.032305,1,1
3736,94,-0.104399,0.040568,-0.095675,-0.033308,-0.069351,1,1
3731,94,-0.139056,-0.008119,0.009804,-0.052024,0.128613,1,1
3757,94,-0.043170,-0.173623,-0.214988,-0.061047,-0.035564,0,1
3753,94,-0.053724,-0.083238,-0.077282,-0.071722,-0.073564,1,1
3746,94,-0.134474,0.042939,-0.041430,-0.107601,-0.069836,1,1
3727,94,-0.069708,-0.039238,-0.049013,-0.003117,0.031398,1,1
3739,94,-0.174294,-0.132831,-0.072991,0.023471,-0.020494,1,1
3748,94,-0.204974,-0.113901,-0.142807,-0.015011,-0.123083,0,1
3729,94,-0.072774,-0.061980,-0.051236,-0.056223,0.033335,1,1
3723,94,-0.062313,-0.085928,-0.075196,-0.006842,-0.049895,1,1
3722,94,-0.102312,-0.111626,-0.022224,-0.116987,0.026286,1,1
3738,94,-0.006726,-0.059410,-0.069207,-0.092606,-0.034773,1,1
3733,94,-0.051982,-0.045004,-0.053957,0.015244,0.039805,1,1
3737,94,-0.112591,-0.108126,-0.058429,0.062145,-0.024799,1,1
3735,94,-0.038181,-0.066585,-0.010966,0.059825,0.065173,1,1
3742,94,-0.101854,-0.032249,-0.065968,-0.053594,-0.077860,1,1
3741,94,-0.077585,-0.154738,-0.087305,-0.029946,-0.132604,1,1
3755,94,-0.088701,-0.082801,-0.053678,-0.073104,-0.017583,1,1
3750,94,-0.149960,-0.074664,-0.101294,-0.040168,-0.031939,1,1
3756,94,-0.065842,-0.149623,-0.139403,-0.103153,-0.063530,1,1
3752,94,-0.157055,-0.129398,-0.141702,-0.086057,-0.081238,1,1
3745,94,-0.071958,-0.067053,-0.129175,-0.058344,-0.017539,1,1
3732,94,-0.122013,0.041407,-0.089730,0.081128,-0.048984,1,1
3743,94,-0.096361,-0.094184,-0.056399,-0.200838,-0.098200,1,1
3749,94,-0.076398,-0.049145,0.036449,-0.059714,-0.082489,1,1
3726,94,-0.061132,-0.057925,0.010363,-0.015285,0.089931,1,1
3730,94,0.014985,-0.038491,0.039580,-0.066407,0.001459,1,1
3747,94,-0.053516,-0.154766,-0.118348,-0.097897,-0.038394,1,1
3784,95,-0.011870,-0.107779,-0.071195,-0.036854,-0.011912,1,1
3764,95,-0.094911,0.059436,-0.049590,-0.061593,0.059897,1,0
3782,95,-0.030809,-0.143563,-0.099716,-0.068447,0.034487,1,1
3768,95,0.021799,-0.034387,0.099502,0.143472,0.020086,1,1
3778,95,0.046649,-0.048636,0.026483,0.083704,0.024333,1,1
3771,95,-0.036441,0.035568,0.025799,-0.006322,0.115943,1,1
3775,95,0.000596,-0.009788,-0.002954,-0.019830,0.087369,1,1
3773,95,-0.083540,0.019973,-0.057889,-0.017210,0.058734,1,1
3780,95,-0.193237,-0.154101,-0.049213,-0.078750,-0.046435,0,1
3792,95,-0.098633,-0.132308,-0.103301,-0.100615,-0.028965,1,1
3791,95,-0.075970,-0.012487,-0.110604,-0.026759,-0.052533,1,1
3796,95,-0.126007,-0.088515,-0.080865,-0.105375,0.000550,1,1
3786,95,-0.090635,-0.082132,-0.105930,-0.144583,-0.020918,1,1
3785,95,-0.167407,-0.121332,-0.048824,0.009348,-0.053841,0,1
3769,95,-0.033798,-0.060534,0.006869,-0.017400,0.009112,1,1
3761,95,-0.010345,-0.101823,-0.068283,-0.059312,0.066048,1,1
3762,95,-0.092626,-0.030154,-0.055486,0.004597,0.015351,1,1
3765,95,-0.110246,0.022352,-0.012787,-0.162880,-0.057576,1,1
3783,95,-0.056479,-0.124509,-0.002438,-0.027080,-0.056090,1,1
3799,95,-0.104754,-0.055872,-0.071744,-0.016925,0.011379,1,1
3767,95,-0.042357,0.001779,0.008757,-0.012087,-0.020331,1,1
3774,95,-0.026313,-0.058430,0.023415,-0.022738,-0.050524,1,1
3779,95,-0.069039,-0.046829,0.017982,-0.008666,0.003377,1,1
3798,95,-0.056431,-0.120155,-0.073197,-0.123512,-0.042548,1,1
3789,95,-0.048217,-0.173059,-0.136508,0.029140,-0.036715,0,1
3760,95,-0.031098,-0.086065,-0.046208,0.061452,0.074635,1,1
3763,95,-0.092880,-0.061492,0.017518,-0.030567,0.042848,1,1
3787,95,-0.074569,-0.102389,-0.103323,-0.030558,0.033880,1,1
3770,95,-0.062171,-0.054715,0.010306,-0.054852,0.001545,1,1
3781,95,0.019936,-0.027603,-0.102095,-0.175620,0.017433,1,1
3777,95,-0.046623,-0.081880,-0.017016,-0.071247,-0.014517,1,1
3788,95,-0.130456,-0.050573,-0.102951,-0.131267,-0.053781,1,1
3794,95,-0.164422,-0.072588,-0.039805,-0.087159,-0.025476,1,1
3776,95,-0.016187,0.023578,-0.080075,0.008118,-0.034188,1,1
3795,95,-0.119083,0.012939,-0.049562,-0.034628,-0.020470,1,1
3793,95,-0.068722,-0.021333,-0.096335,-0.017206,-0.067774,1,1
3797,95,-0.028085,-0.018185,-0.049793,-0.084166,-0.027124,1,1
3766,95,-0.018684,0.032007,-0.071167,-0.024449,0.041419,1,1
3772,95,-0.058813,-0.003178,-0.038986,0.097265,-0.155197,1,1
3790,95,-0.111259,-0.087553,0.003739,-0.105834,-0.028669,1,1
3810,96,-0.081497,0.014829,-0.009531,0.050425,0.082013,1,1
3824,96,-0.177807,-0.060047,-0.065747,0.005138,-0.066183,1,1
3830,96,-0.051307,-0.052031,-0.098693,-0.025686,-0.129882,1,1
3832,96,-0.117720,-0.027233,-0.035900,-0.097575,-0.058812,1,1
3836,96,-0.110339,-0.102240,-0.009813,-0.077569,0.026049,1,1
3809,96,-0.005208,-0.020643,-0.104977,-0.045000,0.128617,1,1
3808,96,-0.061001,-0.044401,0.059538,-0.073364,0.047584,1,1
3835,96,-0.066650,-0.064071,-0.081558,0.018766,-0.027841,1,1
3807,96,-0.037607,0.068200,0.006830,-0.050614,-0.021946,1,0
3837,96,-0.050131,-0.047836,-0.111442,0.027903,0.065383,1,1
3821,96,-0.090562,-0.119117,-0.063656,-0.034606,-0.064364,1,1
3829,96,-0.111593,-0.128599,-0.089243,-0.028007,-0.068311,1,1
3818,96,0.010373,-0.042740,-0.008664,0.089300,-0.002116,1,1
3800,96,-0.094360,-0.033176,-0.073846,0.010301,0.022180,1,1
3816,96,-0.037596,-0.027111,0.006950,0.024822,0.133655,1,1
3820,96,-0.077314,-0.041862,-0.108924,-0.071454,-0.015728,1,1
3805,96,-0.022655,-0.019282,0.042098,0.041859,0.040289,1,1
3813,96,0.003088,-0.070432,-0.087025,0.043810,-0.024295,1,1
3828,96,-0.049282,-0.114969,-0.091496,-0.035166,0.055492,1,1
3815,96,-0.041352,0.041041,0.020999,0.064615,0.003630,1,1
3823,96,-0.018577,-0.140689,-0.072566,-0.095116,-0.077789,1,1
3834,96,-0.070071,-0.116363,-0.098603,0.002644,0.006059,1,1
3819,96,-0.028380,0.000477,0.004755,0.080771,0.037208,1,1
3802,96,-0.085967,-0.008618,-0.016293,-0.002239,0.096591,1,1
3814,96,-0.110277,-0.028539,-0.055904,-0.021749,0.081844,1,1
3833,96,0.014054,-0.122369,-0.067690,-0.099338,0.078160,1,1
3804,96,-0.000133,-0.006614,0.006421,0.013266,0.075277,1,1
3822,96,-0.010851,-0.096798,-0.030364,-0.062694,-0.005513,1,1
3838,96,-0.129622,-0.081023,-0.057195,-0.048604,-0.101012,1,1
3817,96,-0.121939,-0.013691,0.010297,-0.006223,0.023398,1,1
3806,96,-0.096493,-0.090158,0.069188,0.031456,0.081347,1,1
3812,96,-0.040484,-0.040178,-0.055947,-0.091494,0.114626,1,1
3839,96,-0.058896,-0.150998,-0.116951,-0.038092,0.019986,1,1
3831,96,-0.021054,-0.036417,-0.167208,-0.085676,-0.071990,1,1
3826,96,-0.095890,-0.064573,-0.078959,-0.145961,-0.055225,1,1
3827,96,-0.117541,-0.111092,-0.113226,0.025254,-0.026984,1,1
3811,96,-0.029922,0.022206,-0.090823,0.094554,0.137672,1,1
3825,96,-0.127072,-0.179508,-0.140357,0.027280,0.077613,0,1
3803,96,0.021095,-0.035389,-0.048457,0.017039,-0.000248,1,1
3801,96,-0.054127,0.057318,0.047759,-0.091600,-0.128572,1,1
3874,97,-0.061600,0.016404,-0.135596,-0.062265,-0.070151,1,1
3864,97,0.006357,-0.068761,-0.085508,-0.030270,0.011690,1,1
3844,97,-0.035868,0.009912,-0.064802,0.003637,0.072042,1,1
3859,97,-0.109599,0.034541,-0.140439,-0.007125,-0.009907,1,1
3850,97,-0.049606,-0.041649,-0.052167,0.042514,0.080002,1,1
3866,97,-0.032783,-0.045478,-0.016539,-0.040296,-0.043758,1,1
3854,97,0.020109,-0.016482,0.060552,0.085027,0.079683,1,1
3860,97,-0.018568,-0.199557,-0.049332,-0.036500,0.037239,0,1
3855,97,-0.052606,-0.115250,-0.046969,-0.057168,0.045028,1,1
3841,97,-0.026098,-0.020321,-0.068383,0.035974,-0.058810,1,1
3857,97,-0.013922,-0.053065,-0.060187,0.019391,0.070065,1,1
3853,97,0.008276,-0.041997,-0.018344,0.026301,0.016640,1,1
3876,97,-0.070609,-0.080371,-0.082404,-0.060235,-0.003522,1,1
3846,97,-0.042673,-0.081672,-0.093962,0.015421,0.019272,1,1
3865,97,-0.084723,-0.091433,-0.115244,-0.013312,0.017810,1,1
3842,97,-0.048725,0.058550,0.042639,-0.052629,0.050869,1,0
3869,97,-0.031049,-0.139565,-0.068741,0.023081,0.088516,1,1
3856,97,0.053081,-0.021246,-0.010789,-0.044098,0.105094,1,1
3840,97,0.030059,0.055826,-0.016116,-0.005519,0.001784,1,0
3877,97,-0.076913,-0.012420,-0.054312,-0.091087,-0.049486,1,1
3845,97,-0.067712,0.010376,0.010759,-0.031880,-0.026456,1,1
3873,97,-0.108620,-0.119823,-0.169050,-0.121127,0.014370,1,1
3843,97,-0.060402,0.060875,-0.060405,-0.008662,0.067198,1,0
3878,97,-0.104867,-0.117728,-0.121987,-0.002848,-0.090991,1,1
3868,97,0.023919,-0.154502,-0.038455,-0.143117,-0.009836,0,1
3879,97,-0.064436,-0.074514,0.027308,-0.050265,-0.067201,1,1
3871,97,-0.027781,-0.088285,-0.021939,-0.017683,-0.101251,1,1
3875,97,-0.058763,-0.041261,-0.156502,-0.065618,-0.018420,1,1
3870,97,0.018948,-0.135722,-0.084038,-0.128263,0.046854,1,1
3851,97,-0.006095,-0.014877,-0.039944,0.100140,0.036415,1,1
3852,97,-0.120481,-0.134932,-0.052082,-0.029570,-0.001150,1,1
3858,97,-0.001976,-0.105183,-0.025075,-0.058088,0.087111,1,1
3861,97,-0.059388,-0.034460,-0.011091,-0.069329,-0.082240,1,1
3848,97,-0.028083,-0.033162,0.118633,0.008130,0.047599,1,1
3862,97,-0.057516,0.021790,-0.047468,-0.068404,0.116118,1,1
3867,97,-0.062099,0.000495,-0.094254,-0.042868,-0.083059,1,1
3863,97,-0.111062,-0.143046,-0.062601,-0.035964,-0.027135,0,1
3847,97,0.014763,0.020305,-0.022752,0.029329,-0.035039,1,1
3849,97,-0.032520,0.019463,0.012098,0.018358,0.062666,1,1
3872,97,-0.043764,-0.089728,-0.090641,-0.038027,0.005099,1,1
3913,98,-0.006478,-0.137694,-0.019960,-0.061930,0.085864,1,1
3881,98,-0.030587,-0.056966,-0.090289,0.005350,0.075448,1,1
3888,98,-0.075677,-0.071274,-0.043322,-0.011881,0.044739,1,1
3889,98,-0.074409,-0.019708,-0.015733,-0.021441,0.058897,1,1
3912,98,-0.003581,-0.049148,-0.020914,-0.029383,-0.092812,1,1
3880,98,-0.011107,0.041061,-0.081089,-0.013377,0.017911,1,1
3891,98,-0.045599,-0.098558,-0.046698,0.042531,0.082256,1,1
3900,98,-0.069041,-0.070469,0.026276,-0.072008,-0.034537,1,1
3914,98,-0.058568,-0.120002,-0.050546,-0.055482,-0.062706,1,1
3886,98,0.017154,0.051266,0.034020,0.018614,0.074111,1,0
3895,98,-0.057892,0.006692,-0.078023,0.014034,0.059735,1,1
3884,98,0.012608,-0.070883,-0.005485,0.067524,0.124935,1,1
3897,98,-0.107692,0.022778,-0.068074,-0.047524,0.011316,1,1
3910,98,-0.094719,-0.112121,-0.136887,-0.058321,-0.009468,1,1
3904,98,-0.069443,-0.083737,0.036397,-0.089859,-0.042625,1,1
3882,98,-0.103148,-0.081277,-0.003595,0.002409,0.047395,1,1
3911,98,0.052074,-0.068139,0.024063,-0.089761,0.037442,1,1
3903,98,-0.056204,-0.124331,-0.015664,-0.059891,0.011909,1,1
3892,98,-0.012676,-0.034860,-0.110132,0.082826,0.005190,1,1
3894,98,-0.073863,0.024457,-0.040294,0.044000,0.042041,1,1
3883,98,-0.043094,-0.024203,-0.002186,-0.009758,0.006222,1,1
3907,98,-0.053833,-0.164109,-0.090171,-0.066055,-0.006039,0,1
3919,98,-0.054995,-0.042731,-0.015496,-0.065558,-0.054904,1,1
3899,98,-0.114671,-0.035209,-0.051221,-0.007801,0.028885,1,1
3917,98,0.020039,0.003546,-0.046323,0.010278,0.007874,1,1
3908,98,-0.063496,-0.083012,-0.073605,-0.010126,0.039485,1,1
3893,98,-0.021494,-0.035585,0.011037,-0.031559,0.143577,1,1
3885,98,-0.113157,-0.062184,-0.028260,0.034076,-0.011386,1,1
3905,98,-0.042936,-0.076330,-0.078599,-0.033504,-0.012206,1,1
3901,98,-0.003092,-0.080671,-0.054899,-0.046117,0.031061,1,1
3887,98,-0.050230,0.028791,-0.047563,-0.024506,-0.041333,1,1
3906,98,-0.040778,-0.070318,-0.077088,-0.038560,-0.048853,1,1
3915,98,-0.080551,-0.043442,-0.064801,0.059073,0.054326,1,1
3896,98,-0.069778,-0.021076,-0.069077,-0.029883,0.012951,1,1
3890,98,-0.034672,0.002657,0.004573,-0.055063,0.018142,1,1
3918,98,-0.085228,-0.107672,-0.145484,-0.017393,-0.081855,1,1
3909,98,0.000738,-0.084575,0.013845,-0.043095,-0.067769,1,1
3902,98,0.013016,-0.149015,-0.005257,-0.081242,-0.056426,1,1
3898,98,-0.007864,-0.047148,0.021127,0.061322,0.104451,1,1
3916,98,0.029842,-0.085426,-0.059184,-0.091559,-0.029180,1,1
3947,99,-0.091033,-0.187698,-0.033446,0.060403,0.043096,0,1
3938,99,-0.005410,-0.031441,-0.067387,-0.071139,-0.024896,1,1
3954,99,0.033894,-0.140673,-0.089734,-0.040762,-0.031275,1,1
3931,99,0.133604,-0.021659,-0.048654,0.062077,0.072376,1,0
3935,99,-0.048091,-0.008191,-0.008312,-0.012167,0.136428,1,1
3949,99,0.024167,-0.084864,-0.047815,-0.069588,0.016953,1,1
3939,99,-0.021154,-0.019379,-0.012975,0.009475,0.100640,1,1
3951,99,-0.021169,-0.015684,-0.009544,-0.076384,0.022827,1,1
3955,99,-0.003748,-0.057270,-0.051935,-0.008351,0.035722,1,1
3942,99,-0.044530,-0.116194,-0.114899,-0.067209,0.016474,1,1
3933,99,0.018855,-0.004864,-0.018670,-0.008382,0.002022,1,1
3948,99,-0.098328,-0.023883,-0.023366,-0.041579,0.079190,1,1
3937,99,-0.025487,0.009838,-0.035186,-0.035126,-0.063436,1,1
3953,99,0.043375,-0.019689,-0.109072,0.007378,-0.023116,1,1
3925,99,0.060224,0.066679,-0.027703,-0.101904,0.066395,1,0
3921,99,0.012952,-0.006758,-0.029842,0.019590,-0.002410,1,1
3929,99,-0.031541,-0.124096,0.001523,-0.019730,0.139423,1,1
3952,99,-0.094181,-0.155156,-0.114346,0.006389,-0.018127,0,1
3957,99,-0.011629,-0.073588,-0.073967,-0.066110,-0.034191,1,1
3950,99,-0.082962,-0.041526,0.023252,-0.036766,0.062471,1,1
3926,99,0.080332,-0.008039,-0.140140,-0.036210,0.070532,1,1
3922,99,0.016732,-0.094972,-0.025967,-0.039452,-0.021482,1,1
3927,99,-0.100218,0.010439,-0.005737,-0.043530,0.138008,1,1
3923,99,-0.068319,-0.003365,-0.011054,0.055902,0.007679,1,1
3946,99,-0.044919,-0.066251,-0.070698,-0.012088,-0.032405,1,1
3941,99,0.017051,-0.124241,-0.091358,-0.038387,0.023687,1,1
3924,99,-0.061480,0.083005,-0.174212,0.029036,-0.024738,1,0
3958,99,-0.037796,-0.144108,-0.023183,-0.038996,0.073549,1,1
3940,99,0.005415,-0.121813,-0.019460,-0.036481,-0.001863,1,1
3928,99,0.009658,0.017475,0.003583,0.014068,-0.080090,1,1
3944,99,0.006176,-0.106300,-0.125924,-0.075593,-0.077327,1,1
3930,99,-0.004622,-0.031387,-0.110292,0.048433,0.055763,1,1
3956,99,0.037003,-0.101269,-0.024423,-0.016896,-0.029804,1,1
3920,99,0.044190,0.029030,0.040381,0.103317,0.045332,1,1
3945,99,0.027940,-0.001500,0.008652,-0.024750,0.021215,1,1
3932,99,-0.034084,-0.003608,-0.119161,-0.000998,-0.003642,1,1
3936,99,-0.120308,0.035390,-0.066109,0.000833,0.113781,1,0
3943,99,-0.099951,-0.099356,-0.047086,-0.082196,0.003445,1,1
3959,99,-0.007101,-0.140696,-0.025954,-0.114530,0.014857,1,1
3934,99,0.058157,-0.022330,-0.072563,0.054049,0.013321,1,1
3965,100,-0.025966,0.052354,-0.104354,-0.031587,0.088256,1,1
3997,100,-0.019973,-0.144760,-0.049538,-0.093976,0.133424,1,1
3979,100,-0.042075,-0.035057,0.003821,-0.024722,-0.002926,1,1
3991,100,-0.067989,-0.115178,-0.089408,0.013096,0.022497,1,1
3990,100,-0.074524,-0.084493,-0.089138,-0.091650,-0.028184,1,1
3973,100,0.015903,-0.054043,-0.051476,0.021932,-0.007442,1,1
3984,100,-0.053373,-0.093541,0.026772,-0.031994,0.029682,1,1
3972,100,0.015388,-0.051575,-0.018170,0.047680,0.078575,1,1
3989,100,-0.020339,-0.027931,-0.052449,-0.069802,0.004661,1,1
3976,100,-0.084586,-0.018098,-0.018402,0.014151,0.057900,1,1
3994,100,-0.081265,-0.105043,-0.121362,-0.061900,0.034792,1,1
3986,100,0.047740,-0.055006,-0.077426,-0.101130,0.028454,1,1
3961,100,-0.101123,-0.089882,0.081951,-0.053386,0.002099,1,1
3985,100,0.101498,-0.123237,-0.050071,-0.071331,-0.035330,0,1
3969,100,0.054592,0.030704,0.063737,-0.016331,0.043507,1,1
3970,100,-0.076678,-0.007075,-0.018913,-0.033644,0.035896,1,1
3995,100,-0.032179,0.014180,-0.153650,0.042662,-0.041318,1,1
3963,100,-0.031215,0.040621,-0.067686,-0.042292,0.128643,1,1
3992,100,-0.023587,-0.102812,-0.067011,-0.057760,-0.098994,1,1
3983,100,-0.013819,-0.108339,-0.026394,-0.095707,0.025828,1,1
3966,100,0.019965,0.091620,-0.012305,0.020439,0.040917,1,0
3987,100,0.034909,-0.064479,-0.063667,-0.021177,-0.050940,1,1
3981,100,0.027077,-0.130885,0.003090,0.075111,0.012962,1,1
3977,100,0.024599,0.028140,-0.020944,0.047521,0.060829,1,1
3971,100,-0.024009,0.011221,0.012777,0.057544,-0.022239,1,1
3978,100,0.016735,0.045251,0.041921,0.061938,0.146631,1,1
3962,100,-0.066646,0.001941,0.001575,0.023495,0.095718,1,1
3975,100,-0.049328,0.022834,-0.006345,0.106792,0.136561,1,1
3960,100,0.000336,-0.046542,-0.017740,-0.020597,0.023184,1,1
3998,100,-0.034168,-0.047089,0.048098,-0.002379,0.011643,1,1
3980,100,0.088015,-0.072764,-0.039622,0.046193,0.059152,1,1
3993,100,-0.057252,-0.146978,-0.074916,0.065727,0.077466,0,1
3964,100,0.018457,0.108535,0.084972,0.077538,-0.007838,1,0
3967,100,-0.085814,-0.011832,-0.078798,0.062784,0.030997,1,1
3982,100,0.058334,-0.122512,-0.041873,-0.027591,0.011956,1,1
3996,100,0.009749,-0.129651,0.023635,-0.069730,0.001268,1,1
3999,100,-0.010396,-0.051493,-0.022530,-0.036478,0.105905,1,1
3988,100,-0.004840,-0.128491,0.019934,-0.005083,-0.010401,1,1
3968,100,-0.019265,0.035357,-0.064068,0.015146,0.087144,1,1
3974,100,0.055243,0.020362,0.008608,-0.027472,0.074280,1,1