global_id,timestamp,f1,f2,f3,f4,class_0,class_1
11,1,-0.759118,-0.043375,0.186417,-0.166738,1,1
36,1,-0.873830,-0.054306,-0.085310,-0.096116,1,1
9,1,-0.823151,0.025549,0.217682,-0.268735,1,1
14,1,-0.767583,0.036350,0.146733,-0.147489,1,1
8,1,-0.811606,-0.012380,0.157384,-0.180246,1,1
39,1,-0.743691,-0.061805,-0.024493,-0.162699,1,1
27,1,-0.832140,-0.071464,-0.040720,-0.116572,1,1
38,1,-0.782967,-0.042752,-0.111305,-0.079109,1,1
22,1,-0.798537,-0.083785,-0.097944,-0.077097,1,1
34,1,-0.760205,0.002318,-0.077634,-0.054555,1,1
7,1,-0.796379,0.106947,0.221479,-0.252148,1,0
23,1,-0.742052,0.040630,-0.089731,-0.094186,1,1
2,1,-0.879386,-0.036646,0.177677,-0.205397,1,1
19,1,-0.789903,0.018201,0.193650,-0.191655,1,1
6,1,-0.791826,-0.007491,0.246644,-0.226673,1,1
12,1,-0.860418,-0.037602,0.210908,-0.143756,1,1
37,1,-0.835224,0.023841,-0.085037,-0.136020,1,1
18,1,-0.767035,0.009989,0.241591,-0.153406,1,1
0,1,-0.888980,0.028233,0.190892,-0.226066,1,1
31,1,-0.768430,-0.034555,-0.017973,-0.225029,1,1
24,1,-0.785485,-0.044260,0.033875,-0.092600,1,1
13,1,-0.857436,-0.056238,0.174920,-0.247263,1,1
32,1,-0.771653,-0.066179,0.019660,-0.078683,1,1
10,1,-0.740407,-0.020158,0.192132,-0.262852,1,1
3,1,-0.732955,0.002588,0.221613,-0.230782,1,1
4,1,-0.771254,0.043083,0.123460,-0.212157,1,1
5,1,-0.810663,0.063883,0.214837,-0.200386,1,1
25,1,-0.803080,0.044414,-0.159563,-0.085152,1,1
21,1,-0.760719,-0.122406,-0.043645,-0.057480,1,1
33,1,-0.807548,-0.028343,-0.008650,-0.216485,1,1
30,1,-0.848372,-0.065889,-0.061866,-0.124642,1,1
29,1,-0.729748,-0.031283,0.004007,-0.121192,1,1
20,1,-0.716245,-0.070126,-0.135891,-0.182242,1,1
35,1,-0.791158,-0.101337,-0.074984,-0.153004,1,1
26,1,-0.797527,-0.003408,-0.058924,-0.077884,1,1
16,1,-0.799113,0.049808,0.033707,-0.201632,1,1
1,1,-0.801565,0.071985,0.199246,-0.112941,1,1
15,1,-0.752267,0.033188,0.345271,-0.214662,1,1
17,1,-0.867644,0.017667,0.178305,-0.138206,1,1
28,1,-0.797694,-0.013280,-0.054921,-0.058716,1,1
74,2,-0.784734,-0.050562,-0.031771,-0.122454,1,1
56,2,-0.785095,-0.022990,0.188897,-0.248844,1,1
68,2,-0.829860,-0.070149,-0.038973,-0.066943,1,1
54,2,-0.774134,-0.059152,0.104257,-0.079227,1,1
69,2,-0.769532,-0.047604,0.038975,0.038754,1,1
70,2,-0.783313,-0.051437,-0.063442,-0.145234,1,1
71,2,-0.795215,-0.013887,-0.118120,-0.162844,1,1
40,2,-0.751955,-0.034719,0.217012,-0.236002,1,1
59,2,-0.772844,0.004636,0.299667,-0.214232,1,1
63,2,-0.798295,-0.076222,-0.071162,-0.141710,1,1
55,2,-0.766254,-0.051692,0.272345,-0.249159,1,1
44,2,-0.869744,-0.032491,0.248611,-0.167510,1,1
77,2,-0.810488,-0.109403,0.016534,-0.116984,1,1
76,2,-0.750294,0.014376,-0.014930,-0.063392,1,1
42,2,-0.791265,0.048336,0.295727,-0.207632,1,1
62,2,-0.767876,-0.036015,-0.052461,-0.137824,1,1
61,2,-0.875268,-0.092201,-0.095905,-0.040325,1,1
72,2,-0.740571,-0.018253,-0.121299,-0.156009,1,1
67,2,-0.763332,-0.018025,0.009418,-0.146553,1,1
58,2,-0.803808,-0.007857,0.200109,-0.262461,1,1
73,2,-0.714788,-0.102029,-0.043536,0.014906,1,1
64,2,-0.824995,-0.020341,0.007251,-0.159965,1,1
48,2,-0.743421,-0.095186,0.109754,-0.144926,1,1
79,2,-0.782876,-0.024530,0.006729,-0.193903,1,1
46,2,-0.895294,0.088594,0.193719,-0.125716,1,0
60,2,-0.780730,-0.080729,-0.021344,-0.145935,1,1
53,2,-0.845401,0.024889,0.233027,-0.165664,1,1
50,2,-0.823378,-0.079143,0.234084,-0.200636,1,1
78,2,-0.821506,0.053395,-0.034129,-0.058327,1,1
66,2,-0.869432,-0.090355,-0.058334,-0.100679,1,1
49,2,-0.847796,-0.052292,0.167075,-0.250142,1,1
51,2,-0.813848,0.038589,0.320271,-0.131756,1,1
47,2,-0.745209,0.116517,0.234489,-0.154465,1,0
75,2,-0.821980,-0.078824,0.033334,-0.189119,1,1
45,2,-0.871192,-0.063817,0.196606,-0.132366,1,1
57,2,-0.764669,0.053077,0.196196,-0.187322,1,1
41,2,-0.839726,0.061464,0.188923,-0.184925,1,1
52,2,-0.794766,0.055696,0.278445,-0.199755,1,1
65,2,-0.840376,-0.070934,-0.062485,-0.131718,1,1
43,2,-0.811053,0.002692,0.157986,-0.199491,1,1
84,3,-0.746354,0.130008,0.182845,-0.111488,1,0
119,3,-0.857906,-0.106816,-0.102606,-0.096216,1,1
100,3,-0.721963,-0.009986,-0.035061,-0.148799,1,1
105,3,-0.785059,-0.008160,-0.024495,-0.183091,1,1
94,3,-0.869341,0.020549,0.234869,-0.268353,1,1
118,3,-0.770505,-0.055229,-0.045621,-0.137682,1,1
115,3,-0.824042,-0.009440,-0.018766,-0.049658,1,1
87,3,-0.840582,0.014220,0.223317,-0.193750,1,1
107,3,-0.748358,-0.181875,-0.077062,-0.098522,0,1
104,3,-0.803918,0.008597,-0.029339,-0.199286,1,1
101,3,-0.865282,0.036233,-0.064593,-0.098546,1,1
109,3,-0.831519,-0.084093,-0.164003,-0.150676,1,1
103,3,-0.750115,-0.088677,-0.001761,-0.107829,1,1
99,3,-0.757070,-0.051115,0.256045,-0.160573,1,1
92,3,-0.797971,0.017627,0.157603,-0.210206,1,1
86,3,-0.851985,0.044085,0.088308,-0.199114,1,1
93,3,-0.747432,0.003510,0.229291,-0.192010,1,1
112,3,-0.776222,-0.158176,-0.008147,-0.153274,0,1
80,3,-0.713176,-0.002433,0.214318,-0.212935,1,1
95,3,-0.694248,0.035340,0.231310,-0.225682,1,1
89,3,-0.732569,-0.011456,0.231895,-0.209195,1,1
85,3,-0.844556,0.006555,0.200958,-0.304330,1,1
114,3,-0.786263,-0.067035,-0.104521,-0.083602,1,1
90,3,-0.802075,-0.052403,0.322751,-0.198600,1,1
97,3,-0.801035,0.039771,0.218660,-0.109998,1,1
117,3,-0.752724,-0.057537,-0.101396,-0.087967,1,1
82,3,-0.856363,-0.048668,0.134125,-0.101545,1,1
113,3,-0.705634,-0.067929,-0.148436,-0.132716,1,1
102,3,-0.792188,-0.021326,-0.015199,-0.114371,1,1
81,3,-0.777335,0.000849,0.175465,-0.229059,1,1
88,3,-0.780383,0.079197,0.254920,-0.203855,1,1
83,3,-0.881821,-0.057085,0.227740,-0.199178,1,1
106,3,-0.826929,-0.063368,-0.084041,-0.097200,1,1
116,3,-0.771962,-0.110567,-0.084150,-0.096528,1,1
96,3,-0.733870,-0.047806,0.090300,-0.164129,1,1
98,3,-0.789761,0.056954,0.209571,-0.064867,1,1
111,3,-0.792712,-0.070502,-0.101588,-0.158582,1,1
108,3,-0.816508,-0.020699,-0.083234,-0.183108,1,1
91,3,-0.691748,0.026149,0.296969,-0.153199,1,1
110,3,-0.790060,-0.083211,-0.051786,-0.131528,1,1
132,4,-0.825664,-0.017088,0.210953,-0.298023,1,1
147,4,-0.881073,-0.050869,-0.145577,-0.092134,1,1
123,4,-0.769219,0.046575,0.297199,-0.271573,1,1
135,4,-0.741394,-0.017551,0.209832,-0.169165,1,1
157,4,-0.804862,-0.068275,-0.112368,-0.165198,1,1
149,4,-0.884398,-0.028586,-0.111309,-0.057921,1,1
139,4,-0.791545,0.004243,0.178585,-0.222623,1,1
122,4,-0.695613,0.065447,0.298443,-0.171861,1,0
134,4,-0.844516,-0.040762,0.269194,-0.135151,1,1
133,4,-0.831264,-0.002007,0.170379,-0.185348,1,1
128,4,-0.721687,-0.013907,0.164738,-0.171387,1,1
125,4,-0.774166,0.013121,0.149403,-0.304679,1,1
148,4,-0.773487,-0.030634,-0.100929,-0.166642,1,1
141,4,-0.725176,-0.042944,-0.157879,-0.042181,1,1
154,4,-0.781128,-0.085545,-0.127464,-0.128528,1,1
120,4,-0.782426,0.049136,0.254879,-0.153305,1,1
152,4,-0.864306,-0.085454,-0.161924,-0.064081,1,1
150,4,-0.800209,0.084836,-0.097195,-0.082172,1,1
156,4,-0.887641,-0.054072,-0.193156,-0.062641,1,1
144,4,-0.763708,-0.100168,-0.222675,-0.065359,1,1
121,4,-0.855023,0.041743,0.315610,-0.154571,1,1
137,4,-0.859723,0.024097,0.295466,-0.249439,1,1
129,4,-0.746055,-0.012560,0.207487,-0.186357,1,1
140,4,-0.792320,-0.090010,-0.181247,-0.061068,1,1
151,4,-0.842784,-0.203711,-0.178968,-0.124122,0,1
159,4,-0.834316,-0.113993,-0.139221,-0.144153,1,1
130,4,-0.885810,0.049440,0.239826,-0.186201,1,1
124,4,-0.817164,0.043442,0.213585,-0.223006,1,1
158,4,-0.727624,-0.052688,-0.123551,-0.127202,1,1
131,4,-0.838603,-0.029313,0.197386,-0.155973,1,1
126,4,-0.790990,-0.007780,0.256059,-0.272126,1,1
146,4,-0.818142,0.044988,-0.169203,-0.034964,1,1
143,4,-0.809889,-0.070001,-0.229290,-0.181692,1,1
136,4,-0.804975,0.013146,0.250013,-0.040668,1,1
155,4,-0.805257,-0.055742,-0.072997,-0.162304,1,1
127,4,-0.804231,0.006889,0.274519,-0.197252,1,1
142,4,-0.811180,-0.136290,-0.199099,-0.071409,1,1
153,4,-0.794486,0.010708,-0.233352,-0.268250,1,1
145,4,-0.727513,0.019609,-0.113377,-0.073886,1,1
138,4,-0.771093,-0.049825,0.230744,-0.202860,1,1
170,5,-0.828800,0.042636,0.266829,-0.195776,1,1
180,5,-0.830747,-0.014461,-0.134511,-0.147240,1,1
193,5,-0.824483,0.021986,-0.117397,-0.100481,1,1
185,5,-0.759838,-0.087702,-0.097890,-0.194704,1,1
186,5,-0.785345,-0.053284,-0.117351,-0.201673,1,1
173,5,-0.902989,-0.120877,0.262436,-0.222186,1,1
169,5,-0.753459,0.035773,0.150545,-0.197404,1,1
178,5,-0.832427,-0.016522,0.211592,-0.200623,1,1
167,5,-0.841631,0.047828,0.166871,-0.187732,1,1
164,5,-0.873948,0.023673,0.116197,-0.193406,1,1
199,5,-0.755409,0.000157,-0.129204,-0.117145,1,1
175,5,-0.791131,-0.042320,0.238752,-0.249435,1,1
190,5,-0.748669,-0.047918,-0.111713,-0.188369,1,1
172,5,-0.772724,-0.029553,0.241551,-0.219983,1,1
183,5,-0.765115,0.071465,-0.074361,-0.140754,1,1
181,5,-0.818891,-0.021953,-0.074368,-0.138830,1,1
195,5,-0.821819,-0.128592,-0.134821,-0.116650,1,1
189,5,-0.870581,0.025222,-0.222467,-0.133245,1,1
174,5,-0.806751,0.052535,0.257538,-0.206497,1,1
179,5,-0.773404,-0.029943,0.339932,-0.242694,1,1
182,5,-0.732275,-0.046428,-0.088063,-0.067853,1,1
192,5,-0.825742,-0.060140,-0.198132,-0.131806,1,1
162,5,-0.734382,-0.032206,0.325440,-0.228709,1,1
165,5,-0.873566,0.048978,0.201502,-0.135071,1,1
163,5,-0.858922,0.103158,0.146804,-0.186736,1,0
187,5,-0.884053,-0.011739,-0.085403,-0.056898,1,1
168,5,-0.798619,-0.037507,0.155979,-0.149501,1,1
198,5,-0.719022,0.009697,-0.089614,-0.061671,1,1
188,5,-0.825011,-0.157329,-0.146636,-0.171938,0,1
161,5,-0.765463,0.022478,0.172739,-0.141378,1,1
191,5,-0.792265,-0.039153,-0.133346,-0.002369,1,1
171,5,-0.753815,-0.027974,0.231628,-0.276162,1,1
176,5,-0.891021,-0.026862,0.240811,-0.245860,1,1
166,5,-0.798452,-0.015635,0.235997,-0.136652,1,1
196,5,-0.831278,-0.085305,-0.149615,-0.193860,1,1
184,5,-0.801654,-0.029326,-0.197046,-0.069001,1,1
194,5,-0.829187,-0.118474,-0.163422,-0.144901,1,1
177,5,-0.700584,0.071490,0.170901,-0.165299,1,0
197,5,-0.844035,-0.116973,-0.132521,-0.125384,1,1
160,5,-0.741349,-0.156854,0.130791,-0.160016,1,1
204,6,-0.709867,0.013291,0.268551,-0.082668,1,1
214,6,-0.937744,-0.006369,0.211755,-0.223993,1,1
205,6,-0.762864,-0.019311,0.148024,-0.147762,1,1
227,6,-0.854629,-0.014806,-0.221351,-0.150984,1,1
217,6,-0.849646,0.057889,0.251503,-0.295637,1,1
218,6,-0.760798,0.032290,0.301383,-0.224958,1,1
223,6,-0.761666,-0.047558,-0.192850,-0.063980,1,1
202,6,-0.835422,-0.006451,0.215670,-0.175547,1,1
225,6,-0.792451,0.020491,-0.187917,-0.151064,1,1
229,6,-0.874405,-0.082885,-0.132876,-0.173993,1,1
230,6,-0.830409,-0.019194,-0.110572,-0.050951,1,1
207,6,-0.838639,0.015223,0.129847,-0.310976,1,1
228,6,-0.805107,-0.105111,-0.242347,-0.114636,1,1
221,6,-0.814102,-0.092817,-0.145624,-0.088149,1,1
233,6,-0.841396,-0.039833,-0.193923,-0.145732,1,1
210,6,-0.679157,0.056614,0.163036,-0.252442,1,0
209,6,-0.797692,0.054747,0.265308,-0.154960,1,1
226,6,-0.783601,0.029714,-0.140939,-0.118707,1,1
206,6,-0.820375,0.049086,0.175354,-0.210354,1,1
219,6,-0.733516,-0.035151,0.284225,-0.212063,1,1
237,6,-0.809741,-0.039693,-0.087039,-0.105973,1,1
213,6,-0.870427,0.073023,0.233808,-0.128208,1,1
224,6,-0.798625,-0.056081,-0.121380,-0.122697,1,1
215,6,-0.790622,-0.027734,0.244484,-0.125022,1,1
220,6,-0.839012,-0.130833,-0.213803,-0.112602,1,1
200,6,-0.968603,0.022490,0.215786,-0.194136,1,0
231,6,-0.842040,-0.094340,-0.105024,-0.147360,1,1
239,6,-0.814299,-0.001120,-0.136026,-0.117603,1,1
211,6,-0.768244,0.042473,0.264037,-0.167388,1,1
212,6,-0.805814,0.061532,0.230379,-0.149319,1,1
234,6,-0.790471,-0.100151,-0.188406,-0.247304,1,1
238,6,-0.768433,-0.029100,-0.194806,-0.126778,1,1
208,6,-0.811972,0.000373,0.166951,-0.224724,1,1
216,6,-0.816192,0.048007,0.239459,-0.153658,1,1
235,6,-0.761749,-0.073219,-0.104667,-0.066645,1,1
222,6,-0.732495,-0.056315,-0.180377,-0.160047,1,1
236,6,-0.928307,-0.023104,-0.159120,-0.193301,1,1
232,6,-0.791490,-0.060853,-0.163124,-0.190450,1,1
201,6,-0.796220,0.026609,0.186136,-0.181209,1,1
203,6,-0.793348,0.015036,0.188972,-0.178823,1,1
258,7,-0.825009,-0.009264,0.233185,-0.193451,1,1
265,7,-0.714794,-0.020770,-0.066854,-0.127945,1,1
278,7,-0.756821,-0.064565,-0.159301,-0.080459,1,1
262,7,-0.678178,-0.010484,-0.157078,-0.077622,1,1
269,7,-0.742285,0.074378,-0.099906,-0.138935,1,1
277,7,-0.845413,-0.154602,-0.156916,-0.197874,0,1
264,7,-0.780915,-0.025324,-0.082596,-0.147896,1,1
252,7,-0.746843,-0.007458,0.236707,-0.327147,1,1
254,7,-0.813408,0.033416,0.204247,-0.179741,1,1
243,7,-0.783617,0.023300,0.221595,-0.180596,1,1
249,7,-0.848378,0.001699,0.244623,-0.212046,1,1
267,7,-0.797193,0.049970,-0.204843,-0.111499,1,1
263,7,-0.761892,-0.082972,-0.134021,-0.129289,1,1
246,7,-0.826139,0.011453,0.098652,-0.180333,1,1
255,7,-0.773647,0.036945,0.190408,-0.197870,1,1
276,7,-0.787990,-0.025948,-0.098593,-0.110078,1,1
253,7,-0.801846,-0.097323,0.233721,-0.132635,1,1
251,7,-0.898249,-0.049510,0.216491,-0.258797,1,1
248,7,-0.781656,-0.045801,0.186057,-0.141589,1,1
256,7,-0.829661,-0.073621,0.279447,-0.208100,1,1
268,7,-0.748447,0.011344,-0.283538,-0.135140,1,1
241,7,-0.857458,-0.036784,0.140966,-0.145231,1,1
259,7,-0.692423,0.054799,0.338310,-0.261316,1,1
250,7,-0.771799,-0.030059,0.270120,-0.272415,1,1
266,7,-0.718932,-0.099039,-0.169072,-0.063220,1,1
279,7,-0.792000,-0.049680,-0.142225,-0.148727,1,1
240,7,-0.774516,-0.020826,0.226651,-0.195481,1,1
242,7,-0.697962,0.012835,0.266340,-0.180933,1,1
247,7,-0.741517,0.026589,0.142428,-0.220788,1,1
275,7,-0.843231,-0.073047,-0.118978,-0.098707,1,1
270,7,-0.837071,0.022627,-0.166749,-0.132820,1,1
244,7,-0.820507,-0.040110,0.244467,-0.081226,1,1
271,7,-0.687558,0.010607,-0.102139,-0.143763,1,1
260,7,-0.729678,-0.054558,-0.149002,-0.115670,1,1
272,7,-0.876802,-0.028192,-0.049588,-0.159958,1,1
273,7,-0.829817,-0.042893,-0.198883,-0.092700,1,1
274,7,-0.819658,-0.078867,-0.195306,-0.065967,1,1
261,7,-0.796153,-0.111135,-0.233001,-0.041472,1,1
245,7,-0.721184,0.003198,0.223696,-0.131939,1,1
257,7,-0.685581,0.036224,0.193182,-0.174304,1,1
308,8,-0.801575,-0.055555,-0.222531,-0.032946,1,1
300,8,-0.801391,-0.004354,-0.126480,-0.164623,1,1
317,8,-0.727313,-0.035765,-0.181275,-0.200178,1,1
306,8,-0.763473,-0.014504,-0.240056,-0.078403,1,1
287,8,-0.811694,0.046987,0.155233,-0.153789,1,1
281,8,-0.769955,-0.035580,0.245863,-0.086263,1,1
285,8,-0.751970,0.017309,0.168658,-0.234041,1,1
296,8,-0.808865,0.006180,0.188791,-0.230944,1,1
299,8,-0.842963,-0.014724,0.316704,-0.155826,1,1
314,8,-0.846160,-0.155154,-0.054578,-0.267320,0,1
318,8,-0.783776,0.026653,-0.095530,0.030109,1,1
289,8,-0.839269,0.039052,0.220227,-0.209877,1,1
292,8,-0.821486,0.038532,0.162297,-0.245719,1,1
304,8,-0.795316,-0.014088,-0.109102,-0.133956,1,1
310,8,-0.821988,0.017578,-0.180739,-0.149491,1,1
305,8,-0.874966,-0.002224,-0.082099,-0.151724,1,1
286,8,-0.772777,0.020792,0.215951,-0.212224,1,1
295,8,-0.785717,0.065692,0.112899,-0.166075,1,1
301,8,-0.794096,0.033440,-0.138375,-0.196262,1,1
282,8,-0.850345,0.023877,0.127560,-0.110462,1,1
319,8,-0.730788,-0.139935,-0.156020,-0.139614,0,1
288,8,-0.792162,-0.046028,0.126623,-0.215010,1,1
294,8,-0.852596,0.042641,0.199501,-0.155504,1,1
311,8,-0.815949,0.054378,-0.197477,-0.008582,1,1
315,8,-0.746138,-0.014196,-0.086355,-0.138625,1,1
298,8,-0.767063,-0.053309,0.192476,-0.152115,1,1
290,8,-0.830531,-0.068233,0.211087,-0.164703,1,1
303,8,-0.754685,-0.022156,-0.205605,-0.158157,1,1
284,8,-0.846898,0.026998,0.229124,-0.199826,1,1
302,8,-0.804411,-0.088446,-0.170264,-0.197666,1,1
297,8,-0.830485,-0.000867,0.313059,-0.140144,1,1
312,8,-0.801795,-0.024540,-0.248830,-0.167421,1,1
313,8,-0.802591,-0.002109,-0.049622,-0.124764,1,1
309,8,-0.745692,0.017192,-0.205136,-0.185687,1,1
291,8,-0.878588,0.098344,0.221939,-0.206754,1,0
307,8,-0.828325,-0.072387,-0.111534,-0.083750,1,1
293,8,-0.891634,0.011528,0.136495,-0.283478,1,1
283,8,-0.862509,-0.011018,0.227562,-0.325328,1,1
280,8,-0.841969,-0.124532,0.266654,-0.182252,1,1
316,8,-0.882243,0.005789,-0.152782,-0.165993,1,1
321,9,-0.739844,0.072342,0.217554,-0.153255,1,1
335,9,-0.780622,0.007591,0.155616,-0.142206,1,1
348,9,-0.885494,-0.011416,-0.168581,-0.132418,1,1
353,9,-0.776044,-0.056247,-0.144092,-0.077340,1,1
352,9,-0.791507,-0.045446,-0.201810,-0.170281,1,1
338,9,-0.776940,-0.018227,0.212933,-0.270639,1,1
358,9,-0.832019,-0.103714,-0.199323,-0.110074,1,1
333,9,-0.756003,0.001043,0.222927,-0.144898,1,1
355,9,-0.853396,-0.065216,-0.078726,-0.058580,1,1
334,9,-0.776003,0.033272,0.274483,-0.164988,1,1
349,9,-0.708973,-0.070007,-0.138267,-0.153963,1,1
329,9,-0.713412,0.064966,0.262041,-0.183956,1,1
320,9,-0.810489,-0.028259,0.189475,-0.098959,1,1
343,9,-0.805495,0.004457,-0.162982,-0.247156,1,1
357,9,-0.761487,-0.066875,-0.129962,-0.152386,1,1
331,9,-0.818651,-0.034122,0.205397,-0.141873,1,1
324,9,-0.853927,-0.019428,0.142861,-0.200687,1,1
323,9,-0.838730,0.017859,0.188842,-0.129172,1,1
330,9,-0.873199,0.012176,0.139386,-0.156078,1,1
346,9,-0.851573,0.055337,-0.261315,-0.136734,1,1
341,9,-0.817960,-0.039916,-0.078943,-0.200061,1,1
322,9,-0.862373,0.013679,0.183961,-0.168997,1,1
340,9,-0.803021,-0.113698,-0.231338,-0.179297,1,1
339,9,-0.770198,0.007791,0.202786,-0.200487,1,1
336,9,-0.737426,-0.000225,0.233888,-0.183037,1,1
337,9,-0.800131,0.029219,0.104119,-0.152455,1,1
332,9,-0.769619,-0.027215,0.214760,-0.105295,1,1
354,9,-0.817953,-0.067439,-0.141582,-0.106840,1,1
344,9,-0.893861,-0.106056,-0.157272,-0.233227,1,1
356,9,-0.840721,-0.092750,-0.158196,-0.127594,1,1
345,9,-0.727514,-0.044647,-0.187731,-0.064195,1,1
350,9,-0.818773,-0.123799,-0.205311,-0.184087,1,1
326,9,-0.811451,-0.034546,0.185387,-0.178084,1,1
327,9,-0.855053,-0.011120,0.264197,-0.198795,1,1
342,9,-0.743577,-0.100598,-0.195272,-0.156312,1,1
347,9,-0.770962,-0.048758,-0.123123,-0.141505,1,1
328,9,-0.842202,0.062336,0.253720,-0.185212,1,1
351,9,-0.774440,0.007627,-0.236538,-0.100807,1,1
359,9,-0.838069,-0.102006,-0.171525,-0.127322,1,1
325,9,-0.834082,-0.082844,0.230798,-0.205030,1,1
397,10,-0.762745,-0.136948,-0.159997,-0.077933,1,1
396,10,-0.768862,-0.045091,-0.048511,-0.182462,1,1
360,10,-0.746550,0.035406,0.281287,-0.150001,1,1
363,10,-0.829901,-0.113618,0.213039,-0.199013,1,1
387,10,-0.802841,-0.037874,-0.107794,-0.117951,1,1
398,10,-0.759320,-0.012373,-0.111624,-0.170617,1,1
365,10,-0.749618,-0.000000,0.173657,-0.249117,1,1
361,10,-0.757539,-0.001856,0.247494,-0.152358,1,1
399,10,-0.737725,-0.045342,-0.199653,-0.127563,1,1
383,10,-0.863175,-0.130519,-0.195536,-0.147234,1,1
384,10,-0.821131,-0.013197,-0.156280,-0.127767,1,1
366,10,-0.900983,0.078094,0.232255,-0.226524,1,0
385,10,-0.725444,-0.075667,-0.124755,-0.114638,1,1
362,10,-0.736194,-0.070798,0.183158,-0.151656,1,1
364,10,-0.766553,0.006866,0.295738,-0.191225,1,1
377,10,-0.832220,0.007655,0.249278,-0.167086,1,1
388,10,-0.850832,-0.027069,-0.168231,-0.076771,1,1
389,10,-0.882080,0.009102,-0.165605,-0.197695,1,1
367,10,-0.849651,0.031059,0.231316,-0.166976,1,1
394,10,-0.912542,-0.057145,-0.149212,-0.093934,1,1
378,10,-0.837352,-0.077696,0.305126,-0.157008,1,1
376,10,-0.834990,0.009481,0.310301,-0.233961,1,1
372,10,-0.753812,-0.049337,0.257176,-0.101531,1,1
371,10,-0.932356,-0.017866,0.174384,-0.086729,1,1
395,10,-0.818725,-0.046795,-0.161740,-0.125952,1,1
391,10,-0.794673,-0.006756,-0.167917,-0.176509,1,1
379,10,-0.766621,0.066030,0.274158,-0.195964,1,1
380,10,-0.778325,-0.018293,-0.244972,-0.242301,1,1
370,10,-0.714436,0.019823,0.199880,-0.108930,1,1
382,10,-0.800959,0.018396,-0.215855,-0.133108,1,1
375,10,-0.804755,0.056025,0.180933,-0.179713,1,1
393,10,-0.781376,-0.028047,-0.136340,-0.091315,1,1
369,10,-0.711925,-0.004322,0.203267,-0.177420,1,1
392,10,-0.782059,-0.030281,-0.111050,-0.050640,1,1
386,10,-0.771177,-0.018153,-0.085747,-0.032354,1,1
373,10,-0.794195,0.048344,0.143049,-0.137099,1,1
390,10,-0.865183,-0.048441,-0.144463,-0.111225,1,1
374,10,-0.777176,0.069984,0.196997,-0.168809,1,1
381,10,-0.713612,-0.092631,-0.164945,-0.148077,1,1
368,10,-0.751569,-0.023594,0.268678,-0.175294,1,1
425,11,-0.755251,-0.095485,-0.214828,-0.009713,1,1
402,11,-0.825694,0.040557,0.274175,0.071508,1,1
423,11,-0.793334,-0.073846,-0.181152,-0.045958,1,1
439,11,-0.791071,-0.112690,-0.205657,-0.124947,1,1
438,11,-0.769065,-0.060326,-0.125883,-0.141435,1,1
431,11,-0.802381,-0.064720,-0.122892,-0.136692,1,1
401,11,-0.760740,0.085990,0.307814,0.095664,1,1
422,11,-0.685176,-0.045272,-0.143034,-0.126357,1,1
418,11,-0.741394,0.079670,0.265414,0.121746,1,1
403,11,-0.768939,-0.106994,0.389804,0.079662,1,1
427,11,-0.877517,-0.135691,-0.287623,-0.139475,0,1
421,11,-0.794740,0.015231,-0.152992,-0.230090,1,1
410,11,-0.871228,0.023747,0.298716,0.069333,1,1
426,11,-0.763876,-0.104517,-0.207972,-0.069889,1,1
433,11,-0.891629,-0.071689,-0.181233,-0.220972,1,1
405,11,-0.752990,0.066230,0.366714,0.063855,1,1
415,11,-0.717772,-0.024762,0.331598,0.245560,1,1
408,11,-0.742173,-0.002110,0.264516,0.126906,1,1
436,11,-0.761518,-0.141950,-0.136532,-0.120639,0,1
437,11,-0.781410,-0.031260,-0.138667,-0.083858,1,1
414,11,-0.813462,0.075064,0.221543,0.012446,1,1
404,11,-0.797583,-0.034101,0.359575,0.134743,1,1
430,11,-0.758099,0.020134,-0.183752,-0.130716,1,1
424,11,-0.732001,-0.148333,-0.225994,-0.188138,0,1
416,11,-0.826672,-0.022162,0.315627,0.094494,1,1
406,11,-0.787329,0.032747,0.299058,0.124013,1,1
409,11,-0.794134,-0.076756,0.281207,0.186336,1,1
428,11,-0.790324,-0.047822,-0.135704,-0.052280,1,1
435,11,-0.818603,-0.195987,-0.198103,-0.103592,0,1
432,11,-0.803412,-0.003452,-0.222878,-0.115273,1,1
413,11,-0.761750,0.004218,0.234860,0.141638,1,1
434,11,-0.744669,-0.005590,-0.145766,-0.074264,1,1
400,11,-0.884886,0.033168,0.340886,0.081112,1,1
407,11,-0.728621,0.049362,0.371948,0.130544,1,1
419,11,-0.783869,-0.047470,0.337661,0.128075,1,1
417,11,-0.816989,-0.010687,0.299282,0.057529,1,1
429,11,-0.810369,-0.101748,-0.289215,-0.125128,1,1
420,11,-0.801168,-0.071987,-0.295735,-0.164191,1,1
412,11,-0.789812,-0.016386,0.329533,0.121507,1,1
411,11,-0.793682,-0.083092,0.344323,0.034204,1,1
451,12,-0.757693,-0.043229,0.330210,0.085034,1,1
478,12,-0.848170,-0.021026,-0.142916,-0.172117,1,1
448,12,-0.750025,-0.024307,0.284607,0.105666,1,1
476,12,-0.756515,-0.012540,-0.209073,-0.155289,1,1
444,12,-0.678685,0.005534,0.295560,0.146190,1,1
456,12,-0.749098,0.060983,0.235943,0.220056,1,1
467,12,-0.744479,-0.056663,-0.064459,-0.062247,1,1
443,12,-0.861618,-0.013464,0.291900,-0.044953,1,1
440,12,-0.738468,-0.097571,0.385301,0.097978,1,1
469,12,-0.696527,-0.013293,-0.175244,-0.067190,1,1
477,12,-0.812991,0.066090,-0.156158,-0.206822,1,1
452,12,-0.785271,0.063108,0.344961,0.062058,1,1
445,12,-0.770468,0.036964,0.373578,0.095202,1,1
449,12,-0.775493,-0.024143,0.264556,0.161328,1,1
458,12,-0.763933,0.049814,0.190278,0.032234,1,1
473,12,-0.824374,-0.025812,-0.130091,-0.146306,1,1
460,12,-0.753829,-0.072237,-0.040074,-0.173271,1,1
471,12,-0.837998,-0.137446,-0.038103,-0.198138,1,1
453,12,-0.813502,0.038311,0.254044,0.075065,1,1
474,12,-0.800642,0.078613,-0.172099,-0.181745,1,1
470,12,-0.793528,-0.141946,-0.126251,-0.083022,1,1
464,12,-0.762367,-0.008564,-0.145048,-0.117206,1,1
454,12,-0.774777,0.057605,0.272112,0.187363,1,1
475,12,-0.835199,-0.029140,-0.150229,-0.111426,1,1
461,12,-0.825798,-0.022481,-0.217346,-0.149404,1,1
450,12,-0.757562,0.036348,0.355052,0.119382,1,1
472,12,-0.740602,-0.128858,-0.212581,-0.092529,1,1
459,12,-0.804391,-0.002836,0.303983,0.185303,1,1
441,12,-0.753185,0.013249,0.196230,0.090030,1,1
468,12,-0.800985,-0.127967,-0.144280,-0.095593,1,1
479,12,-0.839233,-0.146289,-0.191865,-0.074518,0,1
457,12,-0.775541,0.008902,0.257895,0.065571,1,1
465,12,-0.827235,-0.110786,-0.065989,-0.123449,1,1
466,12,-0.764194,-0.055521,-0.209465,-0.073800,1,1
446,12,-0.893672,0.007454,0.244620,0.114346,1,1
455,12,-0.788944,-0.017112,0.372102,0.170948,1,1
447,12,-0.734355,0.002902,0.286628,0.054116,1,1
462,12,-0.886489,-0.003687,-0.090795,-0.066537,1,1
463,12,-0.802327,0.003485,-0.145772,-0.067217,1,1
442,12,-0.798693,0.104195,0.274332,0.157601,1,0
500,13,-0.858754,-0.079324,-0.209655,-0.149765,1,1
510,13,-0.684141,-0.126208,-0.218984,-0.170863,0,1
489,13,-0.807010,0.008321,0.335981,0.020068,1,1
515,13,-0.890253,-0.083070,-0.124020,-0.068748,1,1
516,13,-0.757673,0.007146,-0.081420,-0.202800,1,1
496,13,-0.765771,0.046805,0.288338,0.124801,1,1
480,13,-0.879073,-0.064800,0.278087,0.173512,1,1
519,13,-0.924791,-0.077010,-0.152747,-0.164823,0,1
506,13,-0.756293,-0.056505,-0.159557,0.008909,1,1
498,13,-0.770559,0.031189,0.407478,0.006536,1,1
513,13,-0.833064,-0.155216,-0.059897,-0.163197,0,1
502,13,-0.853707,-0.058028,-0.219882,-0.112560,1,1
508,13,-0.773818,0.017405,-0.177965,-0.195529,1,1
494,13,-0.809700,0.072414,0.356740,0.092492,1,1
493,13,-0.775850,0.022393,0.301316,0.141129,1,1
495,13,-0.787661,0.044386,0.343271,0.177621,1,1
507,13,-0.844022,-0.053328,-0.148537,-0.135915,1,1
490,13,-0.774573,0.028120,0.285610,0.113464,1,1
483,13,-0.880831,-0.006155,0.275094,0.115344,1,1
503,13,-0.784636,0.018084,-0.089470,-0.172267,1,1
485,13,-0.816891,0.021136,0.278856,0.020646,1,1
492,13,-0.823425,-0.020065,0.281483,0.073877,1,1
517,13,-0.816404,-0.167018,-0.156103,-0.110415,0,1
511,13,-0.752773,0.016389,-0.098905,-0.065216,1,1
504,13,-0.693717,-0.097324,-0.159920,-0.089983,1,1
501,13,-0.782416,-0.085189,-0.131918,-0.106693,1,1
505,13,-0.780137,-0.051679,-0.199473,-0.200339,1,1
512,13,-0.813997,0.035463,-0.068482,-0.031867,1,1
509,13,-0.825643,0.016513,-0.137256,-0.196674,1,1
484,13,-0.757880,0.009067,0.256872,0.109716,1,1
497,13,-0.840326,-0.028170,0.365769,0.099072,1,1
514,13,-0.780909,-0.099265,-0.243175,-0.147699,1,1
491,13,-0.700985,0.008836,0.198713,0.067345,1,1
486,13,-0.743449,-0.033024,0.181257,0.096773,1,1
487,13,-0.890917,0.083022,0.254243,0.165233,1,0
482,13,-0.787862,-0.040151,0.287978,0.188326,1,1
488,13,-0.770236,-0.042995,0.334764,0.072393,1,1
481,13,-0.831330,0.037393,0.223318,0.104697,1,1
518,13,-0.806037,0.010709,-0.107741,-0.130593,1,1
499,13,-0.847750,0.035544,0.304773,0.080221,1,1
551,14,-0.878421,-0.160693,-0.185828,-0.095065,0,1
557,14,-0.686332,-0.030191,-0.191547,-0.136316,1,1
536,14,-0.825086,-0.038519,0.296017,0.103579,1,1
524,14,-0.771322,-0.045495,0.296590,0.115661,1,1
546,14,-0.728910,0.015925,-0.196395,-0.147180,1,1
539,14,-0.672259,0.099946,0.331774,0.118820,1,0
530,14,-0.848019,0.007010,0.423881,0.121635,1,1
542,14,-0.801334,-0.010970,-0.130557,-0.085309,1,1
531,14,-0.810904,-0.030053,0.268187,0.133381,1,1
547,14,-0.773201,-0.065447,-0.112078,-0.041353,1,1
541,14,-0.763057,-0.020894,-0.205338,-0.065003,1,1
533,14,-0.811304,0.023827,0.374417,0.173518,1,1
522,14,-0.835938,0.010427,0.364767,0.077906,1,1
526,14,-0.727922,-0.001020,0.299022,0.050642,1,1
520,14,-0.821595,-0.009580,0.367502,0.120628,1,1
523,14,-0.828149,0.151214,0.386634,0.150647,1,0
540,14,-0.853675,-0.019664,-0.204654,-0.123762,1,1
535,14,-0.800993,-0.032673,0.275598,0.113373,1,1
521,14,-0.809154,-0.006573,0.239953,0.027439,1,1
527,14,-0.810434,0.030560,0.259065,0.036208,1,1
548,14,-0.759401,-0.058933,-0.161854,-0.071910,1,1
543,14,-0.796394,-0.041680,-0.201027,-0.147090,1,1
555,14,-0.834431,-0.042621,-0.151916,-0.103284,1,1
552,14,-0.773599,-0.022798,-0.084421,-0.212369,1,1
528,14,-0.824063,-0.003689,0.343950,0.078312,1,1
558,14,-0.752473,-0.040152,-0.131738,-0.110130,1,1
537,14,-0.864066,-0.068045,0.328023,0.157672,1,1
550,14,-0.682876,-0.135071,-0.052473,-0.128653,0,1
525,14,-0.839872,-0.002272,0.354965,0.106273,1,1
554,14,-0.768214,-0.180235,-0.248273,-0.159606,0,1
553,14,-0.803923,-0.096929,-0.152051,-0.179630,1,1
556,14,-0.839419,-0.079668,-0.196104,-0.139204,1,1
559,14,-0.772158,-0.076625,-0.109605,-0.164741,1,1
534,14,-0.719496,0.019617,0.346535,0.120235,1,1
538,14,-0.747594,0.031271,0.264884,0.088724,1,1
532,14,-0.818740,-0.042797,0.342061,0.166608,1,1
529,14,-0.749607,-0.052732,0.293642,0.166037,1,1
544,14,-0.816236,-0.129007,-0.143815,-0.186521,1,1
549,14,-0.717331,-0.093554,-0.183520,-0.171644,1,1
545,14,-0.825907,-0.059077,-0.158057,-0.122130,1,1
578,15,-0.872049,-0.003036,0.255576,0.139564,1,1
565,15,-0.795772,0.017214,0.298978,0.117158,1,1
580,15,-0.822194,-0.084727,-0.148513,-0.117268,1,1
570,15,-0.875225,0.013662,0.312933,0.155794,1,1
599,15,-0.710599,0.022488,-0.079667,-0.154346,1,1
567,15,-0.825241,0.016230,0.348903,0.176700,1,1
586,15,-0.578709,0.023218,-0.160606,-0.113378,0,1
595,15,-0.847980,-0.060095,-0.176860,-0.158768,1,1
590,15,-0.719144,-0.026808,-0.213330,-0.132083,1,1
573,15,-0.874568,0.011805,0.421103,0.093803,1,1
574,15,-0.771060,0.024517,0.422094,0.012970,1,1
583,15,-0.812035,-0.086206,-0.220645,-0.098999,1,1
569,15,-0.912993,0.018146,0.259345,0.092298,1,1
585,15,-0.793058,-0.036850,-0.105907,-0.102448,1,1
568,15,-0.848526,-0.079996,0.336990,0.166559,1,1
572,15,-0.760643,-0.042781,0.234335,0.060296,1,1
589,15,-0.792526,-0.033712,-0.273371,-0.131979,1,1
575,15,-0.804628,0.026661,0.287135,0.180722,1,1
581,15,-0.861161,-0.081937,-0.142042,-0.131356,1,1
566,15,-0.752550,0.080426,0.309163,0.129401,1,1
598,15,-0.751854,-0.066985,-0.230877,-0.180655,1,1
596,15,-0.721250,0.016526,-0.198661,-0.170921,1,1
560,15,-0.716548,-0.062662,0.238146,0.104231,1,1
576,15,-0.853036,0.087758,0.346696,0.197000,1,0
571,15,-0.878212,-0.009600,0.214383,0.104254,1,1
591,15,-0.790560,-0.114055,-0.157367,-0.115572,1,1
594,15,-0.804855,-0.105559,-0.178510,-0.129627,1,1
592,15,-0.789791,-0.106737,-0.112515,-0.138537,1,1
584,15,-0.742755,-0.064406,-0.168269,-0.148155,1,1
564,15,-0.801042,-0.096489,0.325688,0.129812,1,1
563,15,-0.792871,0.024380,0.436340,0.083325,1,1
588,15,-0.737076,-0.093749,-0.106824,-0.127715,1,1
579,15,-0.731455,0.069894,0.361737,0.184264,1,1
597,15,-0.767488,0.030289,-0.133590,-0.194156,1,1
593,15,-0.735752,-0.028833,-0.155617,-0.108921,1,1
577,15,-0.714759,0.051385,0.295351,0.107313,1,1
562,15,-0.818659,-0.021071,0.382436,0.099875,1,1
561,15,-0.881026,-0.004148,0.277494,0.127389,1,1
587,15,-0.824595,-0.073101,-0.154905,-0.096123,1,1
582,15,-0.739794,-0.062759,-0.127648,-0.091982,1,1
620,16,-0.815807,-0.016637,-0.144277,-0.149977,1,1
611,16,-0.797704,0.014547,0.304414,0.053986,1,1
628,16,-0.834191,-0.052716,-0.187744,-0.197708,1,1
638,16,-0.752700,-0.059895,-0.137652,-0.047491,1,1
626,16,-0.873275,-0.054785,-0.136952,-0.171109,1,1
623,16,-0.782705,-0.125388,-0.114475,-0.167118,1,1
609,16,-0.741781,-0.026353,0.263410,0.130034,1,1
622,16,-0.854789,-0.040756,-0.153992,-0.134274,1,1
613,16,-0.798859,0.037659,0.283638,0.048607,1,1
615,16,-0.767959,0.023553,0.284141,0.053894,1,1
608,16,-0.748187,0.013327,0.272283,0.142150,1,1
610,16,-0.839003,0.021845,0.357625,0.067574,1,1
605,16,-0.720291,-0.027286,0.262101,0.081353,1,1
635,16,-0.776287,-0.112541,-0.131691,-0.000426,1,1
630,16,-0.764528,0.018439,-0.180986,-0.174467,1,1
616,16,-0.902596,0.100068,0.338889,0.061122,1,0
621,16,-0.716656,-0.049022,-0.108576,-0.128953,1,1
633,16,-0.847203,-0.030249,-0.165981,-0.118985,1,1
634,16,-0.743929,0.036538,-0.189947,-0.169534,1,1
604,16,-0.761656,0.044530,0.285661,0.177850,1,1
612,16,-0.800550,0.113430,0.279137,0.117070,1,0
600,16,-0.794448,-0.033796,0.281683,0.106358,1,1
618,16,-0.733882,0.101341,0.347273,0.096077,1,0
637,16,-0.691376,-0.124425,-0.117577,-0.061208,0,1
624,16,-0.766920,-0.043827,-0.211350,-0.115222,1,1
625,16,-0.729391,-0.055266,-0.118023,-0.177540,1,1
617,16,-0.803384,0.004258,0.358939,0.140441,1,1
639,16,-0.807697,-0.053375,-0.223495,-0.050760,1,1
614,16,-0.747035,0.021686,0.327850,0.154350,1,1
606,16,-0.841645,0.014559,0.273938,0.082997,1,1
632,16,-0.673363,-0.033532,-0.165539,-0.124309,1,1
619,16,-0.852374,0.008832,0.295416,0.071937,1,1
629,16,-0.797517,-0.010437,-0.226609,-0.167218,1,1
627,16,-0.833208,-0.103955,-0.146383,-0.113902,1,1
601,16,-0.777611,-0.034566,0.314040,0.056652,1,1
603,16,-0.808210,-0.001553,0.241264,0.160689,1,1
607,16,-0.636337,-0.142601,0.297062,0.095646,1,0
631,16,-0.846142,-0.003630,-0.132372,-0.191862,1,1
636,16,-0.805080,-0.061142,-0.168628,-0.085314,1,1
602,16,-0.756340,0.000026,0.313562,0.073658,1,1
674,17,-0.788743,-0.062254,-0.205897,-0.197623,1,1
671,17,-0.749759,-0.112334,-0.146403,-0.115961,1,1
677,17,-0.895188,-0.057821,-0.191413,-0.132503,1,1
676,17,-0.789567,-0.061365,-0.210980,-0.139277,1,1
678,17,-0.751041,-0.071794,-0.162104,-0.049136,1,1
653,17,-0.832781,-0.071427,0.351171,0.123775,1,1
672,17,-0.684127,-0.030315,-0.114413,-0.211741,1,1
652,17,-0.910438,-0.024636,0.288214,0.033675,1,1
679,17,-0.739984,-0.084156,-0.190986,-0.127109,1,1
646,17,-0.835887,-0.018827,0.348855,0.148184,1,1
662,17,-0.751208,-0.018128,-0.141370,-0.175040,1,1
648,17,-0.767750,0.011329,0.243527,0.166812,1,1
645,17,-0.848555,0.075906,0.259987,0.091495,1,1
670,17,-0.797997,-0.082852,-0.136925,-0.111433,1,1
673,17,-0.788351,0.026342,-0.188046,-0.185075,1,1
657,17,-0.821112,0.060958,0.294390,0.094740,1,1
640,17,-0.801795,0.062882,0.320472,0.073402,1,1
658,17,-0.826984,0.022566,0.244980,0.106953,1,1
650,17,-0.831315,0.045896,0.313706,0.059727,1,1
641,17,-0.852279,0.074326,0.323012,0.060518,1,1
654,17,-0.849328,0.058861,0.359919,0.045623,1,1
643,17,-0.805067,0.042098,0.371692,0.181996,1,1
659,17,-0.768510,-0.052213,0.312840,0.073598,1,1
655,17,-0.871257,-0.028152,0.377842,0.121072,1,1
664,17,-0.797746,-0.087943,-0.095716,-0.173647,1,1
660,17,-0.810144,-0.044362,-0.109930,-0.097405,1,1
668,17,-0.844361,0.002618,-0.118400,-0.045172,1,1
651,17,-0.837359,-0.024346,0.334570,0.096847,1,1
647,17,-0.919797,0.018821,0.245879,0.114680,1,0
656,17,-0.748170,-0.029089,0.330204,0.048572,1,1
675,17,-0.827147,-0.007993,-0.094499,-0.112379,1,1
666,17,-0.820559,-0.090184,-0.194858,-0.146980,1,1
661,17,-0.769925,-0.057716,-0.104741,-0.175536,1,1
665,17,-0.746250,-0.042550,-0.154987,-0.105489,1,1
667,17,-0.784738,-0.064260,-0.025727,-0.162058,1,1
644,17,-0.776902,-0.021204,0.187153,0.105771,1,1
642,17,-0.840844,0.010232,0.284377,0.109551,1,1
649,17,-0.806549,-0.015803,0.261762,0.177814,1,1
663,17,-0.826408,-0.041691,-0.029628,-0.079515,1,1
669,17,-0.774392,-0.001096,-0.057031,-0.180350,1,1
709,18,-0.699907,0.017192,-0.109150,-0.042212,1,1
695,18,-0.698817,0.030187,0.222818,0.063382,1,1
694,18,-0.859285,-0.053294,0.301043,0.082238,1,1
703,18,-0.814072,-0.067936,-0.116194,-0.034484,1,1
696,18,-0.833457,-0.006372,0.327929,0.115792,1,1
692,18,-0.819468,0.057079,0.276989,0.101760,1,1
710,18,-0.819781,-0.019970,-0.083860,0.044897,1,1
704,18,-0.802291,-0.041616,-0.137115,0.001002,1,1
700,18,-0.796150,-0.080677,-0.025583,-0.017007,1,1
688,18,-0.881302,0.021653,0.295408,0.115360,1,1
711,18,-0.790740,-0.055958,-0.125554,-0.053927,1,1
707,18,-0.824412,-0.067650,-0.196116,-0.008700,1,1
697,18,-0.769093,-0.042089,0.276827,0.092280,1,1
690,18,-0.730082,0.074707,0.432711,0.153797,1,1
682,18,-0.739945,-0.018609,0.310025,0.246489,1,1
683,18,-0.713678,-0.029592,0.329491,0.038614,1,1
680,18,-0.773482,0.016550,0.320331,0.092098,1,1
712,18,-0.795578,-0.088014,-0.061688,0.012449,1,1
702,18,-0.820049,-0.102526,-0.085277,-0.000412,1,1
718,18,-0.690176,-0.057252,-0.082914,0.041465,1,1
687,18,-0.807546,-0.052549,0.376021,0.115320,1,1
699,18,-0.901104,-0.012483,0.317116,0.138344,1,1
701,18,-0.800243,-0.030781,-0.160981,0.036248,1,1
717,18,-0.817330,-0.093909,-0.103820,0.037357,1,1
681,18,-0.788836,0.010933,0.348714,0.059586,1,1
713,18,-0.776097,-0.077593,-0.042823,-0.038099,1,1
693,18,-0.776405,0.002951,0.347455,0.233463,1,1
691,18,-0.755185,0.051683,0.362471,0.030791,1,1
705,18,-0.820269,-0.027159,-0.097545,0.032543,1,1
708,18,-0.767635,-0.009515,-0.037656,0.024966,1,1
715,18,-0.811569,-0.072209,-0.253697,-0.032855,1,1
714,18,-0.768835,-0.018985,-0.060759,0.033906,1,1
686,18,-0.766366,0.134002,0.286838,0.029243,1,0
716,18,-0.771913,-0.003057,-0.088183,-0.006876,1,1
698,18,-0.839843,0.018610,0.283532,0.050210,1,1
719,18,-0.747444,0.008903,-0.116526,-0.067746,1,1
706,18,-0.828466,0.015526,-0.091087,-0.018709,1,1
685,18,-0.770704,-0.082052,0.263944,0.131789,1,1
689,18,-0.771472,-0.001634,0.321918,0.156810,1,1
684,18,-0.781385,-0.039041,0.189652,0.145911,1,1
736,19,-0.756880,-0.010861,0.363696,0.117090,1,1
722,19,-0.831000,-0.001848,0.336314,0.030537,1,1
733,19,-0.811153,-0.010157,0.279778,0.002221,1,1
728,19,-0.729231,0.013351,0.310703,0.087390,1,1
750,19,-0.753299,-0.052254,-0.103928,-0.035844,1,1
735,19,-0.827903,0.075782,0.343273,0.066651,1,1
746,19,-0.731474,0.014054,-0.100790,-0.037093,1,1
748,19,-0.752211,-0.155331,-0.175872,0.007141,0,1
745,19,-0.823865,-0.038680,-0.106641,0.026886,1,1
755,19,-0.751963,-0.036294,-0.143063,-0.022397,1,1
727,19,-0.824012,-0.008805,0.286387,0.058619,1,1
754,19,-0.769859,-0.047135,-0.046973,-0.027072,1,1
724,19,-0.857141,-0.001365,0.304685,0.192707,1,1
743,19,-0.799216,-0.016219,-0.149761,-0.005696,1,1
742,19,-0.804663,-0.078127,-0.145624,-0.005602,1,1
723,19,-0.836386,-0.013843,0.240154,0.158171,1,1
725,19,-0.617866,0.037018,0.274607,0.019695,1,0
759,19,-0.766092,-0.101333,-0.100632,-0.006775,1,1
729,19,-0.788485,0.014548,0.312360,0.038209,1,1
726,19,-0.765349,0.003932,0.256052,0.204251,1,1
730,19,-0.858448,0.014292,0.389286,0.061039,1,1
738,19,-0.838878,-0.069998,0.226959,0.098329,1,1
740,19,-0.840053,-0.067320,-0.110709,0.038358,1,1
756,19,-0.835068,-0.027568,-0.171328,-0.029889,1,1
739,19,-0.813912,-0.066119,0.270517,0.053245,1,1
758,19,-0.760099,-0.138845,-0.116728,-0.026649,1,1
744,19,-0.741022,-0.029246,-0.082352,0.000974,1,1
721,19,-0.813384,-0.016150,0.318147,0.256514,1,1
749,19,-0.742933,-0.001892,-0.077220,0.021768,1,1
752,19,-0.749886,-0.009110,-0.076585,-0.052499,1,1
751,19,-0.786215,0.003346,-0.022764,0.056094,1,1
737,19,-0.834204,-0.050947,0.304021,0.124789,1,1
753,19,-0.826417,-0.108878,-0.096087,-0.041932,1,1
720,19,-0.845992,0.057594,0.295178,0.152626,1,1
741,19,-0.750834,-0.012140,-0.229051,0.017058,1,1
747,19,-0.745625,-0.022935,-0.086099,-0.009375,1,1
731,19,-0.784040,0.002884,0.300166,0.199135,1,1
757,19,-0.754402,-0.008315,-0.167450,0.047595,1,1
734,19,-0.721337,0.069557,0.286634,0.135167,1,1
732,19,-0.809825,0.031209,0.451343,0.049433,1,1
771,20,-0.739156,0.043012,0.297339,0.063628,1,1
795,20,-0.802264,-0.070108,-0.117960,0.006813,1,1
787,20,-0.765632,0.013971,-0.167838,-0.037716,1,1
792,20,-0.714884,-0.080345,-0.164289,-0.017994,1,1
783,20,-0.762063,-0.041410,-0.125206,-0.080113,1,1
765,20,-0.765253,0.024510,0.323689,0.102337,1,1
776,20,-0.841071,-0.041673,0.338595,0.152477,1,1
782,20,-0.846645,0.031321,-0.171795,-0.108378,1,1
798,20,-0.810953,0.039131,-0.098611,0.031430,1,1
760,20,-0.811396,-0.000935,0.285355,0.105254,1,1
761,20,-0.806205,0.075798,0.206251,0.103381,1,1
793,20,-0.785277,-0.001138,-0.175641,0.018908,1,1
769,20,-0.796825,-0.023286,0.294141,0.109796,1,1
790,20,-0.822377,-0.054419,-0.081345,0.014783,1,1
778,20,-0.840665,0.062633,0.271386,0.137314,1,1
763,20,-0.801483,-0.043329,0.322214,0.150653,1,1
794,20,-0.689011,-0.123771,-0.029171,-0.022164,0,1
796,20,-0.683486,0.057364,-0.061711,0.010594,1,1
781,20,-0.783896,-0.045145,-0.056593,-0.027931,1,1
786,20,-0.768384,0.019533,-0.066510,-0.041971,1,1
788,20,-0.809966,-0.149591,-0.210525,0.070393,0,1
789,20,-0.776716,-0.080619,-0.076018,0.005973,1,1
764,20,-0.792583,0.036602,0.206053,0.099247,1,1
770,20,-0.819897,0.012087,0.209882,0.137452,1,1
797,20,-0.771051,-0.084546,-0.092879,-0.088058,1,1
766,20,-0.844409,0.050413,0.251424,0.048730,1,1
773,20,-0.850898,0.055863,0.257861,0.138326,1,1
779,20,-0.713727,0.011846,0.243956,0.030268,1,1
767,20,-0.775265,-0.012575,0.243034,0.100260,1,1
791,20,-0.783985,0.038569,-0.099481,0.061956,1,1
777,20,-0.804787,-0.017133,0.392317,0.127202,1,1
780,20,-0.764100,-0.067558,-0.173007,-0.046790,1,1
768,20,-0.778676,-0.032435,0.329525,0.117294,1,1
784,20,-0.760218,-0.079256,-0.191809,-0.033002,1,1
799,20,-0.787407,-0.114229,-0.126731,-0.066208,1,1
772,20,-0.741471,0.071846,0.343221,0.140124,1,1
762,20,-0.729215,-0.001462,0.258939,0.145990,1,1
785,20,-0.762764,-0.020069,-0.108956,-0.032990,1,1
775,20,-0.817502,0.033840,0.295340,0.156591,1,1
774,20,-0.795604,0.036390,0.365960,0.124290,1,1
807,21,-0.873817,-0.009736,0.447761,0.115309,1,1
803,21,-0.746644,0.048507,0.266193,0.066101,1,1
833,21,-0.685289,-0.019234,-0.169259,0.116604,1,1
801,21,-0.847858,0.019420,0.276793,0.061914,1,1
815,21,-0.812524,0.013646,0.269080,0.106496,1,1
805,21,-0.823615,0.004366,0.342797,0.035128,1,1
839,21,-0.772653,-0.143911,-0.131053,0.027795,1,1
804,21,-0.764446,0.004236,0.343684,0.047664,1,1
812,21,-0.835518,-0.028653,0.297495,0.075655,1,1
816,21,-0.789679,-0.008074,0.344035,0.036479,1,1
811,21,-0.767522,-0.010215,0.387846,0.106147,1,1
818,21,-0.756049,-0.018760,0.344605,0.137878,1,1
814,21,-0.750843,0.092355,0.351916,0.057661,1,1
806,21,-0.783251,-0.053636,0.298745,0.158665,1,1
829,21,-0.715141,0.001794,-0.019442,0.021313,1,1
825,21,-0.777367,0.172561,-0.131184,0.001192,0,1
834,21,-0.818869,-0.098134,-0.085268,-0.061954,1,1
830,21,-0.821232,-0.046462,-0.099275,-0.021738,1,1
831,21,-0.711959,-0.044848,-0.215316,0.031268,1,1
817,21,-0.871046,-0.021450,0.367576,0.063783,1,1
823,21,-0.771407,-0.028044,-0.182595,-0.054786,1,1
827,21,-0.792184,-0.037538,-0.076984,0.028949,1,1
836,21,-0.757859,-0.024485,-0.116979,-0.017336,1,1
808,21,-0.813412,-0.020789,0.300863,0.027820,1,1
802,21,-0.770659,-0.014141,0.288854,0.041770,1,1
810,21,-0.800965,-0.032807,0.323127,0.199383,1,1
819,21,-0.833758,-0.000850,0.206118,0.039228,1,1
800,21,-0.843401,0.031737,0.385468,0.020319,1,1
837,21,-0.783444,-0.097955,-0.086383,0.085098,1,1
809,21,-0.816660,0.004109,0.283781,0.081816,1,1
822,21,-0.788333,-0.027548,-0.093900,-0.040165,1,1
838,21,-0.804734,-0.047638,-0.049525,0.063858,1,1
828,21,-0.730959,0.026047,-0.142678,0.005689,1,1
813,21,-0.848551,0.013765,0.314631,0.075501,1,1
824,21,-0.917350,0.010861,-0.161933,-0.014636,1,1
832,21,-0.794869,-0.060807,-0.111691,-0.069255,1,1
826,21,-0.711866,0.008685,-0.071635,-0.013839,1,1
835,21,-0.733893,-0.103400,-0.118807,-0.073917,1,1
820,21,-0.738582,-0.042812,-0.163881,-0.054153,1,1
821,21,-0.710603,-0.077524,-0.081236,-0.034767,1,1
858,22,-0.828182,0.022276,0.264834,0.204663,1,1
866,22,-0.737868,-0.012699,-0.182829,0.060009,1,1
877,22,-0.767828,-0.123597,-0.146933,-0.071352,1,1
849,22,-0.747925,0.057761,0.278790,0.115060,1,1
861,22,-0.768324,-0.122630,-0.119762,0.005415,1,1
841,22,-0.813426,0.024810,0.288154,0.176835,1,1
873,22,-0.690727,-0.084799,-0.038335,-0.031643,1,1
854,22,-0.796101,0.027774,0.369458,0.104490,1,1
867,22,-0.862614,0.009723,-0.055418,-0.056145,1,1
855,22,-0.752993,0.006134,0.251094,0.001512,1,1
850,22,-0.817883,0.007950,0.254928,0.044125,1,1
874,22,-0.875484,0.012122,-0.101909,-0.006251,1,1
871,22,-0.814240,-0.057564,-0.068093,0.065448,1,1
852,22,-0.775669,0.122649,0.364288,0.161581,1,0
862,22,-0.770825,0.061122,-0.083052,-0.008456,1,1
842,22,-0.847062,-0.007145,0.277406,-0.006721,1,1
856,22,-0.822504,-0.015806,0.300965,0.133723,1,1
868,22,-0.762785,-0.059060,-0.166352,-0.020135,1,1
864,22,-0.686121,-0.039910,-0.084972,-0.023035,1,1
853,22,-0.690790,-0.011751,0.303263,0.062847,1,1
872,22,-0.775810,-0.059858,-0.094801,-0.031250,1,1
863,22,-0.687816,0.055637,-0.099159,-0.101126,1,1
851,22,-0.870447,0.007420,0.276700,0.067935,1,1
865,22,-0.738099,-0.046845,-0.090944,-0.052413,1,1
879,22,-0.838942,-0.111464,-0.007569,-0.028140,1,1
857,22,-0.885588,0.078757,0.341855,0.060022,1,0
843,22,-0.781546,-0.007391,0.364415,0.260048,1,1
876,22,-0.632524,-0.089862,-0.120749,0.031095,0,1
840,22,-0.856866,0.098958,0.279819,0.113871,1,0
846,22,-0.748085,-0.078760,0.346816,0.240895,1,1
860,22,-0.776686,-0.072999,-0.170067,0.029702,1,1
845,22,-0.786212,-0.012402,0.267783,0.207572,1,1
869,22,-0.701784,-0.030347,-0.085275,0.061013,1,1
848,22,-0.815004,-0.004461,0.282166,0.131438,1,1
844,22,-0.796933,0.010184,0.320700,0.095228,1,1
870,22,-0.821469,-0.005642,-0.130520,0.041787,1,1
847,22,-0.772804,-0.069500,0.296981,0.082401,1,1
859,22,-0.843542,0.035894,0.252800,0.125958,1,1
875,22,-0.693489,0.023955,-0.108554,-0.002715,1,1
878,22,-0.718336,-0.051736,-0.108513,-0.060935,1,1
896,23,-0.763550,-0.015410,0.277795,0.119008,1,1
881,23,-0.777523,0.088110,0.293257,0.022786,1,1
891,23,-0.930172,0.058924,0.331510,0.131860,1,0
880,23,-0.723596,-0.066070,0.327441,0.168346,1,1
899,23,-0.837696,-0.102773,0.333290,0.184395,1,1
915,23,-0.695170,-0.025415,-0.133027,0.061688,1,1
890,23,-0.819801,-0.010485,0.319516,0.180378,1,1
889,23,-0.820088,-0.016590,0.340660,0.160656,1,1
885,23,-0.788942,-0.019091,0.320452,0.192511,1,1
918,23,-0.763476,-0.060051,-0.045127,0.006907,1,1
909,23,-0.771407,-0.045888,-0.175320,-0.023249,1,1
902,23,-0.729471,-0.002757,-0.174966,-0.029626,1,1
904,23,-0.733960,-0.060283,-0.139985,0.050389,1,1
911,23,-0.825885,-0.056269,-0.119127,-0.036626,1,1
882,23,-0.751601,0.032970,0.367136,0.200785,1,1
897,23,-0.766971,0.063463,0.268021,0.129304,1,1
903,23,-0.831527,-0.091164,-0.010657,-0.035150,1,1
914,23,-0.731757,-0.028172,-0.103203,-0.025052,1,1
883,23,-0.858544,0.081559,0.256432,0.102791,1,0
901,23,-0.786882,-0.086418,-0.103709,-0.017604,1,1
892,23,-0.912688,0.006965,0.383622,0.075948,1,1
907,23,-0.750896,-0.073301,-0.134289,0.042072,1,1
906,23,-0.812853,-0.072865,-0.207939,-0.036249,1,1
913,23,-0.802980,-0.040253,-0.105148,-0.023569,1,1
919,23,-0.823710,0.039438,-0.101687,-0.077243,1,1
887,23,-0.784008,-0.037594,0.280966,0.101165,1,1
910,23,-0.737321,-0.083247,-0.065289,0.023995,1,1
886,23,-0.760786,-0.031852,0.357464,0.084791,1,1
916,23,-0.782392,-0.068185,-0.169674,0.076166,1,1
895,23,-0.666626,0.004037,0.222247,0.095974,1,1
900,23,-0.782012,-0.108768,-0.118096,0.009545,1,1
917,23,-0.794220,-0.031238,-0.119093,0.024500,1,1
894,23,-0.731840,0.012951,0.311621,0.116577,1,1
888,23,-0.748992,0.027613,0.240621,0.059243,1,1
884,23,-0.765747,0.080138,0.275671,0.070327,1,1
912,23,-0.715911,-0.008557,-0.102596,0.051203,1,1
893,23,-0.769257,-0.006440,0.192184,0.081027,1,1
908,23,-0.771564,0.046374,-0.035508,-0.017666,1,1
905,23,-0.824207,-0.005026,-0.108405,-0.087754,1,1
898,23,-0.795539,-0.033454,0.298070,-0.001404,1,1
932,24,-0.909723,-0.022980,0.371776,0.187739,1,1
940,24,-0.761910,-0.071994,-0.153053,-0.059795,1,1
934,24,-0.789609,0.002968,0.325540,0.209831,1,1
922,24,-0.727840,-0.106349,0.310032,0.094368,1,1
931,24,-0.808164,0.053116,0.265136,0.053387,1,1
951,24,-0.847303,-0.134207,-0.030628,0.031314,1,1
956,24,-0.810691,-0.006078,-0.175167,-0.008896,1,1
935,24,-0.700724,-0.038696,0.375583,0.092064,1,1
927,24,-0.780093,-0.078841,0.275540,0.121507,1,1
957,24,-0.751172,0.031625,-0.113788,-0.124225,1,1
949,24,-0.703596,-0.079800,-0.173263,0.029573,1,1
946,24,-0.738641,-0.042096,-0.037411,-0.090546,1,1
950,24,-0.797341,0.026796,-0.054696,0.056444,1,1
938,24,-0.864147,-0.031402,0.318220,0.105076,1,1
925,24,-0.762413,0.023453,0.264892,0.128484,1,1
958,24,-0.816632,0.023840,-0.147777,-0.134009,1,1
944,24,-0.773454,-0.050369,-0.150171,-0.012165,1,1
952,24,-0.834063,0.048335,-0.161952,-0.058657,1,1
954,24,-0.825236,0.004085,-0.102584,-0.052988,1,1
939,24,-0.726227,-0.088460,0.331486,0.088847,1,1
926,24,-0.748440,-0.003586,0.319639,0.183734,1,1
936,24,-0.858778,-0.018230,0.277839,0.092396,1,1
933,24,-0.820101,0.042546,0.270064,0.129742,1,1
929,24,-0.844801,0.035066,0.349718,0.067535,1,1
924,24,-0.805377,-0.012835,0.235727,0.129058,1,1
928,24,-0.788141,-0.007109,0.281361,0.122082,1,1
930,24,-0.822052,-0.068108,0.306185,0.036344,1,1
937,24,-0.819852,0.000217,0.365960,0.137055,1,1
947,24,-0.790689,-0.065581,-0.117667,-0.084642,1,1
923,24,-0.831483,0.025316,0.320540,0.057398,1,1
942,24,-0.774286,-0.039617,-0.117002,-0.012233,1,1
948,24,-0.860652,-0.010411,-0.033917,0.013677,1,1
920,24,-0.811708,0.026429,0.328247,0.146296,1,1
945,24,-0.734441,-0.034876,-0.137997,-0.028144,1,1
921,24,-0.808475,0.079239,0.396531,0.165477,1,1
941,24,-0.819580,-0.071878,-0.102762,0.029261,1,1
943,24,-0.754465,-0.043457,-0.101697,-0.060507,1,1
959,24,-0.740716,-0.011936,-0.034922,-0.005632,1,1
955,24,-0.769065,0.019825,-0.139206,0.020573,1,1
953,24,-0.711781,-0.004753,-0.102127,0.005775,1,1
983,25,-0.696598,-0.167301,-0.074212,0.027592,0,1
967,25,-0.821758,-0.020562,0.386990,0.071572,1,1
991,25,-0.827713,-0.111530,-0.030108,-0.003666,1,1
997,25,-0.796027,-0.068073,-0.134136,-0.026519,1,1
974,25,-0.813807,-0.034440,0.276717,0.182869,1,1
960,25,-0.831353,-0.018019,0.225253,0.048597,1,1
978,25,-0.831424,0.029608,0.300106,0.133600,1,1
981,25,-0.734449,-0.056702,-0.093192,0.004596,1,1
998,25,-0.799921,0.028356,-0.059122,0.020670,1,1
972,25,-0.687257,0.035213,0.262728,0.142943,1,1
969,25,-0.783403,-0.003135,0.230039,0.121672,1,1
992,25,-0.710167,-0.077439,-0.170793,-0.039315,1,1
986,25,-0.839779,-0.033905,-0.104272,0.029467,1,1
994,25,-0.765185,-0.128060,-0.080662,-0.000849,1,1
966,25,-0.773231,0.004349,0.290831,0.140447,1,1
988,25,-0.772091,-0.049723,-0.128457,-0.035652,1,1
996,25,-0.726830,-0.118072,-0.081983,-0.035014,1,1
976,25,-0.831540,0.046602,0.322540,0.106021,1,1
987,25,-0.789498,-0.072190,-0.086497,0.009019,1,1
977,25,-0.817848,0.016757,0.288723,0.100811,1,1
982,25,-0.764103,-0.007732,-0.251595,-0.024751,1,1
973,25,-0.706203,-0.039553,0.331094,0.135378,1,1
999,25,-0.746050,-0.025289,-0.149947,-0.005833,1,1
995,25,-0.849526,0.031494,-0.180414,-0.019286,1,1
989,25,-0.766161,-0.098114,-0.138463,-0.125456,1,1
961,25,-0.769944,-0.009127,0.349010,0.220149,1,1
964,25,-0.805408,-0.053082,0.347147,0.180732,1,1
980,25,-0.783612,-0.067719,-0.115163,-0.104316,1,1
968,25,-0.766239,-0.003029,0.239667,0.110117,1,1
963,25,-0.789965,0.049151,0.211856,0.093540,1,1
993,25,-0.692510,-0.091429,-0.150840,0.027667,1,1
990,25,-0.744587,-0.102357,-0.128911,0.029675,1,1
984,25,-0.827454,-0.096603,-0.158839,-0.046705,1,1
979,25,-0.780851,0.066172,0.219910,0.101629,1,1
970,25,-0.723613,-0.065002,0.188198,0.052150,1,1
985,25,-0.807252,0.037609,-0.046455,0.042224,1,1
975,25,-0.816936,0.006133,0.266412,0.026953,1,1
962,25,-0.827877,0.053773,0.220754,0.017691,1,1
971,25,-0.716932,0.017766,0.308896,0.137346,1,1
965,25,-0.802214,0.079080,0.266940,0.074667,1,1
1015,26,-0.724164,-0.023078,0.262931,0.055897,1,1
1000,26,-0.724613,-0.061517,0.367867,0.103154,1,1
1020,26,-0.723797,-0.004871,-0.127686,-0.045129,1,1
1030,26,-0.746994,-0.066201,-0.084664,-0.108436,1,1
1028,26,-0.794971,-0.044442,-0.016762,0.033222,1,1
1033,26,-0.730010,-0.004568,-0.148942,0.030435,1,1
1024,26,-0.731339,-0.029242,-0.191454,-0.057575,1,1
1029,26,-0.716146,-0.040319,-0.133266,0.002172,1,1
1006,26,-0.875702,0.033828,0.276395,0.100846,1,1
1036,26,-0.839201,-0.096950,-0.077197,0.021140,1,1
1035,26,-0.771262,-0.031981,-0.145303,0.038894,1,1
1023,26,-0.821747,-0.089092,-0.095899,-0.019712,1,1
1014,26,-0.758987,0.029184,0.235275,0.113334,1,1
1034,26,-0.804277,-0.118472,-0.093396,0.069558,1,1
1008,26,-0.727743,-0.055022,0.309700,0.050881,1,1
1010,26,-0.837526,-0.039686,0.326713,0.115875,1,1
1001,26,-0.791654,0.070364,0.354172,0.121576,1,1
1005,26,-0.813362,-0.009374,0.357879,0.089492,1,1
1018,26,-0.842747,0.028878,0.289502,0.134073,1,1
1026,26,-0.786582,-0.089512,-0.112102,-0.023454,1,1
1004,26,-0.758111,0.004058,0.348636,0.110652,1,1
1027,26,-0.776921,-0.027419,-0.143510,-0.062717,1,1
1003,26,-0.761304,0.022362,0.298311,0.152564,1,1
1007,26,-0.812851,-0.066730,0.289077,0.079773,1,1
1013,26,-0.826772,0.015350,0.298458,0.086843,1,1
1009,26,-0.794564,0.036641,0.317496,0.077496,1,1
1016,26,-0.796584,-0.047709,0.369751,0.035217,1,1
1021,26,-0.726213,-0.008548,-0.014002,0.000468,1,1
1038,26,-0.811038,-0.047713,-0.113832,0.055002,1,1
1025,26,-0.766159,0.006198,-0.104940,0.021064,1,1
1039,26,-0.720577,-0.013494,-0.165183,0.061014,1,1
1022,26,-0.795842,0.041411,-0.210007,0.036751,1,1
1032,26,-0.745066,-0.016193,-0.190281,0.013197,1,1
1011,26,-0.844999,0.014024,0.273977,0.103594,1,1
1031,26,-0.760320,-0.064438,-0.079048,0.073732,1,1
1017,26,-0.848035,-0.012700,0.295308,0.078308,1,1
1019,26,-0.819924,0.002395,0.246220,0.156852,1,1
1037,26,-0.772289,0.009993,-0.110208,-0.020751,1,1
1012,26,-0.843335,0.024601,0.358579,0.143534,1,1
1002,26,-0.742844,0.019983,0.364094,0.116537,1,1
1067,27,-0.803514,-0.024394,-0.010925,-0.060144,1,1
1074,27,-0.826935,-0.041995,-0.065912,0.019535,1,1
1075,27,-0.668460,-0.030626,-0.028662,0.011071,1,1
1076,27,-0.741129,-0.070560,-0.082605,0.076715,1,1
1069,27,-0.725758,-0.019795,-0.114909,-0.014365,1,1
1047,27,-0.749944,-0.034288,0.335696,0.100707,1,1
1066,27,-0.786870,-0.096979,-0.111905,0.060962,1,1
1073,27,-0.738105,-0.036713,-0.089014,0.030868,1,1
1063,27,-0.742398,-0.092515,-0.109662,-0.100916,1,1
1061,27,-0.757918,-0.028031,-0.114789,-0.014296,1,1
1079,27,-0.756288,-0.034765,-0.121198,-0.012729,1,1
1050,27,-0.774308,0.075982,0.283386,0.059650,1,1
1071,27,-0.743874,-0.036478,-0.088023,-0.010420,1,1
1064,27,-0.774982,-0.093842,-0.142163,-0.068113,1,1
1054,27,-0.853617,-0.072528,0.335431,0.101840,1,1
1048,27,-0.776876,-0.055913,0.301132,0.105180,1,1
1070,27,-0.775679,-0.088665,-0.074675,-0.026563,1,1
1072,27,-0.725513,0.028321,-0.086396,-0.003895,1,1
1060,27,-0.777647,-0.007897,-0.153171,-0.022394,1,1
1044,27,-0.788489,0.061012,0.329685,0.098114,1,1
1077,27,-0.784814,0.010612,-0.148856,0.063402,1,1
1045,27,-0.799998,0.040099,0.392317,0.090812,1,1
1053,27,-0.870300,0.007814,0.282322,0.012071,1,1
1068,27,-0.728948,-0.022206,-0.080133,0.042186,1,1
1062,27,-0.858110,-0.133623,-0.143648,0.036622,0,1
1052,27,-0.760971,0.027108,0.347609,0.149649,1,1
1055,27,-0.847762,0.050059,0.309662,0.178193,1,1
1057,27,-0.833196,-0.045814,0.297119,0.100254,1,1
1041,27,-0.797494,0.016715,0.233028,0.065132,1,1
1051,27,-0.761509,-0.000439,0.266747,0.074920,1,1
1049,27,-0.813888,0.059870,0.285444,0.099102,1,1
1043,27,-0.796060,-0.057548,0.292472,0.086295,1,1
1046,27,-0.869143,-0.013011,0.316943,0.197667,1,1
1056,27,-0.880911,-0.007454,0.326476,0.145156,1,1
1059,27,-0.728464,0.019228,0.265078,0.081298,1,1
1065,27,-0.678222,-0.041090,-0.124829,-0.018307,1,1
1058,27,-0.846301,-0.017150,0.321536,0.082757,1,1
1042,27,-0.744814,-0.025069,0.377939,0.046666,1,1
1040,27,-0.757826,0.062438,0.319300,0.068856,1,1
1078,27,-0.764377,-0.022379,-0.116955,-0.021863,1,1
1089,28,-0.758600,-0.036790,0.415504,0.125319,1,1
1091,28,-0.827910,0.021453,0.325698,0.111281,1,1
1104,28,-0.778139,-0.084231,-0.099777,0.018583,1,1
1117,28,-0.770355,-0.143604,-0.131275,0.000722,1,1
1108,28,-0.777614,-0.041190,-0.099490,0.019158,1,1
1118,28,-0.791405,-0.046427,-0.176958,-0.055368,1,1
1107,28,-0.683016,0.001292,-0.044274,-0.004957,1,1
1080,28,-0.753273,0.015724,0.349983,0.120372,1,1
1112,28,-0.710122,-0.094801,-0.150903,0.013991,1,1
1099,28,-0.688963,-0.060854,0.298631,0.044960,1,1
1095,28,-0.748020,0.017886,0.269250,0.077948,1,1
1106,28,-0.815522,0.008905,-0.151876,-0.003889,1,1
1085,28,-0.775105,0.070944,0.270242,0.106978,1,1
1087,28,-0.725438,0.064894,0.428729,0.119042,1,1
1119,28,-0.805947,0.021138,-0.124463,-0.000745,1,1
1088,28,-0.805749,-0.042650,0.318415,0.036939,1,1
1110,28,-0.764556,-0.103596,-0.161391,-0.066181,1,1
1092,28,-0.748820,0.014863,0.297117,0.097552,1,1
1116,28,-0.695371,-0.108679,0.013760,0.081431,1,1
1114,28,-0.862204,-0.093494,-0.099856,-0.005694,1,1
1094,28,-0.789080,0.050582,0.282740,0.180467,1,1
1098,28,-0.699360,-0.010647,0.316603,0.042275,1,1
1090,28,-0.781943,0.042076,0.365172,0.128779,1,1
1083,28,-0.724755,0.050779,0.319439,0.041098,1,1
1097,28,-0.772456,-0.005537,0.319020,0.091724,1,1
1081,28,-0.811758,0.078052,0.214571,0.069388,1,1
1113,28,-0.846257,0.011434,-0.074577,0.030759,1,1
1103,28,-0.757821,0.003207,-0.047815,0.085364,1,1
1086,28,-0.846628,0.019883,0.264780,0.063974,1,1
1109,28,-0.793701,-0.017567,-0.111485,-0.030411,1,1
1084,28,-0.714219,0.113066,0.346785,0.140263,1,0
1082,28,-0.728710,-0.007225,0.286595,0.118008,1,1
1093,28,-0.768243,0.044897,0.359578,0.137109,1,1
1105,28,-0.715491,-0.063242,-0.139714,-0.010650,1,1
1115,28,-0.752779,-0.078017,-0.163128,-0.021971,1,1
1101,28,-0.746778,0.015221,-0.121482,0.121961,1,1
1102,28,-0.693209,0.012844,-0.121065,-0.052825,1,1
1096,28,-0.808347,0.064707,0.293829,0.131489,1,1
1100,28,-0.746796,0.017472,-0.272415,0.013352,1,1
1111,28,-0.786596,-0.055072,-0.064471,-0.031724,1,1
1155,29,-0.717939,-0.075073,-0.189754,-0.108128,1,1
1142,29,-0.700116,-0.036233,-0.072618,-0.039910,1,1
1128,29,-0.705409,-0.057706,0.300134,0.071082,1,1
1138,29,-0.792082,0.039706,0.248151,0.069170,1,1
1127,29,-0.817866,-0.068433,0.279720,0.058301,1,1
1123,29,-0.735432,-0.015156,0.293294,0.070947,1,1
1139,29,-0.826336,0.006617,0.342226,0.165881,1,1
1134,29,-0.816699,0.024338,0.329439,0.091217,1,1
1146,29,-0.798720,-0.074799,-0.139012,0.025073,1,1
1149,29,-0.746658,-0.101110,-0.137507,-0.017631,1,1
1136,29,-0.807263,0.013540,0.302725,0.074366,1,1
1140,29,-0.759852,-0.155780,-0.105319,0.010790,0,1
1151,29,-0.665592,-0.058026,-0.121273,0.039736,1,1
1158,29,-0.814254,-0.087653,-0.112661,0.021823,1,1
1133,29,-0.803350,-0.015196,0.344990,0.221781,1,1
1143,29,-0.777081,0.049994,-0.217913,0.012197,1,1
1132,29,-0.815620,0.133505,0.349679,0.229206,1,0
1121,29,-0.844817,0.001828,0.304985,0.057113,1,1
1148,29,-0.765570,-0.013901,-0.083380,-0.039624,1,1
1122,29,-0.823654,-0.018937,0.342626,0.096403,1,1
1153,29,-0.863122,-0.113150,-0.143619,0.032866,1,1
1157,29,-0.714527,0.001560,-0.104876,-0.010584,1,1
1150,29,-0.708203,-0.021144,-0.097117,0.024271,1,1
1126,29,-0.727188,-0.036705,0.330745,0.217453,1,1
1137,29,-0.772706,-0.016624,0.361101,0.094468,1,1
1135,29,-0.835013,0.101450,0.357101,0.100641,1,0
1156,29,-0.772490,-0.012605,-0.146018,0.000416,1,1
1145,29,-0.788518,-0.105896,-0.108940,-0.021688,1,1
1124,29,-0.892572,-0.022198,0.263812,0.045810,1,1
1152,29,-0.829793,-0.037067,-0.088653,-0.008971,1,1
1120,29,-0.757033,0.019378,0.378330,0.158825,1,1
1144,29,-0.774637,-0.103173,-0.103693,0.047652,1,1
1147,29,-0.723589,0.007506,-0.108990,-0.070795,1,1
1154,29,-0.902228,-0.011355,-0.102664,-0.003391,1,1
1159,29,-0.788166,-0.020915,0.008433,-0.021748,1,1
1130,29,-0.820995,0.034881,0.265043,0.200373,1,1
1141,29,-0.737661,-0.082513,-0.122028,-0.084640,1,1
1129,29,-0.810020,0.057703,0.269610,0.095697,1,1
1125,29,-0.740261,0.109143,0.307057,0.094394,1,0
1131,29,-0.758618,-0.009416,0.305783,0.004637,1,1
1167,30,-0.813501,-0.007049,0.290541,0.201424,1,1
1173,30,-0.839958,0.053477,0.365404,0.096088,1,1
1169,30,-0.784392,-0.028208,0.280372,0.148624,1,1
1192,30,-0.784715,0.000062,-0.171232,0.001441,1,1
1175,30,-0.869267,0.038896,0.314071,0.059320,1,1
1170,30,-0.762248,0.050511,0.347805,0.165667,1,1
1168,30,-0.793950,-0.002193,0.234803,0.138062,1,1
1195,30,-0.735271,0.067970,-0.063711,-0.026710,1,1
1172,30,-0.771208,-0.177814,0.288921,0.133336,1,1
1196,30,-0.803122,-0.035175,-0.166008,0.019205,1,1
1183,30,-0.773669,0.019759,-0.052844,-0.046126,1,1
1190,30,-0.798273,-0.025907,-0.110855,0.067446,1,1
1163,30,-0.737767,0.058934,0.229335,0.071902,1,1
1199,30,-0.732373,-0.096010,-0.152546,0.018225,1,1
1174,30,-0.748798,0.026610,0.308432,0.143614,1,1
1171,30,-0.751976,-0.072744,0.249172,-0.014162,1,1
1161,30,-0.676405,-0.020759,0.297231,0.120018,1,1
1166,30,-0.787350,-0.061218,0.306640,0.109219,1,1
1186,30,-0.839362,-0.034350,-0.094353,0.072764,1,1
1185,30,-0.686649,-0.140539,-0.008969,-0.023281,0,1
1188,30,-0.743889,-0.031102,-0.116651,-0.051725,1,1
1182,30,-0.757690,-0.025238,-0.180847,0.021282,1,1
1197,30,-0.704390,-0.097994,-0.140453,0.041786,1,1
1160,30,-0.838007,-0.025964,0.346066,0.081273,1,1
1178,30,-0.754394,-0.069614,0.278866,0.130230,1,1
1193,30,-0.817684,-0.049139,-0.114695,0.022112,1,1
1164,30,-0.722257,0.030235,0.338731,0.049462,1,1
1162,30,-0.772156,-0.034961,0.364885,0.042522,1,1
1176,30,-0.686125,-0.012733,0.306006,0.103280,1,1
1187,30,-0.744640,-0.023146,0.022903,0.008229,1,1
1180,30,-0.802770,-0.043277,-0.155558,-0.035890,1,1
1191,30,-0.784324,-0.065878,-0.109305,-0.102631,1,1
1179,30,-0.863723,-0.044465,0.293612,0.137790,1,1
1189,30,-0.740685,-0.026610,-0.110180,-0.007307,1,1
1165,30,-0.829217,0.097111,0.286087,0.154292,1,0
1194,30,-0.818752,-0.035662,-0.188355,0.074332,1,1
1177,30,-0.842735,-0.010916,0.339235,0.039370,1,1
1181,30,-0.732127,-0.045936,-0.077680,0.064403,1,1
1198,30,-0.860041,-0.138086,-0.112447,0.025958,0,1
1184,30,-0.815986,-0.059823,-0.127304,-0.056703,1,1
1219,31,-0.823727,-0.017583,0.333861,0.108358,1,1
1226,31,-0.862301,-0.063103,-0.037605,0.016219,1,1
1221,31,-0.695404,-0.036176,-0.187516,0.087556,1,1
1236,31,-0.863519,-0.017501,-0.079526,0.048307,1,1
1235,31,-0.703743,-0.067866,-0.072827,-0.007269,1,1
1214,31,-0.758426,0.038355,0.240907,0.134553,1,1
1233,31,-0.748310,-0.019024,-0.115410,-0.037941,1,1
1203,31,-0.837487,0.007884,0.345670,0.151002,1,1
1206,31,-0.853147,-0.077117,0.334372,0.070621,1,1
1212,31,-0.791805,-0.065696,0.325284,0.235475,1,1
1201,31,-0.779909,0.047081,0.236068,0.125643,1,1
1237,31,-0.771367,0.010575,-0.094635,-0.045516,1,1
1230,31,-0.833413,-0.144149,-0.184289,-0.000634,0,1
1228,31,-0.774185,-0.064968,-0.097153,-0.153924,1,1
1231,31,-0.818596,-0.084715,-0.152140,-0.088987,1,1
1216,31,-0.827655,-0.034365,0.172285,0.114381,1,1
1205,31,-0.826046,-0.094264,0.266597,0.129311,1,1
1204,31,-0.920811,-0.003837,0.354762,0.052398,1,0
1238,31,-0.754636,-0.064491,-0.070500,0.036612,1,1
1213,31,-0.784984,0.041640,0.345944,0.071936,1,1
1209,31,-0.807073,0.009109,0.287675,-0.004829,1,1
1208,31,-0.801147,0.077699,0.234709,0.142462,1,1
1210,31,-0.857809,-0.007137,0.346572,0.092285,1,1
1229,31,-0.740131,-0.084955,-0.188136,-0.052805,1,1
1223,31,-0.849776,-0.026660,-0.131972,0.003544,1,1
1232,31,-0.757866,-0.098450,-0.136202,0.045436,1,1
1200,31,-0.814679,-0.043870,0.346320,0.131349,1,1
1234,31,-0.772752,-0.008752,-0.082540,-0.000441,1,1
1202,31,-0.768399,0.035689,0.191864,0.166000,1,1
1224,31,-0.731771,-0.039650,-0.129684,-0.005392,1,1
1222,31,-0.702992,-0.023212,-0.168390,-0.086795,1,1
1227,31,-0.786074,-0.104528,0.001703,0.014490,1,1
1211,31,-0.797352,0.054854,0.403689,0.061030,1,1
1225,31,-0.762447,-0.043899,-0.161293,0.037924,1,1
1218,31,-0.838758,0.047539,0.288371,0.037723,1,1
1207,31,-0.762259,0.066589,0.294791,0.149729,1,1
1239,31,-0.694502,-0.089531,-0.114347,0.075058,1,1
1220,31,-0.776110,0.012990,-0.048178,-0.015957,1,1
1217,31,-0.743740,-0.054528,0.302997,0.131723,1,1
1215,31,-0.799698,0.041187,0.277708,0.082325,1,1
1262,32,-0.817975,-0.106861,-0.096673,-0.065851,1,1
1272,32,-0.721283,-0.002983,-0.136746,-0.028248,1,1
1254,32,-0.713601,0.022673,0.273570,0.129353,1,1
1244,32,-0.800052,0.005585,0.268778,0.103852,1,1
1271,32,-0.763347,-0.066890,0.033369,-0.058216,1,1
1243,32,-0.742918,-0.022515,0.244012,0.109782,1,1
1276,32,-0.828331,-0.069285,-0.197226,-0.061923,1,1
1248,32,-0.813628,-0.025125,0.329557,0.150100,1,1
1260,32,-0.736829,-0.010519,-0.048182,0.049234,1,1
1274,32,-0.789933,-0.037013,-0.073872,-0.010072,1,1
1265,32,-0.728347,-0.029095,-0.097267,-0.039668,1,1
1261,32,-0.803379,-0.069894,-0.133362,-0.058491,1,1
1266,32,-0.758437,-0.015178,-0.063049,0.001300,1,1
1268,32,-0.811916,-0.076756,-0.107307,-0.028962,1,1
1252,32,-0.755204,-0.037151,0.427120,0.171999,1,1
1247,32,-0.820393,-0.060975,0.371832,0.132361,1,1
1279,32,-0.731941,-0.088923,-0.183911,0.029626,1,1
1257,32,-0.752157,-0.081784,0.298177,0.131967,1,1
1246,32,-0.746296,0.001068,0.281815,0.192115,1,1
1249,32,-0.845399,0.019856,0.401112,0.163963,1,1
1275,32,-0.828113,-0.032126,-0.111499,0.008840,1,1
1267,32,-0.731271,-0.077907,-0.138809,-0.063779,1,1
1270,32,-0.731168,-0.033963,-0.106659,0.037632,1,1
1269,32,-0.751096,-0.135763,-0.080571,-0.036105,1,1
1256,32,-0.791504,-0.003044,0.193458,0.030028,1,1
1278,32,-0.747480,0.041734,-0.055279,-0.074818,1,1
1264,32,-0.808714,-0.054231,-0.067386,-0.003964,1,1
1255,32,-0.760529,-0.030898,0.267587,0.163281,1,1
1250,32,-0.890736,0.027164,0.288089,0.167153,1,1
1253,32,-0.675466,0.010737,0.329698,0.193912,1,1
1251,32,-0.831038,-0.065039,0.324104,0.112759,1,1
1259,32,-0.733986,-0.019350,0.354542,0.197058,1,1
1273,32,-0.795414,0.016630,-0.136151,0.023228,1,1
1263,32,-0.746073,-0.087930,-0.178572,-0.029357,1,1
1240,32,-0.797147,0.116491,0.185994,0.117677,1,0
1241,32,-0.748303,0.043221,0.346659,0.079678,1,1
1245,32,-0.856654,-0.027483,0.243226,0.064857,1,1
1242,32,-0.757571,-0.037585,0.305604,0.166058,1,1
1277,32,-0.767517,0.032827,-0.145062,-0.093282,1,1
1258,32,-0.868719,0.043761,0.382366,0.149445,1,1
1305,33,-0.840579,-0.155290,-0.137320,0.018141,0,1
1292,33,-0.856628,-0.019884,0.292804,0.085665,1,1
1283,33,-0.855971,-0.114076,0.330924,0.223735,1,1
1314,33,-0.764420,-0.102267,-0.113787,-0.057052,1,1
1302,33,-0.750205,-0.030632,-0.196292,-0.046190,1,1
1296,33,-0.803451,0.030474,0.270812,0.052717,1,1
1318,33,-0.704523,0.002907,-0.049014,0.039724,1,1
1317,33,-0.761622,-0.039757,-0.156628,-0.058378,1,1
1310,33,-0.725155,0.010804,-0.228123,-0.009210,1,1
1315,33,-0.756880,-0.086181,-0.162262,-0.056035,1,1
1306,33,-0.789839,-0.039360,-0.032695,-0.001222,1,1
1309,33,-0.773328,-0.037378,-0.071271,-0.072087,1,1
1316,33,-0.716287,-0.020700,-0.083889,-0.077747,1,1
1308,33,-0.676809,0.053474,-0.102712,-0.053031,1,1
1294,33,-0.784123,-0.120460,0.259772,0.113327,1,1
1291,33,-0.759510,0.035291,0.216154,0.075603,1,1
1293,33,-0.751703,0.004938,0.239149,0.072317,1,1
1289,33,-0.716723,-0.016349,0.225413,0.086278,1,1
1295,33,-0.686391,-0.058563,0.300477,0.149336,1,1
1288,33,-0.848630,-0.024441,0.250657,0.128679,1,1
1280,33,-0.786870,-0.016378,0.395089,0.041878,1,1
1281,33,-0.762221,-0.027716,0.321735,0.042703,1,1
1300,33,-0.857760,-0.092775,-0.085832,-0.082474,1,1
1303,33,-0.811694,-0.012960,-0.126326,-0.050449,1,1
1307,33,-0.763082,-0.039573,-0.099081,-0.049331,1,1
1298,33,-0.784080,0.054865,0.290314,0.042871,1,1
1286,33,-0.780651,-0.032631,0.278646,0.102343,1,1
1313,33,-0.765339,-0.053571,-0.083091,0.013625,1,1
1287,33,-0.773732,0.048543,0.288984,0.182784,1,1
1311,33,-0.792776,-0.150809,-0.189628,-0.014156,0,1
1290,33,-0.841455,-0.081062,0.389866,0.161854,1,1
1304,33,-0.780909,-0.030559,-0.104575,-0.038617,1,1
1297,33,-0.819800,0.047960,0.285853,0.157856,1,1
1285,33,-0.807420,-0.014359,0.293233,0.184410,1,1
1282,33,-0.822743,-0.108780,0.281989,0.064505,1,1
1284,33,-0.800071,0.014440,0.273684,0.149998,1,1
1319,33,-0.793654,0.013308,-0.107524,-0.064338,1,1
1299,33,-0.830301,-0.047255,0.324712,0.109483,1,1
1301,33,-0.781953,-0.002769,-0.133235,-0.023289,1,1
1312,33,-0.806436,-0.083760,-0.137797,0.020232,1,1
1326,34,-0.773128,-0.038991,0.328933,0.130865,1,1
1338,34,-0.795501,0.063211,0.336022,0.172859,1,1
1335,34,-0.798239,0.024761,0.200384,0.076160,1,1
1329,34,-0.742709,0.069470,0.241585,0.071385,1,1
1356,34,-0.698158,-0.140072,-0.233850,-0.009806,0,1
1357,34,-0.817055,-0.054666,-0.131743,0.007339,1,1
1349,34,-0.725932,-0.014366,-0.110347,0.002772,1,1
1355,34,-0.747619,-0.043505,-0.071098,0.019828,1,1
1343,34,-0.796532,0.029589,-0.054165,0.055604,1,1
1350,34,-0.789427,0.000508,-0.076852,0.027186,1,1
1340,34,-0.833568,-0.055200,-0.121434,0.039227,1,1
1333,34,-0.869703,-0.095891,0.316128,0.182846,1,1
1339,34,-0.683745,0.020771,0.382454,0.070549,1,1
1351,34,-0.759159,-0.067626,-0.179358,-0.016611,1,1
1353,34,-0.842260,0.000824,0.021992,-0.072234,1,1
1344,34,-0.804997,-0.111415,-0.050852,0.015316,1,1
1348,34,-0.770734,0.000750,-0.082786,0.038307,1,1
1321,34,-0.752304,-0.088311,0.291800,0.097383,1,1
1323,34,-0.768423,0.038334,0.301900,0.120932,1,1
1324,34,-0.767280,0.013630,0.288463,0.145735,1,1
1334,34,-0.848560,0.037912,0.203821,0.092363,1,1
1325,34,-0.769922,0.007500,0.228193,0.158358,1,1
1330,34,-0.731348,0.021239,0.328165,0.104339,1,1
1327,34,-0.769610,0.007377,0.250237,0.052501,1,1
1347,34,-0.810444,-0.073807,-0.074484,-0.001449,1,1
1332,34,-0.790506,0.095476,0.386722,0.100109,1,1
1358,34,-0.781956,-0.012099,-0.028632,-0.089611,1,1
1342,34,-0.731853,-0.042588,-0.155462,-0.057773,1,1
1359,34,-0.858117,0.040118,-0.137693,0.016632,1,1
1336,34,-0.765271,-0.000858,0.318154,0.108660,1,1
1352,34,-0.738411,0.034385,-0.115167,0.017001,1,1
1322,34,-0.695153,-0.017742,0.254838,0.076821,1,1
1341,34,-0.751232,-0.092035,-0.053693,0.028345,1,1
1346,34,-0.751997,-0.061644,-0.138963,-0.058158,1,1
1337,34,-0.807178,0.117599,0.253247,0.195071,1,0
1320,34,-0.832401,-0.057286,0.296221,0.114252,1,1
1354,34,-0.896915,-0.001659,-0.061114,0.010492,1,1
1331,34,-0.923262,-0.025304,0.370518,0.131581,1,0
1345,34,-0.786835,-0.057363,-0.128898,-0.014168,1,1
1328,34,-0.801026,0.039876,0.251256,0.120096,1,1
1373,35,-0.825966,0.053511,0.273354,0.131808,1,1
1386,35,-0.749618,-0.112699,-0.059005,0.044012,1,1
1362,35,-0.787541,0.029546,0.268142,0.107497,1,1
1398,35,-0.862621,-0.032936,-0.169989,-0.021611,1,1
1375,35,-0.845604,0.012081,0.295050,0.152273,1,1
1384,35,-0.766596,-0.025134,-0.079006,-0.001912,1,1
1395,35,-0.826696,-0.042312,-0.077613,0.080369,1,1
1389,35,-0.884721,-0.114261,-0.132046,0.015632,0,1
1381,35,-0.795906,-0.058584,-0.151656,-0.017804,1,1
1392,35,-0.734324,-0.146339,-0.124002,0.018060,0,1
1390,35,-0.628629,-0.003812,-0.027946,-0.026247,0,1
1376,35,-0.745702,0.009408,0.312170,0.152949,1,1
1368,35,-0.706064,0.010339,0.332085,0.079459,1,1
1380,35,-0.724573,0.038821,-0.085505,0.034911,1,1
1372,35,-0.777636,0.047067,0.319688,0.069717,1,1
1399,35,-0.774994,-0.035931,-0.061253,-0.005355,1,1
1382,35,-0.803938,-0.052190,-0.049309,-0.086276,1,1
1363,35,-0.794207,0.045756,0.358174,0.094435,1,1
1385,35,-0.790784,-0.093301,-0.089010,0.024003,1,1
1371,35,-0.782791,-0.046701,0.284457,0.073446,1,1
1394,35,-0.738377,-0.129870,-0.044654,0.010564,1,1
1379,35,-0.842015,0.027583,0.354681,0.149870,1,1
1361,35,-0.868278,0.038248,0.308140,0.088230,1,1
1391,35,-0.772403,0.010383,-0.041420,-0.095616,1,1
1387,35,-0.845296,-0.037729,-0.161568,0.063633,1,1
1365,35,-0.786802,-0.044284,0.292176,0.107543,1,1
1374,35,-0.712218,-0.027445,0.272238,0.137838,1,1
1369,35,-0.805076,0.006008,0.232479,0.142348,1,1
1388,35,-0.807835,-0.102691,-0.168723,0.008915,1,1
1360,35,-0.767516,-0.030490,0.256158,0.111267,1,1
1364,35,-0.745491,0.057070,0.359012,0.166997,1,1
1367,35,-0.782896,0.038824,0.248158,0.105488,1,1
1370,35,-0.809212,0.049763,0.299269,0.094071,1,1
1396,35,-0.760636,0.026343,-0.074897,-0.053399,1,1
1397,35,-0.765277,-0.073657,-0.041571,0.034909,1,1
1378,35,-0.714983,-0.052358,0.387034,0.014063,1,1
1393,35,-0.787529,-0.085699,-0.114734,-0.053473,1,1
1366,35,-0.825329,-0.041998,0.250222,0.101372,1,1
1383,35,-0.838814,-0.030986,-0.091837,-0.045536,1,1
1377,35,-0.825947,-0.007526,0.421154,0.117495,1,1
1402,36,-0.744812,0.047936,0.312280,0.145447,1,1
1405,36,-0.804095,0.058774,0.304651,0.174356,1,1
1427,36,-0.717038,-0.037202,-0.169361,-0.052787,1,1
1403,36,-0.778270,0.007790,0.383107,0.033967,1,1
1406,36,-0.830477,-0.065446,0.291600,0.040715,1,1
1425,36,-0.760742,-0.077081,-0.110971,-0.020290,1,1
1438,36,-0.809316,-0.072788,-0.072364,-0.092117,1,1
1431,36,-0.792435,-0.098088,-0.058918,-0.132650,1,1
1411,36,-0.788226,0.047793,0.354853,0.173839,1,1
1422,36,-0.793908,-0.045701,-0.124669,0.011518,1,1
1408,36,-0.817502,0.004030,0.253896,0.054490,1,1
1414,36,-0.867601,-0.051653,0.378444,0.130316,1,1
1407,36,-0.730410,0.139896,0.354592,0.118308,1,0
1432,36,-0.759750,-0.016413,-0.130377,-0.085743,1,1
1424,36,-0.767442,-0.006667,-0.179992,0.041463,1,1
1413,36,-0.643399,-0.039879,0.332556,0.115755,1,1
1415,36,-0.752975,0.001833,0.347136,0.123196,1,1
1421,36,-0.810896,0.036136,-0.091958,0.026592,1,1
1434,36,-0.746853,-0.107179,-0.148736,0.016308,1,1
1439,36,-0.764089,-0.106539,-0.113680,0.012276,1,1
1433,36,-0.839864,-0.067600,-0.126343,-0.078561,1,1
1401,36,-0.716858,0.030988,0.338584,0.199581,1,1
1429,36,-0.757271,-0.062597,-0.087376,-0.090944,1,1
1409,36,-0.724457,-0.028406,0.228345,0.171045,1,1
1437,36,-0.731286,-0.030049,-0.103277,0.033164,1,1
1418,36,-0.740499,-0.011566,0.301837,0.219173,1,1
1426,36,-0.807990,0.045743,-0.117567,-0.013414,1,1
1423,36,-0.716605,-0.055992,-0.084856,-0.137924,1,1
1410,36,-0.787133,-0.012133,0.292774,-0.015394,1,1
1412,36,-0.773637,0.033275,0.360141,0.129603,1,1
1430,36,-0.771145,-0.124123,-0.121371,0.032708,1,1
1436,36,-0.767791,0.015696,-0.154213,0.036027,1,1
1400,36,-0.782232,0.080387,0.300369,0.038502,1,1
1428,36,-0.711683,0.077025,-0.146390,-0.060738,1,1
1417,36,-0.732035,0.094458,0.393536,0.151312,1,1
1420,36,-0.767523,-0.011155,-0.164894,0.004426,1,1
1419,36,-0.781863,-0.001639,0.280240,0.001305,1,1
1435,36,-0.777286,-0.038260,-0.161306,-0.082752,1,1
1404,36,-0.785750,-0.059913,0.398159,0.130348,1,1
1416,36,-0.745324,-0.032412,0.315585,0.115996,1,1
1450,37,-0.792531,-0.051830,0.167431,0.045813,1,1
1468,37,-0.749761,-0.147666,-0.201182,-0.006697,0,1
1449,37,-0.854091,-0.026023,0.160000,0.197629,1,1
1456,37,-0.719528,-0.101363,0.183693,0.061336,1,1
1474,37,-0.729607,0.010274,-0.126533,0.015480,1,1
1446,37,-0.796142,-0.022559,0.148764,0.139457,1,1
1477,37,-0.763628,-0.073814,-0.103624,0.019805,1,1
1472,37,-0.830511,-0.061272,-0.171656,-0.038841,1,1
1479,37,-0.826440,-0.052535,-0.120145,-0.024423,1,1
1478,37,-0.749507,-0.071208,-0.134028,0.000128,1,1
1465,37,-0.771690,0.042074,-0.155974,0.066756,1,1
1463,37,-0.740634,-0.000942,-0.155364,-0.004587,1,1
1440,37,-0.742544,-0.009965,0.238522,0.081031,1,1
1441,37,-0.805604,0.021572,0.145010,0.164999,1,1
1453,37,-0.777403,-0.026221,0.140101,0.103278,1,1
1444,37,-0.664942,0.069747,0.247314,0.209438,1,0
1467,37,-0.837726,-0.096910,-0.094474,-0.056692,1,1
1471,37,-0.724851,-0.036622,-0.079462,0.010087,1,1
1470,37,-0.774347,-0.047870,-0.125819,0.006172,1,1
1459,37,-0.741453,0.034207,0.140412,0.010210,1,1
1461,37,-0.744133,-0.070134,-0.100030,-0.047063,1,1
1476,37,-0.728506,-0.060973,-0.216532,0.070490,1,1
1455,37,-0.819479,0.035815,0.181296,0.171343,1,1
1447,37,-0.758369,0.104636,0.233992,0.116205,1,0
1466,37,-0.700014,-0.142357,-0.168636,-0.062871,0,1
1454,37,-0.752727,0.006402,0.199343,0.128268,1,1
1475,37,-0.706392,-0.009999,-0.189549,0.051084,1,1
1452,37,-0.820023,0.001088,0.187145,0.113357,1,1
1457,37,-0.838006,0.080439,0.192133,0.053936,1,1
1442,37,-0.805447,0.032976,0.175942,0.150464,1,1
1458,37,-0.806323,0.002151,0.215240,0.132019,1,1
1443,37,-0.792033,-0.025879,0.224328,0.155021,1,1
1469,37,-0.820820,-0.054707,-0.131456,-0.037622,1,1
1445,37,-0.742642,-0.088514,0.147103,0.215182,1,1
1473,37,-0.767659,-0.024067,-0.209193,0.043728,1,1
1462,37,-0.765790,-0.047705,-0.185625,-0.070622,1,1
1451,37,-0.697018,0.037115,0.117340,0.121816,1,1
1448,37,-0.832825,-0.012134,0.127465,0.180355,1,1
1460,37,-0.822712,-0.013542,-0.187245,-0.036061,1,1
1464,37,-0.751634,0.046895,-0.034455,-0.037845,1,1
1518,38,-0.685616,-0.079817,-0.094815,-0.035478,1,1
1490,38,-0.732960,0.109975,0.185814,0.136732,1,0
1515,38,-0.863133,-0.068312,-0.140045,-0.066086,1,1
1505,38,-0.746795,-0.041944,-0.014927,-0.013121,1,1
1488,38,-0.744458,-0.101395,0.206794,0.140230,1,1
1491,38,-0.723694,0.016081,0.157696,0.210342,1,1
1486,38,-0.736998,-0.016156,0.119682,0.188602,1,1
1519,38,-0.776577,0.018824,-0.147395,-0.093282,1,1
1485,38,-0.724220,0.064933,0.174730,0.110712,1,1
1511,38,-0.744216,-0.091882,-0.134999,-0.011431,1,1
1512,38,-0.724357,-0.103847,-0.045414,0.005486,1,1
1514,38,-0.824151,0.045256,-0.186461,-0.085260,1,1
1501,38,-0.795244,-0.037349,-0.072217,0.058800,1,1
1502,38,-0.805055,0.039448,-0.116714,-0.035633,1,1
1494,38,-0.711323,0.055349,0.167499,0.113790,1,1
1496,38,-0.764950,-0.021663,0.135238,0.129118,1,1
1483,38,-0.881476,-0.039173,0.130633,0.069250,1,1
1513,38,-0.751828,-0.112282,-0.105823,0.045852,1,1
1503,38,-0.783775,-0.049985,-0.135824,-0.021808,1,1
1500,38,-0.699841,-0.005548,-0.072474,-0.068548,1,1
1481,38,-0.781320,0.107446,0.239965,0.090656,1,0
1510,38,-0.769798,-0.139461,-0.105702,-0.019572,1,1
1493,38,-0.681848,0.030499,0.141063,0.126518,1,1
1482,38,-0.805253,0.016663,0.144355,0.141008,1,1
1484,38,-0.793226,0.052700,0.175981,0.121372,1,1
1506,38,-0.725877,-0.112950,-0.178396,0.017854,1,1
1487,38,-0.744507,0.045429,0.178613,0.005877,1,1
1480,38,-0.768410,0.009301,0.185822,0.056281,1,1
1495,38,-0.796971,0.061111,0.233164,0.098143,1,1
1516,38,-0.809089,-0.045541,-0.150764,0.011997,1,1
1504,38,-0.726090,-0.010955,-0.044428,-0.074664,1,1
1508,38,-0.735462,0.029391,-0.085023,-0.074362,1,1
1492,38,-0.688201,0.017925,0.173816,0.074061,1,1
1507,38,-0.759416,0.009444,-0.132523,-0.021303,1,1
1499,38,-0.804430,0.030462,0.285177,0.131779,1,1
1489,38,-0.768465,-0.013555,0.236587,0.111091,1,1
1497,38,-0.772182,-0.059363,0.175058,0.134057,1,1
1517,38,-0.787108,-0.106719,-0.141754,-0.064675,1,1
1498,38,-0.717523,-0.047783,0.143153,-0.019177,1,1
1509,38,-0.773354,-0.065125,-0.223736,-0.039173,1,1
1530,39,-0.798952,0.057950,0.153819,0.136514,1,1
1532,39,-0.719773,0.032785,0.201673,-0.003719,1,1
1554,39,-0.752393,-0.041514,-0.185642,-0.092848,1,1
1522,39,-0.858783,0.016025,0.236544,0.048350,1,1
1520,39,-0.835280,0.002854,0.161357,0.212986,1,1
1546,39,-0.688132,-0.087415,-0.110513,-0.064664,1,1
1540,39,-0.730830,-0.009451,-0.080620,0.051683,1,1
1536,39,-0.785978,0.006409,0.156134,0.114580,1,1
1537,39,-0.848784,0.046437,0.150309,0.161004,1,1
1539,39,-0.705825,-0.002016,0.183062,0.161127,1,1
1553,39,-0.776565,-0.101438,-0.196080,0.039423,1,1
1558,39,-0.683869,-0.107335,-0.113389,0.011118,1,1
1543,39,-0.783897,-0.090487,-0.112390,-0.066808,1,1
1552,39,-0.859854,-0.050507,-0.094254,-0.138079,1,1
1528,39,-0.771565,0.002085,0.164911,0.188992,1,1
1527,39,-0.723253,-0.006550,0.150886,0.137897,1,1
1538,39,-0.708130,0.035101,0.197331,0.113489,1,1
1524,39,-0.822139,-0.034780,0.169048,0.108774,1,1
1533,39,-0.776736,-0.018354,0.206891,0.211486,1,1
1559,39,-0.766569,-0.054391,-0.046622,-0.037362,1,1
1547,39,-0.803655,-0.041059,-0.102841,0.029236,1,1
1542,39,-0.718134,-0.041655,-0.137677,-0.080656,1,1
1548,39,-0.736513,-0.084767,-0.261596,0.014113,1,1
1525,39,-0.723232,0.046145,0.177446,0.172335,1,1
1523,39,-0.792261,0.081443,0.209014,0.195106,1,1
1555,39,-0.769566,0.005452,-0.067402,-0.039160,1,1
1551,39,-0.815753,0.004283,-0.106756,-0.045388,1,1
1529,39,-0.895657,-0.010806,0.164605,0.122525,1,1
1545,39,-0.660461,-0.031396,-0.110781,-0.009420,1,1
1544,39,-0.716912,-0.024480,-0.121799,-0.060520,1,1
1550,39,-0.750080,-0.199908,-0.093192,0.018600,0,1
1526,39,-0.821713,-0.026641,0.149674,0.133156,1,1
1556,39,-0.757524,-0.117147,-0.023201,-0.004258,1,1
1535,39,-0.745881,0.001564,0.112715,0.154266,1,1
1557,39,-0.754777,-0.053679,-0.202982,-0.076232,1,1
1521,39,-0.790878,-0.038569,0.200769,0.189698,1,1
1531,39,-0.761242,-0.086156,0.191202,0.165262,1,1
1534,39,-0.731840,0.071095,0.085999,0.112999,1,1
1549,39,-0.579711,-0.021904,-0.148481,0.025136,0,1
1541,39,-0.724920,0.007668,-0.141855,-0.000322,1,1
1566,40,-0.773268,-0.053477,0.149566,0.081316,1,1
1595,40,-0.793750,-0.032832,-0.056936,0.028551,1,1
1591,40,-0.778499,-0.085080,-0.114017,0.053928,1,1
1592,40,-0.757448,-0.034352,-0.033502,-0.043569,1,1
1583,40,-0.767874,-0.029748,-0.170133,0.046515,1,1
1596,40,-0.855142,0.007462,-0.143160,-0.081511,1,1
1582,40,-0.806921,-0.048495,-0.110655,-0.023533,1,1
1572,40,-0.770993,0.012013,0.220515,0.122165,1,1
1593,40,-0.760653,-0.078569,-0.131737,-0.063301,1,1
1579,40,-0.774373,-0.023494,0.156522,0.194906,1,1
1576,40,-0.722136,0.002335,0.222658,0.104006,1,1
1578,40,-0.731521,0.015014,0.039478,0.160356,1,1
1567,40,-0.747260,0.046026,0.227612,0.121666,1,1
1590,40,-0.836760,0.015738,-0.112680,-0.005340,1,1
1588,40,-0.728407,0.069571,-0.118673,-0.021280,1,1
1569,40,-0.792644,-0.029029,0.142023,0.028064,1,1
1561,40,-0.770602,0.035479,0.108750,0.042671,1,1
1564,40,-0.813450,-0.021761,0.114063,0.014002,1,1
1562,40,-0.742912,0.112465,0.154296,0.047984,1,0
1585,40,-0.669864,-0.034513,-0.198685,0.049765,1,1
1575,40,-0.797365,0.096382,0.189419,0.159905,1,1
1563,40,-0.772302,-0.072641,0.162907,0.161264,1,1
1565,40,-0.837991,0.036810,0.367072,0.078893,1,1
1598,40,-0.685296,-0.051293,-0.077454,0.015820,1,1
1586,40,-0.708058,-0.067945,-0.137937,-0.163720,1,1
1577,40,-0.848355,0.074503,0.227114,0.204366,1,1
1599,40,-0.740416,-0.027134,-0.178429,0.033282,1,1
1574,40,-0.680743,0.021800,0.225725,0.153924,1,1
1597,40,-0.790290,-0.000640,-0.063578,-0.023281,1,1
1568,40,-0.813654,0.029408,-0.026858,0.112843,1,1
1587,40,-0.751085,-0.053148,-0.144331,-0.084870,1,1
1573,40,-0.769553,0.085170,0.204777,0.268871,1,1
1589,40,-0.763063,0.018482,-0.146705,-0.062718,1,1
1581,40,-0.780315,0.039949,-0.070054,-0.030172,1,1
1560,40,-0.758302,0.046417,0.131281,0.120997,1,1
1571,40,-0.865181,0.021720,0.259236,0.160864,1,1
1580,40,-0.693595,-0.081528,-0.227884,-0.036530,1,1
1594,40,-0.786941,0.045720,-0.182228,-0.026810,1,1
1584,40,-0.755975,-0.098829,-0.132755,-0.001764,1,1
1570,40,-0.802427,0.043781,0.156381,0.056685,1,1
1613,41,-0.773848,-0.074585,0.220162,0.145545,1,1
1620,41,-0.862001,0.016190,-0.049673,-0.217301,1,1
1633,41,-0.776659,-0.024070,-0.060208,-0.168212,1,1
1617,41,-0.685606,0.052219,0.260140,0.071895,1,1
1615,41,-0.728987,-0.069199,0.136822,0.096961,1,1
1610,41,-0.755500,0.089756,0.143677,0.141465,1,1
1636,41,-0.720403,-0.073246,-0.098495,-0.154151,1,1
1619,41,-0.777241,-0.059964,0.224666,0.226962,1,1
1616,41,-0.753032,0.045164,0.168845,0.171940,1,1
1635,41,-0.810270,-0.058913,-0.090925,-0.246096,1,1
1621,41,-0.813239,-0.055113,-0.059244,-0.210667,1,1
1607,41,-0.783632,0.057617,0.249117,0.072258,1,1
1626,41,-0.822332,0.007291,-0.134943,-0.203158,1,1
1608,41,-0.847726,0.003187,0.105950,0.057334,1,1
1639,41,-0.746697,-0.027722,-0.140035,-0.121819,1,1
1604,41,-0.727171,0.027839,0.182797,0.194928,1,1
1627,41,-0.740597,-0.071356,-0.061465,-0.189937,1,1
1622,41,-0.751258,-0.121750,-0.011064,-0.165255,1,1
1638,41,-0.735605,-0.075725,-0.098901,-0.156044,1,1
1605,41,-0.809803,-0.041752,0.273623,0.154952,1,1
1600,41,-0.805549,-0.040036,0.200333,0.193581,1,1
1612,41,-0.691425,0.017343,0.129921,0.048178,1,1
1629,41,-0.655406,-0.079822,-0.104011,-0.187560,1,1
1606,41,-0.714474,0.098376,0.173885,0.125925,1,0
1611,41,-0.751673,0.101794,0.225568,0.200646,1,1
1630,41,-0.751135,-0.089142,-0.081204,-0.146821,1,1
1624,41,-0.755941,-0.086551,-0.078482,-0.102275,1,1
1628,41,-0.798494,-0.067829,-0.066237,-0.182147,1,1
1614,41,-0.752812,0.018351,0.133209,0.029516,1,1
1632,41,-0.747625,-0.090387,-0.123090,-0.173691,1,1
1637,41,-0.786851,-0.150379,-0.129477,-0.257546,0,1
1602,41,-0.787693,-0.033674,0.133696,0.142375,1,1
1623,41,-0.769555,-0.178935,-0.031190,-0.173935,0,1
1631,41,-0.759547,-0.040729,-0.132164,-0.212293,1,1
1625,41,-0.729461,0.014085,-0.151231,-0.243897,1,1
1609,41,-0.729129,0.023847,0.202381,0.054840,1,1
1601,41,-0.788701,-0.022205,0.233238,0.029232,1,1
1603,41,-0.775324,0.018440,0.165838,0.087384,1,1
1634,41,-0.682646,-0.017348,-0.137431,-0.208504,1,1
1618,41,-0.779421,0.119987,0.190763,0.112591,1,0
1657,42,-0.723984,-0.053167,0.186390,0.112171,1,1
1655,42,-0.819850,-0.012566,0.228587,0.080465,1,1
1674,42,-0.906176,-0.033549,-0.098441,-0.123402,1,1
1651,42,-0.734257,-0.032998,0.110350,0.174917,1,1
1667,42,-0.796062,-0.020428,-0.180397,-0.128481,1,1
1670,42,-0.841108,0.000539,-0.112172,-0.150934,1,1
1665,42,-0.797066,0.021895,-0.137612,-0.223989,1,1
1669,42,-0.698425,0.012528,-0.138664,-0.152654,1,1
1662,42,-0.781647,-0.074458,-0.103819,-0.075798,1,1
1654,42,-0.753103,-0.107628,0.196137,0.253612,1,1
1678,42,-0.796110,-0.045987,-0.045029,-0.207873,1,1
1650,42,-0.790931,-0.045059,0.083524,0.107335,1,1
1653,42,-0.842238,-0.026529,0.155618,0.107164,1,1
1660,42,-0.714635,-0.041899,-0.032661,-0.130976,1,1
1652,42,-0.785220,-0.096858,0.208345,0.052586,1,1
1645,42,-0.725507,-0.039776,0.078417,0.180664,1,1
1675,42,-0.825187,-0.001837,-0.091245,-0.122194,1,1
1664,42,-0.823245,-0.104793,-0.103953,-0.093286,1,1
1642,42,-0.774416,-0.017993,0.169341,0.200689,1,1
1644,42,-0.757990,0.011566,0.214593,0.103276,1,1
1676,42,-0.706845,-0.068382,-0.021605,-0.135761,1,1
1648,42,-0.805325,0.025928,0.215081,0.047649,1,1
1659,42,-0.801153,0.020852,0.197989,0.052575,1,1
1643,42,-0.810142,0.013641,0.153444,0.072219,1,1
1647,42,-0.773336,0.071828,0.194190,0.218242,1,1
1677,42,-0.753525,-0.043387,-0.052385,-0.165475,1,1
1646,42,-0.789698,-0.006024,0.260757,0.123111,1,1
1668,42,-0.751734,0.030478,-0.120912,-0.184754,1,1
1649,42,-0.752355,-0.087336,0.248220,0.149974,1,1
1663,42,-0.738815,-0.033405,-0.055277,-0.153587,1,1
1673,42,-0.776170,0.043603,-0.082480,-0.236956,1,1
1656,42,-0.734373,-0.032169,0.156618,0.157205,1,1
1640,42,-0.717542,-0.017727,0.082652,0.183850,1,1
1679,42,-0.754775,-0.052454,-0.069322,-0.229225,1,1
1666,42,-0.832774,0.006140,-0.155107,-0.123991,1,1
1658,42,-0.655121,-0.040072,0.074249,0.160607,1,1
1661,42,-0.800235,-0.131254,-0.188776,-0.203510,1,1
1672,42,-0.631383,-0.108215,-0.059776,-0.173487,0,1
1641,42,-0.688747,-0.022574,0.216252,0.186474,1,1
1671,42,-0.744640,-0.060376,-0.108200,-0.209170,1,1
1687,43,-0.750076,0.093059,0.171102,0.205062,1,1
1709,43,-0.777856,-0.016416,-0.118170,-0.110009,1,1
1691,43,-0.740966,-0.009277,0.133216,0.203499,1,1
1693,43,-0.767227,0.002127,0.122524,0.164995,1,1
1680,43,-0.789902,0.123886,0.153692,0.095335,1,0
1686,43,-0.763743,-0.040258,0.173156,0.125501,1,1
1681,43,-0.746682,-0.036799,0.127716,0.188465,1,1
1697,43,-0.860120,-0.082678,0.139767,0.185368,1,1
1704,43,-0.736105,-0.091126,-0.019130,-0.101546,1,1
1710,43,-0.777605,-0.027898,-0.138331,-0.174360,1,1
1703,43,-0.795773,0.080476,-0.095079,-0.210998,1,1
1712,43,-0.813265,-0.087165,-0.034011,-0.151500,1,1
1711,43,-0.743261,-0.082223,-0.160531,-0.216772,1,1
1696,43,-0.737344,0.035490,0.172823,-0.095020,1,1
1694,43,-0.763279,-0.033722,0.135649,0.071297,1,1
1684,43,-0.719986,0.048106,0.169019,0.149488,1,1
1700,43,-0.772835,-0.111979,-0.075024,-0.131093,1,1
1716,43,-0.731057,-0.070546,-0.145344,-0.155377,1,1
1708,43,-0.654593,-0.067454,-0.112353,-0.149700,1,1
1707,43,-0.705800,0.005940,-0.155924,-0.133466,1,1
1705,43,-0.823996,-0.043607,-0.073313,-0.182810,1,1
1717,43,-0.694510,-0.023085,-0.191424,-0.168277,1,1
1689,43,-0.814976,-0.000884,0.146871,0.221715,1,1
1698,43,-0.708434,-0.058836,0.205958,0.180858,1,1
1713,43,-0.774484,-0.153061,-0.145024,-0.167159,0,1
1692,43,-0.730558,-0.066342,0.116849,0.126893,1,1
1695,43,-0.742052,-0.045155,0.203006,-0.004227,1,1
1718,43,-0.762734,-0.092033,-0.125005,-0.222892,1,1
1690,43,-0.786985,-0.039833,0.194719,0.141633,1,1
1682,43,-0.682812,0.011644,0.087479,0.055368,1,1
1719,43,-0.765273,-0.080912,-0.082029,-0.187881,1,1
1688,43,-0.896000,-0.033426,0.214297,0.143974,1,1
1685,43,-0.743361,0.007965,0.183823,0.225105,1,1
1714,43,-0.748914,-0.080930,-0.017161,-0.310366,1,1
1683,43,-0.758947,-0.132639,0.249523,0.152162,1,1
1706,43,-0.677697,-0.002387,-0.128464,-0.178888,1,1
1701,43,-0.797170,-0.128550,-0.078457,-0.185407,1,1
1702,43,-0.776822,-0.062040,-0.111578,-0.289687,1,1
1715,43,-0.734095,-0.064684,-0.146691,-0.127955,1,1
1699,43,-0.710676,-0.103164,0.241801,0.150704,1,1
1725,44,-0.844803,-0.062201,0.210252,0.205952,1,1
1726,44,-0.755872,-0.015965,0.160213,0.117636,1,1
1739,44,-0.759507,-0.080589,0.227481,0.150050,1,1
1730,44,-0.703754,0.027513,0.108592,0.119264,1,1
1748,44,-0.764891,-0.092687,-0.129808,0.000777,1,1
1729,44,-0.787186,0.030537,0.113329,0.066756,1,1
1731,44,-0.680948,-0.048813,0.208240,0.191375,1,1
1744,44,-0.786111,-0.002643,-0.085893,-0.201378,1,1
1724,44,-0.559361,-0.010301,0.146818,0.093112,1,0
1733,44,-0.746152,0.040646,0.229360,0.129701,1,1
1727,44,-0.718186,0.001873,0.204979,0.125829,1,1
1750,44,-0.820371,-0.041566,-0.063255,-0.244188,1,1
1736,44,-0.691113,0.031132,0.214954,0.147206,1,1
1720,44,-0.768348,-0.049293,0.147018,0.167953,1,1
1721,44,-0.720349,-0.089883,0.251218,0.138684,1,1
1734,44,-0.794170,0.029118,0.160342,0.103264,1,1
1751,44,-0.714624,0.007376,-0.150571,-0.139963,1,1
1740,44,-0.779392,-0.007486,-0.149612,-0.097239,1,1
1722,44,-0.752754,0.047817,0.225483,0.032324,1,1
1756,44,-0.731051,0.024458,-0.038389,-0.183940,1,1
1749,44,-0.710524,-0.106071,-0.097210,-0.150537,1,1
1742,44,-0.709006,0.017051,-0.098937,-0.139179,1,1
1754,44,-0.743911,-0.066857,-0.108334,-0.245127,1,1
1757,44,-0.777711,-0.109325,-0.082830,-0.123782,1,1
1755,44,-0.751237,-0.064311,-0.094569,-0.170417,1,1
1753,44,-0.747943,0.034101,-0.064818,-0.190515,1,1
1738,44,-0.730267,0.016775,0.206688,0.039355,1,1
1723,44,-0.726759,-0.001614,0.129027,0.061643,1,1
1741,44,-0.767498,-0.035283,-0.111514,-0.149838,1,1
1758,44,-0.822270,0.014312,-0.190299,-0.125251,1,1
1747,44,-0.778875,-0.061678,-0.124330,-0.112761,1,1
1732,44,-0.844526,0.021337,0.195643,0.035874,1,1
1737,44,-0.749059,0.054135,0.165030,0.129798,1,1
1746,44,-0.829563,-0.031700,-0.086172,-0.160140,1,1
1745,44,-0.765383,-0.092160,-0.093163,-0.163639,1,1
1752,44,-0.755157,-0.036415,-0.166401,-0.230041,1,1
1735,44,-0.759362,0.092923,0.185930,0.182055,1,1
1728,44,-0.742351,0.024320,0.107915,0.152964,1,1
1743,44,-0.783349,-0.075131,-0.145503,-0.135831,1,1
1759,44,-0.717982,-0.088800,-0.187013,-0.165786,1,1
1781,45,-0.723371,-0.114605,-0.156530,-0.220831,1,1
1786,45,-0.728966,-0.063881,-0.032139,-0.123073,1,1
1764,45,-0.758105,-0.029106,0.174614,0.044713,1,1
1780,45,-0.745393,-0.019766,-0.108876,-0.323635,1,1
1791,45,-0.777344,-0.077357,-0.164596,-0.173946,1,1
1778,45,-0.789789,-0.010068,0.122184,0.158479,1,1
1793,45,-0.794579,-0.133746,-0.086268,-0.133983,1,1
1795,45,-0.648400,-0.037465,-0.028875,-0.168137,1,1
1788,45,-0.776991,-0.045421,-0.117666,-0.207132,1,1
1794,45,-0.717506,-0.132797,-0.001211,-0.101474,1,1
1773,45,-0.702976,0.041204,0.213935,0.022905,1,1
1771,45,-0.823973,0.064622,0.151459,0.108231,1,1
1784,45,-0.782866,0.014140,-0.118781,-0.214437,1,1
1762,45,-0.740980,0.022298,0.188605,0.121931,1,1
1787,45,-0.748800,0.081290,0.028801,-0.148041,1,1
1785,45,-0.740801,-0.031779,-0.118438,-0.244450,1,1
1772,45,-0.836315,0.002674,0.183627,0.145918,1,1
1769,45,-0.794036,0.000676,0.188487,0.155454,1,1
1797,45,-0.786645,-0.030344,-0.091751,-0.166424,1,1
1799,45,-0.780083,-0.033896,-0.017899,-0.076883,1,1
1776,45,-0.736621,0.053402,0.142371,0.177482,1,1
1775,45,-0.756405,0.017250,0.267787,0.141278,1,1
1789,45,-0.785329,-0.104947,-0.083642,-0.060485,1,1
1761,45,-0.785828,-0.042562,0.236151,0.060509,1,1
1770,45,-0.774796,0.000765,0.229282,0.060735,1,1
1763,45,-0.769951,0.065339,0.224133,-0.003869,1,1
1782,45,-0.786463,-0.005419,-0.120172,-0.211375,1,1
1790,45,-0.746705,-0.060844,-0.068977,-0.121857,1,1
1798,45,-0.866029,-0.076054,-0.051055,-0.234218,1,1
1767,45,-0.678340,0.039681,0.189630,0.118319,1,1
1774,45,-0.706440,0.039606,0.213287,0.135646,1,1
1760,45,-0.764212,-0.111347,0.124826,0.199968,1,1
1792,45,-0.750861,-0.037255,-0.134531,-0.263431,1,1
1777,45,-0.711595,0.066757,0.173905,0.018920,1,1
1796,45,-0.781528,-0.055987,-0.088710,-0.194103,1,1
1779,45,-0.743460,-0.008656,0.126506,0.105281,1,1
1768,45,-0.751059,0.066417,0.171832,0.106790,1,1
1783,45,-0.650652,-0.056340,-0.144669,-0.226059,1,1
1766,45,-0.741075,0.003634,0.244684,0.112617,1,1
1765,45,-0.717085,0.013790,0.123708,0.141085,1,1
1820,46,-0.769282,-0.137380,-0.045610,-0.243271,1,1
1832,46,-0.737436,-0.135028,-0.099835,-0.190342,1,1
1827,46,-0.770404,-0.023554,-0.100464,-0.225861,1,1
1815,46,-0.727947,-0.049458,0.128426,0.243924,1,1
1830,46,-0.743049,0.015198,-0.068190,-0.154804,1,1
1816,46,-0.804234,0.001406,0.039891,0.184618,1,1
1818,46,-0.728276,0.011775,0.132784,0.138835,1,1
1807,46,-0.815609,0.015634,0.066375,0.231608,1,1
1809,46,-0.834792,-0.070214,0.218776,0.135721,1,1
1801,46,-0.795306,-0.029236,0.208306,0.132950,1,1
1800,46,-0.727305,0.105792,0.107829,0.145168,1,0
1813,46,-0.733935,-0.017162,0.257298,0.285166,1,1
1812,46,-0.701118,0.037532,0.174064,0.244745,1,1
1810,46,-0.790798,0.150425,0.150762,0.095434,1,0
1819,46,-0.663089,0.003659,0.143000,0.048886,1,1
1829,46,-0.707595,-0.107938,0.025128,-0.158949,1,1
1834,46,-0.683549,-0.104627,0.027240,-0.224422,1,1
1825,46,-0.689947,-0.028202,-0.072421,-0.178680,1,1
1803,46,-0.775211,0.052426,0.191434,0.124874,1,1
1806,46,-0.819604,-0.019041,0.016291,0.169289,1,1
1838,46,-0.760395,-0.102178,-0.117003,-0.201996,1,1
1833,46,-0.698863,-0.078614,-0.105385,-0.254022,1,1
1831,46,-0.753472,-0.004125,-0.086481,-0.188492,1,1
1804,46,-0.722022,-0.028050,0.095074,0.170751,1,1
1835,46,-0.759604,-0.030839,-0.060917,-0.169609,1,1
1837,46,-0.783733,-0.066125,-0.059063,-0.098152,1,1
1814,46,-0.811446,-0.013576,0.084131,0.106536,1,1
1824,46,-0.801274,-0.033713,-0.225294,-0.237537,1,1
1821,46,-0.751734,-0.061396,-0.070153,-0.172428,1,1
1805,46,-0.850554,0.055194,0.169743,0.164875,1,1
1823,46,-0.792466,-0.008085,-0.157164,-0.217769,1,1
1836,46,-0.687315,-0.031319,-0.086416,-0.160261,1,1
1822,46,-0.788932,-0.044638,-0.131649,-0.215965,1,1
1811,46,-0.766606,0.011555,0.116236,0.171039,1,1
1839,46,-0.854055,-0.029654,-0.065942,-0.236670,1,1
1802,46,-0.729262,-0.036645,0.183568,0.158851,1,1
1828,46,-0.748459,-0.004437,-0.007832,-0.184203,1,1
1826,46,-0.623804,-0.005226,-0.069886,-0.097496,1,1
1817,46,-0.832537,-0.070692,0.208675,0.108094,1,1
1808,46,-0.774932,0.070309,0.070370,0.155670,1,1
1841,47,-0.792438,0.108149,0.028047,0.225289,1,0
1866,47,-0.748374,0.034395,-0.120582,-0.136534,1,1
1869,47,-0.698998,-0.057278,-0.153731,-0.150852,1,1
1858,47,-0.807815,-0.045007,0.085211,0.181695,1,1
1875,47,-0.655158,-0.016459,-0.159186,-0.155763,1,1
1876,47,-0.807845,-0.008798,-0.095105,-0.281327,1,1
1851,47,-0.768580,-0.060685,0.059861,0.154651,1,1
1879,47,-0.686423,-0.086198,-0.081887,-0.232039,1,1
1871,47,-0.688033,-0.079282,-0.081089,-0.241472,1,1
1860,47,-0.763351,-0.046320,-0.106905,-0.190137,1,1
1859,47,-0.684127,-0.099252,0.083942,0.129762,1,1
1878,47,-0.735816,0.016846,-0.094401,-0.162676,1,1
1853,47,-0.730093,0.125906,0.150278,0.167109,1,0
1846,47,-0.741460,0.011491,0.088782,0.179498,1,1
1847,47,-0.716669,0.035647,0.091911,0.206070,1,1
1872,47,-0.812136,-0.127162,-0.055703,-0.116395,1,1
1867,47,-0.780829,0.043178,-0.167230,-0.085666,1,1
1857,47,-0.832488,-0.002708,0.153344,0.284655,1,1
1852,47,-0.780564,-0.031326,0.105214,0.252551,1,1
1849,47,-0.775193,0.046078,0.144992,0.147216,1,1
1848,47,-0.812372,0.023027,0.095396,0.168708,1,1
1843,47,-0.797031,-0.118788,0.151486,0.184149,1,1
1840,47,-0.803746,-0.093278,0.200791,0.132871,1,1
1865,47,-0.748943,0.000401,-0.127929,-0.251961,1,1
1844,47,-0.748999,0.074918,0.034357,0.150617,1,1
1855,47,-0.710069,0.090721,0.104380,0.172185,1,1
1842,47,-0.801082,0.080952,0.107534,0.187679,1,1
1863,47,-0.745460,-0.154128,-0.026655,-0.284584,0,1
1870,47,-0.745932,0.030418,-0.089541,-0.148639,1,1
1864,47,-0.791501,-0.067187,-0.055950,-0.162231,1,1
1856,47,-0.736302,-0.010874,0.189145,0.249521,1,1
1868,47,-0.860200,-0.148180,-0.134504,-0.138146,0,1
1874,47,-0.734092,-0.041269,-0.103408,-0.197395,1,1
1854,47,-0.818323,0.010717,0.064334,0.210303,1,1
1877,47,-0.700076,0.013259,-0.040844,-0.207921,1,1
1862,47,-0.797832,-0.090782,-0.106419,-0.170603,1,1
1861,47,-0.734624,-0.149611,-0.110421,-0.122796,0,1
1873,47,-0.762021,-0.005380,-0.049237,-0.202320,1,1
1845,47,-0.720570,-0.043801,0.160812,0.252218,1,1
1850,47,-0.770742,-0.065891,0.145749,0.250908,1,1
1890,48,-0.717479,-0.009283,0.082131,0.154352,1,1
1908,48,-0.780928,-0.084538,-0.035379,-0.199830,1,1
1918,48,-0.782757,-0.095897,-0.040067,-0.190201,1,1
1892,48,-0.706631,0.012076,0.175488,0.151334,1,1
1887,48,-0.803977,-0.113104,0.099600,0.169740,1,1
1911,48,-0.725314,0.031132,-0.099598,-0.116334,1,1
1919,48,-0.868827,-0.087744,-0.155242,-0.159097,1,1
1883,48,-0.761480,-0.003859,0.050670,0.159026,1,1
1916,48,-0.800612,-0.015051,-0.079824,-0.137352,1,1
1917,48,-0.699185,0.048032,-0.053962,-0.294724,1,1
1893,48,-0.725752,0.063861,0.175827,0.177391,1,1
1900,48,-0.699706,-0.040956,-0.058236,-0.213705,1,1
1884,48,-0.768657,-0.056616,0.101446,0.230007,1,1
1913,48,-0.781609,-0.000357,-0.076102,-0.170301,1,1
1880,48,-0.706227,-0.051862,0.074107,0.162184,1,1
1902,48,-0.799514,0.032746,0.016573,-0.138841,1,1
1910,48,-0.710918,0.029040,-0.111851,-0.176050,1,1
1914,48,-0.667844,-0.028138,-0.020330,-0.130377,1,1
1888,48,-0.749223,0.007231,0.130656,0.144736,1,1
1891,48,-0.826861,0.092321,0.150623,0.130216,1,0
1909,48,-0.781013,-0.011021,-0.075480,-0.192966,1,1
1896,48,-0.852955,0.039676,0.108709,0.112066,1,1
1894,48,-0.693184,0.143217,0.149549,0.179360,1,0
1882,48,-0.740276,0.068254,0.145776,0.131837,1,1
1898,48,-0.742080,0.019354,0.214015,0.129084,1,1
1904,48,-0.706685,-0.101861,-0.056167,-0.115620,1,1
1903,48,-0.635079,0.005837,-0.122292,-0.155536,1,1
1905,48,-0.795673,-0.019877,-0.096944,-0.110629,1,1
1885,48,-0.720603,-0.063304,0.201476,0.168899,1,1
1897,48,-0.703857,0.071311,0.075949,0.166900,1,1
1899,48,-0.814023,0.062291,0.219558,0.267235,1,1
1907,48,-0.750244,-0.004540,-0.027204,-0.148172,1,1
1889,48,-0.763449,0.025334,0.180136,0.036393,1,1
1912,48,-0.742586,-0.040596,-0.100055,-0.201846,1,1
1906,48,-0.756398,-0.040011,-0.125286,-0.180569,1,1
1895,48,-0.830828,0.006150,0.205776,0.205206,1,1
1886,48,-0.743995,0.040469,0.154042,0.185857,1,1
1901,48,-0.769462,-0.048652,-0.127964,-0.203896,1,1
1915,48,-0.724249,-0.044225,-0.067500,-0.188831,1,1
1881,48,-0.779648,0.026764,0.122440,0.151874,1,1
1923,49,-0.796972,-0.026282,0.159124,0.202324,1,1
1958,49,-0.793780,-0.001414,-0.189333,-0.152027,1,1
1944,49,-0.752979,0.030720,-0.058821,-0.212976,1,1
1931,49,-0.747830,-0.060954,0.194924,0.092646,1,1
1928,49,-0.780189,0.039167,0.088294,0.121457,1,1
1938,49,-0.784576,0.140912,0.176548,0.125155,1,0
1935,49,-0.721287,-0.062766,0.259820,0.202316,1,1
1947,49,-0.760893,-0.092277,-0.092011,-0.181605,1,1
1955,49,-0.739810,0.040666,-0.027473,-0.168190,1,1
1941,49,-0.753145,-0.008609,-0.083980,-0.247094,1,1
1949,49,-0.822519,-0.080580,-0.102244,-0.229499,1,1
1946,49,-0.761176,-0.102141,-0.104035,-0.142946,1,1
1945,49,-0.772571,-0.010030,-0.131641,-0.121902,1,1
1921,49,-0.669197,0.041325,0.232910,0.185495,1,1
1924,49,-0.711650,0.015249,0.186047,0.204816,1,1
1920,49,-0.686246,0.100018,0.097971,0.145947,1,0
1930,49,-0.668076,-0.007680,0.125533,0.134630,1,1
1925,49,-0.709098,-0.043167,0.144260,0.165333,1,1
1932,49,-0.810127,-0.044989,0.103239,0.176355,1,1
1927,49,-0.744209,0.076820,0.068712,0.177622,1,1
1952,49,-0.772390,-0.084224,-0.046079,-0.211884,1,1
1957,49,-0.754652,-0.092004,-0.136440,-0.130271,1,1
1929,49,-0.768930,0.031440,0.194812,0.151713,1,1
1939,49,-0.788697,0.047696,0.115122,0.127313,1,1
1933,49,-0.731888,-0.023046,0.140773,0.092402,1,1
1936,49,-0.777127,0.032716,0.061635,0.219755,1,1
1943,49,-0.703954,-0.041719,-0.129034,-0.139725,1,1
1954,49,-0.704364,-0.041787,-0.087996,-0.159462,1,1
1926,49,-0.755556,0.047464,0.236785,0.188316,1,1
1922,49,-0.693436,0.001715,0.116623,0.256937,1,1
1950,49,-0.706529,-0.089221,-0.057490,-0.199698,1,1
1953,49,-0.742326,-0.025167,-0.000019,-0.155401,1,1
1959,49,-0.696324,-0.080132,-0.123891,-0.200701,1,1
1934,49,-0.788211,0.040858,0.150521,0.176933,1,1
1951,49,-0.694006,-0.088447,-0.077947,-0.169159,1,1
1940,49,-0.753287,-0.030254,-0.095728,-0.114264,1,1
1948,49,-0.753747,-0.114868,-0.109732,-0.242873,1,1
1937,49,-0.788327,-0.042352,0.123606,0.276245,1,1
1956,49,-0.714889,0.036382,-0.085573,-0.200835,1,1
1942,49,-0.742730,-0.060377,0.007292,-0.098723,1,1
1984,50,-0.671754,-0.094311,-0.051488,-0.094303,1,1
1974,50,-0.703805,-0.034012,0.173724,0.093297,1,1
1996,50,-0.770578,-0.057003,-0.140476,-0.239111,1,1
1988,50,-0.773011,-0.014450,-0.168759,-0.126260,1,1
1993,50,-0.762207,-0.025883,-0.158781,-0.145815,1,1
1992,50,-0.793998,-0.057084,-0.033196,-0.225875,1,1
1990,50,-0.800678,-0.106559,-0.097905,-0.231897,1,1
1966,50,-0.722752,-0.032134,0.214455,0.151132,1,1
1975,50,-0.721947,-0.018176,0.123944,0.114474,1,1
1965,50,-0.709676,-0.054227,0.158616,0.162799,1,1
1983,50,-0.727753,-0.086318,-0.147830,-0.205079,1,1
1994,50,-0.792820,0.059937,-0.135454,-0.282032,1,1
1972,50,-0.781291,-0.019918,0.086025,0.106862,1,1
1967,50,-0.753864,0.004122,0.146791,0.233075,1,1
1986,50,-0.742177,-0.007567,-0.168463,-0.171419,1,1
1995,50,-0.773830,-0.052527,-0.137674,-0.136242,1,1
1999,50,-0.668049,-0.067744,-0.049610,-0.217138,1,1
1977,50,-0.840344,0.061788,0.128986,0.115334,1,1
1989,50,-0.701975,-0.051750,-0.169479,-0.180171,1,1
1978,50,-0.799779,0.050764,0.154742,0.146678,1,1
1973,50,-0.769949,-0.015535,0.166370,0.188197,1,1
1979,50,-0.826954,0.023542,0.154775,0.168689,1,1
1963,50,-0.750349,-0.052998,0.117752,0.241887,1,1
1991,50,-0.812992,-0.131442,-0.094601,-0.230184,1,1
1987,50,-0.679386,-0.063164,-0.098421,-0.175325,1,1
1961,50,-0.721327,-0.004980,0.113241,0.177910,1,1
1962,50,-0.721348,-0.073321,0.152140,0.192810,1,1
1985,50,-0.717837,-0.144461,-0.065347,-0.231701,0,1
1970,50,-0.794582,0.001875,0.134918,0.203988,1,1
1998,50,-0.802492,-0.007640,-0.007401,-0.157753,1,1
1976,50,-0.692419,0.004294,0.114545,0.137620,1,1
1997,50,-0.696953,-0.131607,-0.020008,-0.156043,1,1
1969,50,-0.679076,-0.013060,0.174360,0.176541,1,1
1964,50,-0.676401,-0.026631,0.091994,0.144338,1,1
1980,50,-0.778480,0.029399,-0.067460,-0.156224,1,1
1960,50,-0.763058,-0.015589,0.065905,0.180185,1,1
1971,50,-0.764377,-0.009950,0.225397,0.135740,1,1
1981,50,-0.717599,-0.044381,-0.137408,-0.187734,1,1
1982,50,-0.730451,-0.038147,-0.210535,-0.127563,1,1
1968,50,-0.732415,-0.001781,0.164302,0.150463,1,1
2030,51,-0.772186,-0.076604,-0.048726,-0.184081,1,1
2012,51,-0.694070,-0.017130,0.096014,0.118783,1,1
2032,51,-0.733516,-0.110827,-0.064746,-0.101585,1,1
2011,51,-0.787581,-0.055379,0.189518,0.203871,1,1
2000,51,-0.756411,-0.102102,0.076262,0.077207,1,1
2017,51,-0.697095,-0.019941,0.186691,0.207682,1,1
2033,51,-0.717482,0.051614,-0.080393,-0.154412,1,1
2029,51,-0.789469,-0.107744,-0.115037,-0.223708,1,1
2009,51,-0.757167,-0.000053,0.156241,0.139905,1,1
2006,51,-0.761540,0.031008,0.160399,0.198338,1,1
2026,51,-0.774127,-0.056148,-0.123857,-0.205534,1,1
2016,51,-0.763843,0.027791,0.142140,0.138746,1,1
2005,51,-0.681226,-0.000029,0.072774,0.092119,1,1
2036,51,-0.720013,-0.073507,-0.086009,-0.221491,1,1
2008,51,-0.730320,-0.014394,0.144503,0.181141,1,1
2001,51,-0.664754,-0.011259,0.163605,0.169064,1,1
2038,51,-0.759738,-0.039851,-0.058785,-0.060515,1,1
2028,51,-0.791965,-0.113532,-0.093779,-0.216984,1,1
2002,51,-0.696256,-0.005779,0.120723,0.171410,1,1
2010,51,-0.732733,0.025367,0.100879,0.216776,1,1
2031,51,-0.783085,-0.010488,-0.094156,-0.161431,1,1
2004,51,-0.877821,-0.056243,0.073229,0.143215,1,1
2027,51,-0.731601,-0.049843,-0.057845,-0.129455,1,1
2025,51,-0.733276,0.001770,-0.011105,-0.253081,1,1
2015,51,-0.793137,0.000145,0.093974,0.163426,1,1
2022,51,-0.760209,-0.007243,-0.073006,-0.080437,1,1
2035,51,-0.778249,0.047537,-0.109946,-0.163525,1,1
2013,51,-0.785911,0.013848,0.244956,0.070842,1,1
2007,51,-0.675459,0.004700,0.153720,0.278633,1,1
2020,51,-0.724632,0.036759,-0.108604,-0.172603,1,1
2023,51,-0.675511,-0.034687,-0.130489,-0.185505,1,1
2019,51,-0.768017,-0.024323,0.148940,0.143729,1,1
2014,51,-0.819089,-0.004268,0.110578,0.204432,1,1
2039,51,-0.779674,-0.059416,-0.051271,-0.095589,1,1
2034,51,-0.739623,0.037732,-0.150598,-0.174081,1,1
2018,51,-0.690964,0.035450,0.217001,0.173741,1,1
2037,51,-0.774027,-0.074990,-0.052126,-0.289033,1,1
2021,51,-0.710932,-0.055476,-0.110715,-0.251763,1,1
2024,51,-0.779873,-0.074263,-0.046889,-0.086991,1,1
2003,51,-0.693813,0.017454,0.155356,0.113739,1,1
2060,52,-0.689639,0.023052,-0.136662,-0.192925,1,1
2053,52,-0.723399,0.036705,0.164573,0.129201,1,1
2040,52,-0.818125,-0.016215,0.103325,0.223687,1,1
2072,52,-0.718307,-0.064116,-0.000126,-0.173850,1,1
2079,52,-0.749389,0.023186,-0.103590,-0.226526,1,1
2045,52,-0.757797,0.000976,0.244329,0.178828,1,1
2054,52,-0.757041,-0.010286,0.078004,0.144645,1,1
2041,52,-0.718111,0.001662,0.068597,0.174554,1,1
2077,52,-0.804429,0.055536,-0.100460,-0.212718,1,1
2051,52,-0.768525,0.072372,0.092407,0.034587,1,1
2061,52,-0.670025,-0.084654,-0.016855,-0.232019,1,1
2048,52,-0.772432,-0.065120,0.129064,0.178047,1,1
2063,52,-0.715552,-0.005885,-0.140438,-0.091927,1,1
2064,52,-0.704051,-0.081597,-0.100234,-0.182038,1,1
2050,52,-0.826934,-0.057791,0.208389,0.220619,1,1
2069,52,-0.780150,-0.002414,-0.104144,-0.159987,1,1
2043,52,-0.697178,0.071290,0.116801,0.101648,1,1
2049,52,-0.874135,-0.035934,0.125834,0.241323,1,1
2055,52,-0.674053,0.031564,0.132685,0.165997,1,1
2070,52,-0.837485,-0.108729,-0.085208,-0.190147,1,1
2068,52,-0.673676,-0.055632,-0.209389,-0.209028,1,1
2062,52,-0.798226,-0.069579,-0.150652,-0.217527,1,1
2076,52,-0.745776,-0.112265,-0.088357,-0.147051,1,1
2066,52,-0.612270,-0.007076,-0.073328,-0.123155,1,1
2059,52,-0.657129,0.061292,0.083579,0.196514,1,1
2078,52,-0.773324,-0.115988,-0.130215,-0.184193,1,1
2057,52,-0.853979,0.004218,0.133465,0.174387,1,1
2047,52,-0.692336,0.033867,0.196458,0.157066,1,1
2042,52,-0.646556,0.042395,0.189334,0.226708,1,1
2052,52,-0.724589,0.095980,0.123310,0.153157,1,1
2074,52,-0.755142,-0.113716,-0.057742,-0.216024,1,1
2046,52,-0.829315,-0.015021,0.245738,0.105550,1,1
2071,52,-0.714030,-0.072361,-0.207864,-0.169662,1,1
2056,52,-0.721164,0.030967,0.045674,0.101444,1,1
2067,52,-0.748799,-0.027629,-0.075059,-0.135540,1,1
2073,52,-0.772017,0.026473,-0.066971,-0.185416,1,1
2044,52,-0.909255,0.126763,0.184360,0.132004,1,0
2058,52,-0.794321,0.001200,0.172935,0.156953,1,1
2065,52,-0.846300,-0.025404,-0.134491,-0.194500,1,1
2075,52,-0.735112,-0.011174,-0.035993,-0.189454,1,1
2112,53,-0.754102,0.034750,-0.173551,-0.282876,1,1
2114,53,-0.818525,-0.074732,-0.078886,-0.152248,1,1
2090,53,-0.732842,0.017510,0.159499,0.128677,1,1
2110,53,-0.750879,-0.099130,-0.129049,-0.204677,1,1
2117,53,-0.789834,-0.024251,-0.084400,-0.236500,1,1
2115,53,-0.776476,-0.050720,-0.096928,-0.151406,1,1
2113,53,-0.708417,0.060897,-0.087625,-0.188317,1,1
2105,53,-0.665279,-0.018792,-0.030792,-0.217997,1,1
2099,53,-0.684074,-0.035618,0.173037,0.227678,1,1
2087,53,-0.763630,0.002100,0.227846,0.040912,1,1
2088,53,-0.741457,-0.082067,0.149681,0.155542,1,1
2097,53,-0.775095,-0.087930,0.084048,0.097539,1,1
2086,53,-0.691163,-0.074220,0.124768,0.148244,1,1
2083,53,-0.778427,-0.000412,0.087484,0.189032,1,1
2100,53,-0.670763,0.004680,-0.085402,-0.160467,1,1
2093,53,-0.678283,-0.126490,0.055666,0.090121,1,1
2116,53,-0.700360,0.012343,-0.027409,-0.189678,1,1
2118,53,-0.774329,-0.022771,-0.071080,-0.085343,1,1
2109,53,-0.870692,-0.034704,-0.052227,-0.231563,1,1
2081,53,-0.629008,0.007568,0.167216,0.151090,1,1
2082,53,-0.687685,-0.006921,0.178566,0.222859,1,1
2096,53,-0.729978,0.044616,0.104834,0.100862,1,1
2084,53,-0.707303,-0.008794,0.111885,0.110943,1,1
2108,53,-0.701302,0.004247,-0.060775,-0.229918,1,1
2089,53,-0.756137,-0.002760,0.187972,0.327885,1,1
2107,53,-0.718956,-0.014049,-0.109499,-0.162263,1,1
2119,53,-0.728610,-0.083886,-0.087949,-0.124708,1,1
2095,53,-0.716316,-0.032886,0.256450,0.138382,1,1
2098,53,-0.685452,-0.049747,0.131624,0.151788,1,1
2094,53,-0.708929,0.023291,0.177136,0.204211,1,1
2092,53,-0.709208,0.018853,0.162576,0.247444,1,1
2091,53,-0.733114,-0.043886,0.072588,0.193357,1,1
2111,53,-0.719428,-0.025129,-0.130964,-0.180963,1,1
2102,53,-0.746722,-0.002359,-0.092397,-0.160317,1,1
2103,53,-0.762920,0.006914,-0.100634,-0.108782,1,1
2101,53,-0.754756,-0.008132,-0.072927,-0.228782,1,1
2106,53,-0.735039,-0.158705,-0.014601,-0.119899,0,1
2085,53,-0.792663,0.011175,0.185203,0.209720,1,1
2104,53,-0.792645,-0.054566,-0.126465,-0.098294,1,1
2080,53,-0.713064,0.014026,0.123339,0.100228,1,1
2123,54,-0.742209,-0.048195,0.057990,0.225061,1,1
2133,54,-0.724326,-0.025758,0.111404,0.062905,1,1
2130,54,-0.832732,-0.054548,0.160429,0.131946,1,1
2137,54,-0.702201,0.026179,0.185126,0.257890,1,1
2158,54,-0.665995,0.034602,-0.010018,-0.097795,1,1
2125,54,-0.635833,-0.091432,0.047501,0.200806,1,1
2139,54,-0.714829,0.069715,0.118535,0.209369,1,1
2124,54,-0.782629,-0.031289,0.118634,0.049932,1,1
2149,54,-0.705285,-0.044624,-0.040676,-0.175433,1,1
2128,54,-0.739374,0.026548,0.173182,0.201478,1,1
2154,54,-0.738364,-0.069841,-0.129442,-0.168360,1,1
2143,54,-0.736822,-0.029113,-0.079420,-0.193985,1,1
2148,54,-0.755123,-0.033012,-0.155535,-0.154876,1,1
2145,54,-0.678536,-0.001219,-0.113611,-0.147171,1,1
2151,54,-0.811549,-0.162948,-0.150923,-0.177543,0,1
2136,54,-0.672796,0.027560,0.157831,0.145283,1,1
2126,54,-0.826922,-0.057646,0.137429,0.213008,1,1
2122,54,-0.695784,0.008661,0.143545,0.236082,1,1
2150,54,-0.732642,-0.043087,-0.151794,-0.283394,1,1
2129,54,-0.726179,0.001874,0.119865,0.097038,1,1
2146,54,-0.781631,-0.078341,-0.070894,-0.232365,1,1
2156,54,-0.763183,-0.053816,-0.108637,-0.228660,1,1
2120,54,-0.781860,0.042027,0.126368,0.256031,1,1
2155,54,-0.718008,-0.092096,-0.113466,-0.140485,1,1
2147,54,-0.728109,-0.134871,-0.105558,-0.172131,1,1
2127,54,-0.773119,-0.002468,0.139409,0.201633,1,1
2135,54,-0.805926,0.025577,0.184175,0.115562,1,1
2131,54,-0.700685,0.024081,0.138890,0.226277,1,1
2153,54,-0.680818,-0.018062,-0.046667,-0.176636,1,1
2157,54,-0.753861,-0.084738,-0.075438,-0.190907,1,1
2121,54,-0.758158,-0.017420,0.107084,0.202760,1,1
2138,54,-0.808156,0.060158,0.086787,0.191510,1,1
2141,54,-0.722266,0.000481,-0.056573,-0.208245,1,1
2142,54,-0.897290,-0.069565,-0.150416,-0.065500,0,1
2132,54,-0.802230,-0.050154,0.143234,0.132828,1,1
2152,54,-0.744572,0.002592,-0.063942,-0.188094,1,1
2159,54,-0.735936,-0.099417,-0.120914,-0.144586,1,1
2144,54,-0.725505,0.012371,-0.131838,-0.158057,1,1
2140,54,-0.804825,-0.051496,-0.088009,-0.134405,1,1
2134,54,-0.747091,-0.011652,0.110108,0.193551,1,1
2173,55,-0.726163,-0.074128,0.103939,0.305576,1,1
2190,55,-0.619025,-0.054237,-0.067364,-0.154609,1,1
2189,55,-0.772489,-0.031134,-0.091453,-0.200871,1,1
2186,55,-0.784167,-0.030501,-0.046744,-0.204400,1,1
2183,55,-0.841954,-0.085830,-0.089918,-0.184512,1,1
2182,55,-0.789523,0.009189,-0.038878,-0.189266,1,1
2161,55,-0.715908,-0.049680,0.165957,0.245463,1,1
2194,55,-0.782610,0.017821,-0.062085,-0.202834,1,1
2171,55,-0.747696,-0.026461,0.250874,0.234445,1,1
2198,55,-0.719251,0.014280,-0.096311,-0.213182,1,1
2184,55,-0.796288,-0.090047,-0.065309,-0.207327,1,1
2169,55,-0.812874,0.107506,0.087114,0.153956,1,0
2174,55,-0.690038,0.063715,0.079223,0.128286,1,1
2195,55,-0.748229,-0.158156,-0.025632,-0.136111,0,1
2175,55,-0.685782,-0.080602,0.121645,0.170730,1,1
2162,55,-0.719244,-0.023415,0.137099,0.082419,1,1
2179,55,-0.764107,0.068358,0.183020,0.262607,1,1
2180,55,-0.732678,-0.088599,-0.087790,-0.183853,1,1
2196,55,-0.759167,-0.113794,-0.041776,-0.101962,1,1
2165,55,-0.695537,0.070910,0.100477,0.156372,1,1
2185,55,-0.735146,0.008451,-0.161910,-0.185154,1,1
2199,55,-0.783843,-0.080591,-0.168431,-0.226298,1,1
2168,55,-0.764481,0.104838,0.156221,0.082463,1,0
2166,55,-0.723276,0.020242,0.099360,0.228545,1,1
2177,55,-0.807832,0.031982,0.153340,0.210212,1,1
2164,55,-0.724750,0.038484,0.172236,0.188918,1,1
2197,55,-0.853074,-0.055422,-0.043650,-0.294023,1,1
2187,55,-0.777970,-0.080954,-0.169822,-0.250340,1,1
2192,55,-0.819517,-0.069211,-0.035095,-0.161540,1,1
2193,55,-0.804764,-0.033726,-0.188899,-0.234021,1,1
2191,55,-0.802455,0.058194,-0.034003,-0.192762,1,1
2188,55,-0.760213,-0.033894,-0.208755,-0.188739,1,1
2160,55,-0.723097,-0.015234,0.124031,0.205511,1,1
2170,55,-0.764523,-0.021404,0.126429,0.244805,1,1
2167,55,-0.694138,-0.011318,0.101243,0.211589,1,1
2178,55,-0.804120,-0.063847,0.148339,0.154488,1,1
2176,55,-0.757780,0.064627,0.118634,0.157885,1,1
2163,55,-0.748408,0.026866,0.063177,0.214044,1,1
2181,55,-0.812432,-0.002060,-0.145150,-0.090162,1,1
2172,55,-0.716237,0.018618,0.146232,0.121094,1,1
2228,56,-0.763053,-0.065119,-0.060444,-0.155619,1,1
2227,56,-0.703222,0.000902,-0.069995,-0.142332,1,1
2200,56,-0.762448,-0.042421,0.133799,0.217087,1,1
2204,56,-0.776801,0.043387,0.142420,0.080353,1,1
2203,56,-0.715864,-0.005020,0.148737,0.084856,1,1
2232,56,-0.753174,-0.118281,-0.119955,-0.226936,1,1
2212,56,-0.744431,0.099202,0.156106,0.143635,1,1
2202,56,-0.685134,-0.058134,0.081884,0.092116,1,1
2222,56,-0.793750,0.048516,-0.058733,-0.150277,1,1
2225,56,-0.699974,-0.114923,-0.067558,-0.125968,1,1
2238,56,-0.812072,-0.112374,-0.153046,-0.288398,1,1
2218,56,-0.811917,-0.015536,0.110005,0.082071,1,1
2214,56,-0.762359,0.055308,0.110820,0.199723,1,1
2236,56,-0.764604,-0.114507,-0.120681,-0.186090,1,1
2230,56,-0.687232,-0.047669,-0.101369,-0.164451,1,1
2205,56,-0.727631,-0.008214,0.172378,0.207415,1,1
2209,56,-0.752327,-0.007379,0.114437,0.244396,1,1
2231,56,-0.733660,-0.112589,-0.025884,-0.120414,1,1
2206,56,-0.759036,0.004333,0.151598,0.257805,1,1
2223,56,-0.678331,-0.127639,-0.185473,-0.171318,1,1
2235,56,-0.737494,0.011181,-0.142250,-0.170520,1,1
2224,56,-0.715524,-0.005816,-0.103105,-0.129226,1,1
2239,56,-0.738413,-0.012685,-0.177470,-0.230009,1,1
2226,56,-0.709366,-0.039992,-0.152976,-0.154594,1,1
2211,56,-0.810449,-0.002453,0.089224,0.248432,1,1
2216,56,-0.783196,0.033480,0.050070,0.216687,1,1
2233,56,-0.781063,-0.025828,-0.101255,-0.205093,1,1
2208,56,-0.692404,-0.003808,0.242371,0.146501,1,1
2217,56,-0.677174,0.082710,0.141426,0.209650,1,1
2219,56,-0.723361,-0.013634,0.147141,0.245456,1,1
2237,56,-0.636969,-0.017657,-0.017797,-0.126400,1,1
2220,56,-0.739275,-0.033603,-0.078698,-0.114311,1,1
2210,56,-0.765894,-0.080543,0.185993,0.236526,1,1
2229,56,-0.772167,-0.082509,-0.092045,-0.208513,1,1
2201,56,-0.736456,0.030005,0.147339,0.171290,1,1
2221,56,-0.761730,0.010069,-0.062068,-0.175197,1,1
2213,56,-0.720038,0.036022,0.036721,0.219822,1,1
2234,56,-0.702211,0.004295,-0.114480,-0.192050,1,1
2207,56,-0.776755,0.015839,0.074006,0.143685,1,1
2215,56,-0.823314,0.065462,0.079835,0.224794,1,1
2252,57,-0.737082,0.059741,0.190220,0.208780,1,1
2279,57,-0.731213,-0.112317,-0.115667,-0.212658,1,1
2263,57,-0.712415,0.029209,-0.132294,-0.161749,1,1
2249,57,-0.751781,0.017168,0.139332,0.129285,1,1
2274,57,-0.680386,-0.026197,-0.071406,-0.208394,1,1
2247,57,-0.722195,-0.033743,0.126564,0.169952,1,1
2276,57,-0.743001,-0.132553,-0.126164,-0.096151,1,1
2253,57,-0.719740,-0.087709,0.027009,0.205673,1,1
2264,57,-0.663416,-0.054069,-0.125755,-0.210466,1,1
2242,57,-0.724316,0.042492,0.101097,0.201941,1,1
2246,57,-0.682829,-0.097612,0.091334,0.120263,1,1
2248,57,-0.761906,-0.036789,0.022292,0.164835,1,1
2272,57,-0.735268,-0.076212,-0.033808,-0.195419,1,1
2244,57,-0.749510,-0.055676,0.117404,0.168442,1,1
2259,57,-0.757637,-0.007598,0.141221,0.216810,1,1
2278,57,-0.751012,-0.097939,-0.074031,-0.093551,1,1
2261,57,-0.795117,-0.061139,-0.061600,-0.205022,1,1
2268,57,-0.772413,-0.077571,-0.015623,-0.177224,1,1
2241,57,-0.735268,-0.004916,0.110201,0.156539,1,1
2257,57,-0.800589,-0.021578,0.151393,0.155159,1,1
2254,57,-0.766323,0.029093,0.093558,0.233287,1,1
2270,57,-0.711191,-0.029265,-0.091321,-0.187960,1,1
2269,57,-0.715312,-0.058134,-0.141663,-0.276998,1,1
2277,57,-0.721673,-0.065276,-0.063010,-0.143683,1,1
2262,57,-0.762894,-0.053748,-0.081975,-0.108757,1,1
2240,57,-0.653015,0.043640,0.129229,0.099073,1,1
2265,57,-0.694689,-0.060427,-0.093422,-0.137214,1,1
2260,57,-0.757471,-0.088958,-0.124998,-0.168909,1,1
2267,57,-0.789039,-0.070382,-0.035503,-0.175368,1,1
2273,57,-0.767095,-0.111051,-0.060026,-0.216639,1,1
2266,57,-0.788896,-0.074860,-0.103953,-0.178656,1,1
2251,57,-0.742318,0.035546,0.047505,0.152417,1,1
2243,57,-0.739706,0.034034,0.206961,0.138468,1,1
2250,57,-0.707162,-0.066152,0.102719,0.094776,1,1
2245,57,-0.682650,-0.068528,0.046766,0.213491,1,1
2256,57,-0.641178,0.070777,0.131369,0.206273,1,0
2271,57,-0.677641,-0.120466,-0.012007,-0.179633,1,1
2255,57,-0.728568,0.041734,0.108514,0.260111,1,1
2275,57,-0.711727,-0.036197,-0.041173,-0.166550,1,1
2258,57,-0.677802,0.007428,0.110778,0.201882,1,1
2297,58,-0.800897,-0.022022,0.135550,0.120452,1,1
2296,58,-0.691893,-0.053372,0.121886,0.291279,1,1
2291,58,-0.800923,0.006021,0.165503,0.057597,1,1
2286,58,-0.667208,0.086834,0.156880,0.116818,1,0
2313,58,-0.726293,0.050518,-0.078131,-0.134588,1,1
2314,58,-0.825478,0.051399,-0.117342,-0.191393,1,1
2318,58,-0.783178,0.012048,-0.105606,-0.219278,1,1
2288,58,-0.698031,-0.031560,0.127051,0.203728,1,1
2319,58,-0.677134,-0.022423,-0.143926,-0.249512,1,1
2317,58,-0.673993,0.017458,-0.089559,-0.176986,1,1
2312,58,-0.695449,-0.102929,-0.110111,-0.165654,1,1
2300,58,-0.704297,0.048693,-0.091962,-0.194438,1,1
2284,58,-0.691447,0.031257,0.180821,0.158673,1,1
2298,58,-0.763603,0.022019,0.177955,0.071450,1,1
2299,58,-0.743607,0.029154,0.102616,0.123552,1,1
2287,58,-0.688233,0.132751,0.105435,0.137686,1,0
2290,58,-0.728942,0.027401,0.176141,0.170582,1,1
2309,58,-0.737337,-0.058333,-0.122824,-0.156654,1,1
2281,58,-0.733475,-0.011489,0.049097,0.154796,1,1
2285,58,-0.730617,0.015351,0.165700,0.154379,1,1
2301,58,-0.735350,-0.021669,-0.069817,-0.206780,1,1
2293,58,-0.720878,0.019489,0.108880,0.146764,1,1
2304,58,-0.835461,-0.030493,-0.163784,-0.282195,1,1
2283,58,-0.787251,-0.052808,0.083464,0.139038,1,1
2315,58,-0.679267,-0.122909,-0.051684,-0.220629,1,1
2295,58,-0.598612,0.000023,0.046678,0.224601,1,0
2310,58,-0.832846,0.025506,-0.185834,-0.154639,1,1
2289,58,-0.711671,-0.005816,0.141428,0.160198,1,1
2294,58,-0.684560,0.047442,0.031369,0.124838,1,1
2311,58,-0.712877,0.009992,-0.154621,-0.139125,1,1
2292,58,-0.740865,0.022137,0.154279,0.111165,1,1
2280,58,-0.788616,0.084936,0.101232,0.206267,1,1
2306,58,-0.839104,-0.098982,-0.008766,-0.176404,1,1
2307,58,-0.735241,-0.048332,-0.131211,-0.229992,1,1
2302,58,-0.835014,-0.104281,-0.051446,-0.197706,1,1
2303,58,-0.826910,-0.049668,-0.071643,-0.104814,1,1
2305,58,-0.822347,-0.087121,-0.114314,-0.219764,1,1
2308,58,-0.704413,-0.151257,-0.109663,-0.207991,0,1
2316,58,-0.811170,0.033641,-0.141634,-0.224743,1,1
2282,58,-0.773592,0.234052,0.175106,0.132186,1,0
2356,59,-0.765988,-0.073806,-0.104321,-0.138671,1,1
2344,59,-0.668561,0.009878,-0.202490,-0.173073,1,1
2352,59,-0.675125,-0.138244,0.016509,-0.105496,0,1
2332,59,-0.694116,-0.028413,0.200540,0.104320,1,1
2349,59,-0.721325,-0.109880,-0.097823,-0.208583,1,1
2337,59,-0.762357,0.025654,0.157375,0.161279,1,1
2327,59,-0.661723,-0.052388,0.124480,0.198417,1,1
2358,59,-0.719399,-0.019903,-0.011215,-0.233648,1,1
2331,59,-0.775469,-0.008909,0.116933,0.124939,1,1
2325,59,-0.747564,-0.047451,0.107700,0.156418,1,1
2328,59,-0.712244,0.008587,-0.005635,0.111644,1,1
2357,59,-0.748565,0.036541,-0.111161,-0.252593,1,1
2333,59,-0.785000,0.007768,0.228583,0.182119,1,1
2341,59,-0.777389,-0.012630,-0.043328,-0.145710,1,1
2347,59,-0.722644,-0.031143,-0.203522,-0.144880,1,1
2359,59,-0.675803,-0.066576,-0.117089,-0.167403,1,1
2320,59,-0.719857,-0.060913,0.222853,0.140765,1,1
2326,59,-0.824378,-0.079663,0.089860,0.119024,1,1
2343,59,-0.752111,-0.053561,0.027003,-0.185075,1,1
2323,59,-0.744962,0.067670,0.158513,0.154544,1,1
2321,59,-0.703073,0.075308,0.011544,0.250378,1,1
2350,59,-0.772561,-0.116744,-0.075679,-0.228762,1,1
2351,59,-0.757520,0.082335,-0.099858,-0.138888,1,1
2324,59,-0.782340,-0.077425,0.090191,0.176751,1,1
2353,59,-0.799150,0.050251,-0.025874,-0.215968,1,1
2329,59,-0.769422,-0.030089,0.179579,0.198678,1,1
2355,59,-0.707218,0.024972,-0.166017,-0.158869,1,1
2336,59,-0.745351,0.031686,0.143888,0.127520,1,1
2354,59,-0.694186,-0.080800,-0.018456,-0.146080,1,1
2334,59,-0.599737,0.065920,0.209896,0.125098,1,0
2335,59,-0.721282,0.000564,0.072528,0.211395,1,1
2322,59,-0.863530,0.098937,0.126474,0.107930,1,0
2330,59,-0.765557,-0.017854,0.125722,0.196537,1,1
2339,59,-0.758254,0.000877,0.113627,0.192365,1,1
2345,59,-0.724570,0.096652,-0.125932,-0.185482,1,1
2342,59,-0.707626,0.026354,-0.101132,-0.108729,1,1
2338,59,-0.784779,0.016328,0.179064,0.139466,1,1
2346,59,-0.753762,0.034288,-0.045008,-0.220911,1,1
2348,59,-0.758151,-0.106561,-0.053274,-0.176406,1,1
2340,59,-0.787282,-0.078451,0.013310,-0.138758,1,1
2394,60,-0.733289,0.007729,0.043949,-0.107594,1,1
2371,60,-0.715006,-0.018884,0.087793,0.189712,1,1
2364,60,-0.703297,0.047427,0.062493,0.138284,1,1
2380,60,-0.777112,-0.089640,-0.020894,-0.108782,1,1
2367,60,-0.715755,0.101059,0.042423,0.158901,1,1
2370,60,-0.760643,0.029296,0.133517,0.260816,1,1
2389,60,-0.713564,-0.046449,0.043430,-0.127099,1,1
2390,60,-0.732806,-0.094889,-0.048108,-0.197182,1,1
2366,60,-0.692164,0.007936,0.130675,0.245933,1,1
2379,60,-0.814828,0.058805,0.082627,0.221615,1,1
2385,60,-0.727484,-0.031356,0.026352,-0.154235,1,1
2381,60,-0.789521,0.117225,-0.008684,-0.092484,1,1
2369,60,-0.775153,-0.020708,0.140016,0.196867,1,1
2397,60,-0.771133,-0.051014,0.119354,-0.100419,1,1
2395,60,-0.752722,-0.134950,0.023541,-0.085908,1,1
2365,60,-0.852224,0.127137,0.124965,0.241730,1,0
2361,60,-0.752152,-0.056512,0.097825,0.116460,1,1
2363,60,-0.675107,0.048564,0.213426,0.288265,1,1
2378,60,-0.715351,-0.032618,0.104101,0.203219,1,1
2396,60,-0.794959,-0.045085,0.047665,-0.081042,1,1
2393,60,-0.695332,-0.033096,0.035764,-0.192475,1,1
2372,60,-0.795538,0.031229,0.163881,0.146362,1,1
2374,60,-0.864008,0.042699,0.134747,0.079035,1,0
2362,60,-0.841647,0.064774,0.113783,0.229515,1,0
2377,60,-0.728076,0.012585,0.139711,0.151599,1,1
2376,60,-0.665026,-0.003156,0.089611,0.101743,1,1
2391,60,-0.707262,-0.104698,0.076709,-0.125659,1,1
2387,60,-0.751051,-0.067566,0.048793,-0.124271,1,1
2392,60,-0.644919,-0.158150,0.116214,-0.136107,0,1
2368,60,-0.788175,0.032063,0.199066,0.168701,1,1
2388,60,-0.805615,-0.042019,0.028460,-0.146335,1,1
2373,60,-0.770988,0.030484,0.045012,0.121065,1,1
2375,60,-0.678679,-0.059975,0.058218,0.184653,1,1
2386,60,-0.667421,-0.017892,-0.003550,-0.133344,1,1
2398,60,-0.751184,-0.086386,0.053958,-0.133798,1,1
2360,60,-0.732280,0.006766,0.105043,0.265209,1,1
2382,60,-0.794248,0.001626,0.069497,-0.133420,1,1
2383,60,-0.663986,0.003972,0.113768,-0.100010,1,1
2399,60,-0.800397,-0.026786,0.137340,-0.089095,1,1
2384,60,-0.730144,-0.080784,0.136201,-0.147727,1,1
2437,61,-0.751135,-0.074969,0.110348,-0.118863,1,1
2434,61,-0.798494,-0.110818,0.006281,-0.130793,1,1
2406,61,-0.726080,-0.020769,0.127203,0.203698,1,1
2415,61,-0.657345,-0.096187,0.122442,0.162434,1,1
2411,61,-0.723952,0.003571,0.199979,0.145502,1,1
2427,61,-0.733621,-0.079983,0.102954,-0.115920,1,1
2401,61,-0.665453,-0.004191,0.125369,0.192636,1,1
2418,61,-0.673572,-0.027834,-0.005000,0.161326,1,1
2410,61,-0.730883,0.037339,0.149691,0.247095,1,1
2417,61,-0.680620,0.025038,0.130923,0.186396,1,1
2416,61,-0.801658,0.065966,0.144787,0.217143,1,1
2409,61,-0.687998,-0.056854,0.188451,0.255344,1,1
2407,61,-0.677551,0.013683,0.084427,0.138362,1,1
2424,61,-0.784133,-0.081431,0.035936,-0.052934,1,1
2402,61,-0.646910,-0.018141,0.177094,0.132050,1,1
2422,61,-0.875661,-0.132160,0.002106,-0.184923,0,1
2433,61,-0.807152,-0.115440,0.103952,-0.173675,1,1
2430,61,-0.717668,-0.080275,0.059916,-0.152358,1,1
2400,61,-0.786620,0.015640,0.095592,0.132691,1,1
2432,61,-0.836167,-0.056124,0.100230,-0.135629,1,1
2408,61,-0.731170,-0.044098,0.135249,0.199417,1,1
2419,61,-0.743911,0.009113,0.096732,0.190157,1,1
2435,61,-0.794755,-0.074276,0.088069,-0.143399,1,1
2414,61,-0.689738,-0.012630,0.102217,0.135646,1,1
2438,61,-0.742964,-0.032290,0.009747,-0.072967,1,1
2431,61,-0.712164,-0.064514,0.085072,-0.185070,1,1
2421,61,-0.701234,-0.076111,-0.005624,-0.218005,1,1
2428,61,-0.738820,0.007213,0.042427,-0.106986,1,1
2420,61,-0.697156,-0.120481,0.051490,-0.160063,1,1
2423,61,-0.725782,-0.107301,0.081020,-0.129017,1,1
2403,61,-0.777475,-0.033605,0.158007,0.115853,1,1
2429,61,-0.715339,-0.042439,0.043014,-0.201853,1,1
2405,61,-0.692904,0.034739,0.158681,0.134523,1,1
2412,61,-0.726817,-0.004668,0.107372,0.163101,1,1
2436,61,-0.744449,-0.113036,0.098457,-0.131062,1,1
2404,61,-0.878586,-0.070760,0.119934,0.159835,1,1
2426,61,-0.765781,-0.032121,0.170623,-0.119705,1,1
2413,61,-0.769838,-0.036778,0.193015,0.158740,1,1
2425,61,-0.737536,-0.005792,0.108151,-0.148215,1,1
2439,61,-0.700998,0.009205,0.073147,-0.157706,1,1
2479,62,-0.677934,-0.053197,-0.024340,-0.195002,1,1
2477,62,-0.724128,-0.025018,0.026787,-0.119140,1,1
2453,62,-0.700804,0.020420,0.136547,0.172866,1,1
2449,62,-0.697179,-0.060722,0.089389,0.201079,1,1
2466,62,-0.678008,-0.082370,0.078950,-0.136689,1,1
2468,62,-0.798360,-0.015539,0.089978,-0.101896,1,1
2462,62,-0.687773,-0.023927,0.047352,-0.155915,1,1
2458,62,-0.789981,0.023657,0.069434,0.186576,1,1
2452,62,-0.696039,0.015008,0.176096,0.104843,1,1
2448,62,-0.738303,0.023032,0.126752,0.092851,1,1
2465,62,-0.760348,-0.212183,0.011297,-0.146364,0,1
2447,62,-0.800629,0.105319,0.166240,0.186651,1,0
2457,62,-0.693184,0.043689,0.197774,0.114571,1,1
2475,62,-0.661683,-0.009358,-0.000079,-0.155908,1,1
2470,62,-0.695096,-0.000621,0.058534,-0.105236,1,1
2460,62,-0.721062,-0.050898,0.117556,-0.223292,1,1
2474,62,-0.830315,-0.112319,0.071393,-0.101071,1,1
2464,62,-0.705561,-0.056481,0.102214,-0.241458,1,1
2441,62,-0.749164,0.042167,0.201110,0.109185,1,1
2469,62,-0.787513,-0.014226,0.232157,-0.175110,1,1
2478,62,-0.772799,0.064052,0.090497,-0.116236,1,1
2454,62,-0.810735,0.014476,0.170001,0.228988,1,1
2467,62,-0.685256,-0.013739,0.083054,-0.070717,1,1
2461,62,-0.786084,0.000354,0.137295,-0.118828,1,1
2471,62,-0.714609,0.027684,0.021840,-0.193150,1,1
2443,62,-0.855335,0.010622,0.206222,0.178829,1,1
2463,62,-0.716420,0.006901,0.001058,-0.138985,1,1
2476,62,-0.723976,-0.113262,0.070801,-0.089911,1,1
2459,62,-0.785113,-0.013228,0.161792,0.139560,1,1
2446,62,-0.801846,0.040215,0.123616,0.143884,1,1
2444,62,-0.807411,0.071531,0.080226,0.144619,1,1
2472,62,-0.743781,0.045820,0.191234,-0.095415,1,1
2445,62,-0.699531,0.017880,0.065610,0.226596,1,1
2440,62,-0.724139,0.029723,0.152784,0.185303,1,1
2451,62,-0.742280,-0.014224,0.219262,0.224886,1,1
2450,62,-0.776334,-0.010781,0.148056,0.154621,1,1
2455,62,-0.789023,0.106170,0.159023,0.201661,1,0
2442,62,-0.720679,0.006857,0.087969,0.173008,1,1
2456,62,-0.714141,0.040398,0.133909,0.201814,1,1
2473,62,-0.753204,-0.072609,0.051378,-0.104063,1,1
2480,63,-0.756815,-0.021594,0.189435,0.117680,1,1
2486,63,-0.746864,0.010609,0.189792,0.086859,1,1
2509,63,-0.791985,-0.113494,0.029077,-0.267555,1,1
2494,63,-0.765437,-0.012447,0.183359,0.202564,1,1
2501,63,-0.698099,-0.137667,0.058274,-0.138890,1,1
2495,63,-0.781901,0.064351,0.135993,0.048281,1,1
2504,63,-0.751463,-0.037999,0.014988,-0.049725,1,1
2497,63,-0.701097,-0.013085,0.161521,0.067457,1,1
2485,63,-0.759231,-0.021205,0.075012,0.193453,1,1
2488,63,-0.798451,0.011873,0.169514,0.215501,1,1
2483,63,-0.730619,0.047447,0.117443,0.188782,1,1
2487,63,-0.759082,0.025417,0.147576,0.194966,1,1
2510,63,-0.792326,-0.074921,0.012996,-0.081134,1,1
2519,63,-0.837174,-0.061547,0.053614,-0.112140,1,1
2513,63,-0.713982,-0.034497,0.100246,0.008025,1,1
2484,63,-0.728004,0.036705,0.107543,0.223041,1,1
2482,63,-0.714507,0.074433,0.137131,0.271017,1,1
2516,63,-0.752687,-0.011211,0.057777,-0.149181,1,1
2481,63,-0.688483,0.049820,0.209201,0.101129,1,1
2518,63,-0.694825,-0.185731,0.023838,-0.146621,0,1
2512,63,-0.833526,-0.027022,0.161109,-0.127046,1,1
2492,63,-0.829931,0.125998,0.138739,0.225039,1,0
2490,63,-0.696155,0.018614,0.091945,0.258528,1,1
2507,63,-0.755084,0.016933,0.075294,-0.125078,1,1
2515,63,-0.682702,-0.090056,0.025545,-0.089306,1,1
2505,63,-0.788774,-0.041876,0.072526,-0.142829,1,1
2489,63,-0.789906,-0.071620,0.170388,0.139325,1,1
2506,63,-0.696240,-0.032309,0.084278,-0.126099,1,1
2503,63,-0.751911,-0.023673,0.111408,-0.075509,1,1
2500,63,-0.768542,-0.070875,0.100025,-0.170842,1,1
2517,63,-0.752079,-0.075532,0.024656,-0.168674,1,1
2491,63,-0.742395,0.019829,0.051612,0.130709,1,1
2493,63,-0.657492,-0.011426,0.226138,0.120976,1,1
2496,63,-0.750154,-0.036755,0.188984,0.197097,1,1
2508,63,-0.707021,-0.039209,0.011748,-0.149096,1,1
2498,63,-0.824242,0.017341,0.142841,0.175389,1,1
2511,63,-0.715164,0.001585,0.026664,-0.157020,1,1
2502,63,-0.739525,-0.030484,-0.001910,-0.147506,1,1
2499,63,-0.660884,0.027820,0.110177,0.212263,1,1
2514,63,-0.776913,-0.062464,0.060676,-0.033671,1,1
2520,64,-0.690572,0.055371,0.142828,0.229738,1,1
2553,64,-0.713290,-0.107244,0.034080,-0.205962,1,1
2526,64,-0.773393,0.012899,0.149893,0.292091,1,1
2538,64,-0.783422,0.008316,0.100368,0.148714,1,1
2547,64,-0.674545,-0.060676,0.012395,-0.173857,1,1
2549,64,-0.746751,-0.065531,0.044445,-0.177847,1,1
2527,64,-0.690717,0.004506,0.197823,0.212214,1,1
2525,64,-0.786809,-0.027502,0.071801,0.199915,1,1
2558,64,-0.622098,-0.061950,0.058634,-0.064576,1,1
2530,64,-0.661449,-0.093761,0.093494,0.172932,1,1
2543,64,-0.690984,-0.023932,0.096014,-0.152961,1,1
2524,64,-0.720765,-0.001648,0.091834,0.178470,1,1
2541,64,-0.714947,-0.041999,0.062488,0.011525,1,1
2528,64,-0.869878,0.027327,0.141305,0.171341,1,0
2545,64,-0.792954,-0.029980,0.042648,-0.105965,1,1
2556,64,-0.752470,-0.032731,0.063484,-0.090153,1,1
2532,64,-0.726191,-0.013524,0.177755,0.199498,1,1
2544,64,-0.718309,-0.028782,0.098208,-0.104230,1,1
2552,64,-0.789630,0.058448,0.097562,-0.025888,1,1
2546,64,-0.679430,0.006770,0.048682,-0.188395,1,1
2529,64,-0.706525,0.044630,0.060709,0.183870,1,1
2535,64,-0.762702,0.006709,0.144878,0.128961,1,1
2557,64,-0.712277,0.012915,0.000342,-0.088441,1,1
2554,64,-0.763436,-0.044640,0.071044,-0.091534,1,1
2533,64,-0.766910,0.028501,0.181922,0.230345,1,1
2555,64,-0.810996,-0.006870,-0.011938,-0.189174,1,1
2550,64,-0.760827,-0.099557,0.063344,-0.195771,1,1
2551,64,-0.627440,-0.116540,0.123449,-0.194980,0,1
2559,64,-0.756311,-0.044571,0.006928,-0.111633,1,1
2534,64,-0.801068,-0.006248,0.143919,0.193303,1,1
2540,64,-0.797942,-0.090759,0.087694,-0.099960,1,1
2542,64,-0.776036,0.039081,0.009754,-0.127612,1,1
2522,64,-0.766991,0.011340,0.108915,0.189395,1,1
2548,64,-0.665823,-0.087370,0.043240,-0.108832,1,1
2537,64,-0.745139,-0.084718,0.130428,0.253934,1,1
2523,64,-0.743104,-0.052387,0.205303,0.125270,1,1
2539,64,-0.668817,0.086713,0.101897,0.241321,1,1
2521,64,-0.671358,0.007274,0.137108,0.116287,1,1
2536,64,-0.721989,0.013915,0.179463,0.151723,1,1
2531,64,-0.686673,-0.039853,0.140608,0.175716,1,1
2579,65,-0.754945,0.066276,0.106298,0.170904,1,1
2570,65,-0.756381,0.061888,0.076610,0.165661,1,1
2567,65,-0.654124,-0.062952,0.000483,0.177444,1,1
2573,65,-0.784261,-0.060917,0.121060,0.202401,1,1
2597,65,-0.748279,-0.040927,0.007241,-0.147105,1,1
2560,65,-0.715029,0.069798,0.116568,0.210016,1,1
2582,65,-0.772290,0.011916,0.033063,-0.158628,1,1
2571,65,-0.728710,-0.024155,0.141448,0.112322,1,1
2575,65,-0.783537,0.071379,0.218752,0.170966,1,1
2572,65,-0.741063,0.062401,0.169317,0.137857,1,1
2566,65,-0.708288,0.012930,0.145045,0.220163,1,1
2585,65,-0.808065,-0.085011,0.104054,-0.197716,1,1
2578,65,-0.712015,-0.066743,0.030121,0.223450,1,1
2595,65,-0.664512,-0.109196,-0.004400,-0.193591,1,1
2588,65,-0.778014,-0.143848,0.078379,-0.042724,0,1
2569,65,-0.739406,-0.071094,0.130607,0.240995,1,1
2593,65,-0.720875,0.032892,0.058093,-0.165070,1,1
2564,65,-0.764582,0.121006,0.108288,0.140837,1,0
2568,65,-0.647862,0.004733,0.090692,0.144282,1,1
2581,65,-0.716467,-0.084431,0.006060,-0.091066,1,1
2590,65,-0.738370,0.079211,0.083741,-0.113774,1,1
2587,65,-0.740147,-0.072725,0.052373,-0.178826,1,1
2599,65,-0.786748,-0.076600,0.098619,-0.055518,1,1
2586,65,-0.867898,0.004410,0.103100,-0.054121,1,1
2591,65,-0.688969,-0.057425,0.039478,-0.102323,1,1
2589,65,-0.650226,-0.144975,0.050219,-0.161466,0,1
2563,65,-0.750828,-0.001584,0.167899,0.205008,1,1
2574,65,-0.667221,0.056400,0.285948,0.128884,1,1
2584,65,-0.785884,-0.105693,0.090125,-0.158354,1,1
2598,65,-0.681815,-0.051689,0.102651,-0.081867,1,1
2577,65,-0.754528,0.054210,0.145599,0.117586,1,1
2561,65,-0.834851,-0.004856,0.115064,0.172074,1,1
2576,65,-0.784820,-0.074738,0.108073,0.323200,1,1
2594,65,-0.787969,-0.137776,0.038786,-0.038692,1,1
2565,65,-0.707268,-0.026495,0.155049,0.242673,1,1
2580,65,-0.779943,-0.104338,0.027732,-0.125540,1,1
2562,65,-0.753315,-0.004475,0.204796,0.206445,1,1
2596,65,-0.742984,-0.073449,0.048534,-0.133507,1,1
2583,65,-0.737324,-0.055512,0.017497,-0.097241,1,1
2592,65,-0.792500,0.014079,0.129011,-0.228785,1,1
2634,66,-0.753818,-0.031189,0.050245,-0.126368,1,1
2635,66,-0.724086,-0.032942,0.129836,-0.062440,1,1
2620,66,-0.621817,-0.004518,0.113808,-0.142130,1,1
2637,66,-0.755723,-0.073488,0.101900,-0.077374,1,1
2622,66,-0.741918,-0.093988,0.024272,-0.156657,1,1
2602,66,-0.690573,-0.092736,0.120007,0.088789,1,1
2617,66,-0.651903,-0.041787,0.184929,0.089072,1,1
2610,66,-0.724654,-0.027732,0.160233,0.203328,1,1
2600,66,-0.753105,-0.002124,0.107454,0.059347,1,1
2630,66,-0.732671,-0.034649,0.066629,-0.027179,1,1
2623,66,-0.789092,0.016671,0.058031,-0.142546,1,1
2613,66,-0.705457,0.046521,0.171635,0.199439,1,1
2629,66,-0.729780,-0.061889,-0.118678,-0.124274,1,1
2632,66,-0.699843,-0.160479,0.162168,-0.136772,0,1
2614,66,-0.800185,-0.052673,0.126978,0.205119,1,1
2624,66,-0.744115,-0.059092,0.097955,-0.111864,1,1
2621,66,-0.718287,0.005309,0.083130,-0.117563,1,1
2603,66,-0.720247,0.011556,0.140221,0.193460,1,1
2601,66,-0.791273,-0.069508,0.024352,0.181069,1,1
2638,66,-0.785070,-0.140296,0.059760,-0.045020,0,1
2631,66,-0.807944,-0.072458,-0.024215,-0.189902,1,1
2606,66,-0.862869,-0.003129,0.136705,0.174758,1,1
2633,66,-0.794382,0.007904,0.037595,-0.092786,1,1
2609,66,-0.646958,0.010723,0.064284,0.171413,1,1
2604,66,-0.736883,-0.058801,0.221107,0.203540,1,1
2605,66,-0.749187,0.063135,0.137350,0.111331,1,1
2612,66,-0.669705,0.012772,0.160957,0.083315,1,1
2608,66,-0.783860,-0.012991,0.141766,0.157187,1,1
2625,66,-0.824539,0.051013,0.051374,-0.086354,1,1
2636,66,-0.759890,0.009947,0.068946,-0.088631,1,1
2639,66,-0.698800,0.028450,0.066401,-0.130790,1,1
2611,66,-0.752024,-0.021296,0.140749,0.174515,1,1
2618,66,-0.738358,0.003361,0.126835,0.197059,1,1
2616,66,-0.675284,0.003948,0.155673,0.151613,1,1
2607,66,-0.731001,-0.014657,0.046302,0.198235,1,1
2627,66,-0.809072,0.031429,0.080334,-0.097466,1,1
2619,66,-0.744057,-0.027873,0.157881,0.289440,1,1
2626,66,-0.722644,-0.052683,0.065055,-0.157563,1,1
2628,66,-0.799449,-0.021427,0.057315,-0.119899,1,1
2615,66,-0.741877,0.037574,0.010832,0.112322,1,1
2659,67,-0.719967,0.090550,0.163640,0.162953,1,1
2652,67,-0.681358,0.010483,0.194890,0.145948,1,1
2671,67,-0.669661,-0.071867,0.091266,-0.145819,1,1
2660,67,-0.764909,-0.096828,0.043187,-0.167196,1,1
2668,67,-0.749591,0.002583,0.063300,-0.044898,1,1
2646,67,-0.619278,0.003185,0.083073,0.358387,1,1
2664,67,-0.736234,-0.025724,0.132440,-0.046437,1,1
2656,67,-0.744007,0.072886,0.197209,0.041752,1,1
2666,67,-0.681677,-0.082790,0.114245,-0.209054,1,1
2658,67,-0.793262,-0.049539,0.152358,0.178796,1,1
2673,67,-0.761104,-0.008543,0.091430,-0.096306,1,1
2651,67,-0.705059,-0.077145,0.074695,0.147211,1,1
2645,67,-0.757266,0.056041,0.156321,0.218289,1,1
2649,67,-0.713652,0.004389,-0.011198,0.148518,1,1
2662,67,-0.831518,-0.074117,0.104734,-0.195649,1,1
2648,67,-0.756266,-0.008388,0.149706,0.184850,1,1
2665,67,-0.775678,-0.106352,0.024291,-0.166180,1,1
2655,67,-0.776691,-0.043989,0.187286,0.171079,1,1
2672,67,-0.724213,-0.126116,0.133635,-0.178941,1,1
2644,67,-0.692871,-0.035375,0.143509,0.221848,1,1
2661,67,-0.703506,-0.098497,0.080497,-0.111547,1,1
2641,67,-0.808539,-0.031561,0.122115,0.127615,1,1
2675,67,-0.671242,-0.033682,0.061172,-0.061361,1,1
2654,67,-0.793998,-0.043422,0.081952,0.129857,1,1
2679,67,-0.790848,-0.098015,0.047127,-0.167798,1,1
2667,67,-0.740112,-0.036159,0.071877,-0.112759,1,1
2642,67,-0.760992,0.030486,0.144897,0.185637,1,1
2640,67,-0.746064,0.030250,0.164985,0.212693,1,1
2643,67,-0.748356,-0.106505,0.167026,0.265359,1,1
2678,67,-0.735836,0.002640,-0.069423,-0.081108,1,1
2650,67,-0.683566,0.007714,0.092736,0.233880,1,1
2674,67,-0.728042,-0.160516,0.084248,-0.149023,0,1
2677,67,-0.675075,-0.015602,0.121188,-0.130582,1,1
2670,67,-0.725168,-0.095962,0.023384,-0.119362,1,1
2663,67,-0.745521,0.011977,0.122597,-0.113830,1,1
2647,67,-0.775976,0.055258,0.176209,0.220706,1,1
2657,67,-0.758658,0.063226,0.106226,0.130484,1,1
2653,67,-0.799987,0.031880,0.151660,0.176802,1,1
2676,67,-0.793865,-0.022682,0.004968,-0.188825,1,1
2669,67,-0.751737,-0.039062,0.031343,-0.166917,1,1
2692,68,-0.712549,-0.025859,0.111932,0.143350,1,1
2688,68,-0.717222,0.099518,0.154077,0.097497,1,1
2680,68,-0.728994,0.002580,0.149451,0.229717,1,1
2684,68,-0.692073,-0.045399,0.170035,0.173393,1,1
2700,68,-0.627407,-0.022747,0.004850,-0.158752,1,1
2703,68,-0.678386,0.000273,0.183955,-0.110697,1,1
2683,68,-0.758626,0.025631,0.174343,0.218723,1,1
2712,68,-0.697332,-0.023849,0.030267,-0.096953,1,1
2699,68,-0.768960,-0.006457,0.169998,0.154036,1,1
2711,68,-0.702307,0.046006,-0.034830,-0.082074,1,1
2715,68,-0.763776,-0.062389,-0.026460,-0.143756,1,1
2713,68,-0.824101,0.016090,-0.007366,-0.223349,1,1
2686,68,-0.757657,-0.005306,0.093923,0.210411,1,1
2705,68,-0.644166,0.025932,0.047644,-0.176168,1,1
2702,68,-0.644376,-0.083519,0.010752,-0.094621,1,1
2706,68,-0.734417,0.040574,0.038063,-0.061068,1,1
2689,68,-0.771598,0.013109,0.166765,0.117111,1,1
2696,68,-0.672624,0.083739,0.134050,0.107160,1,1
2690,68,-0.698280,0.142093,0.088570,0.168754,1,0
2710,68,-0.847469,0.052133,0.158361,-0.087930,1,1
2693,68,-0.789428,0.003580,0.150513,0.132616,1,1
2704,68,-0.695974,0.061555,0.053351,-0.160389,1,1
2714,68,-0.716221,-0.048762,0.056909,-0.119947,1,1
2698,68,-0.728274,-0.008812,0.128128,0.208294,1,1
2685,68,-0.742966,0.043841,0.089034,0.146115,1,1
2716,68,-0.798105,-0.005890,0.087587,-0.143284,1,1
2719,68,-0.764230,0.086741,0.037752,-0.154352,1,1
2707,68,-0.737568,-0.049839,0.104189,-0.075603,1,1
2708,68,-0.736462,-0.001858,0.049638,-0.094582,1,1
2709,68,-0.820003,0.031877,-0.057853,-0.157944,1,1
2691,68,-0.614580,-0.073121,0.110000,0.132343,1,1
2695,68,-0.647865,0.007272,0.079958,0.193311,1,1
2718,68,-0.673385,-0.053637,0.064272,-0.026194,1,1
2687,68,-0.691477,0.017120,0.147971,0.232377,1,1
2682,68,-0.711514,-0.019966,0.135688,0.110355,1,1
2717,68,-0.714743,-0.042935,0.058927,-0.110930,1,1
2694,68,-0.695666,-0.047520,0.166125,0.191952,1,1
2697,68,-0.730665,0.071238,0.200036,0.230498,1,1
2681,68,-0.738139,-0.007011,0.110006,0.204586,1,1
2701,68,-0.736229,-0.003542,0.008210,-0.122679,1,1
2727,69,-0.753692,-0.029343,-0.049667,0.130609,1,1
2722,69,-0.805108,-0.104292,-0.054021,0.026541,1,1
2735,69,-0.760086,0.050433,0.012333,0.172485,1,1
2739,69,-0.726292,-0.055379,-0.026813,0.156432,1,1
2745,69,-0.774117,0.051635,0.005157,-0.150552,1,1
2752,69,-0.646808,0.034168,0.071739,-0.140008,1,1
2749,69,-0.715742,-0.110222,0.113405,-0.185817,1,1
2753,69,-0.757270,-0.098918,0.084458,-0.142024,1,1
2731,69,-0.707038,-0.034167,-0.040132,0.101357,1,1
2733,69,-0.723397,0.013135,-0.007219,0.105837,1,1
2724,69,-0.758537,-0.086596,0.023111,0.153733,1,1
2732,69,-0.795109,-0.003959,-0.000294,0.140135,1,1
2728,69,-0.732192,-0.026338,0.092851,0.113570,1,1
2738,69,-0.609671,0.135519,-0.111911,0.103518,1,0
2750,69,-0.754702,-0.034468,0.083649,-0.129348,1,1
2741,69,-0.667445,-0.081326,0.057760,-0.090272,1,1
2736,69,-0.792013,0.002923,-0.071583,0.091339,1,1
2757,69,-0.667091,-0.043391,0.078959,-0.093096,1,1
2740,69,-0.780579,-0.034458,0.011104,-0.131703,1,1
2734,69,-0.755108,-0.002720,0.018327,0.115224,1,1
2720,69,-0.830528,0.041344,-0.029144,0.189427,1,1
2758,69,-0.754447,-0.089098,0.077299,-0.155459,1,1
2729,69,-0.826508,0.124318,-0.106483,-0.006746,1,0
2748,69,-0.704632,-0.023581,0.108885,-0.184497,1,1
2743,69,-0.735900,-0.073802,0.076243,-0.254021,1,1
2744,69,-0.731548,0.004183,0.018428,-0.071735,1,1
2742,69,-0.790788,0.055702,-0.061846,-0.051481,1,1
2723,69,-0.674417,-0.086351,0.016847,0.117569,1,1
2759,69,-0.781223,-0.045260,0.081821,-0.098193,1,1
2754,69,-0.699825,-0.121188,0.028348,-0.100837,1,1
2747,69,-0.790520,-0.089320,-0.072843,-0.072620,1,1
2725,69,-0.741158,0.065466,0.010977,0.077492,1,1
2751,69,-0.672294,-0.060634,0.007029,-0.123383,1,1
2737,69,-0.616570,-0.050804,0.026143,0.111220,1,1
2746,69,-0.703345,-0.086342,0.049356,-0.186776,1,1
2755,69,-0.771077,0.014368,0.031991,-0.204240,1,1
2721,69,-0.751877,0.080565,0.071139,0.105003,1,1
2756,69,-0.693059,0.021412,0.021224,-0.129074,1,1
2730,69,-0.724624,0.064586,0.005264,0.148782,1,1
2726,69,-0.646790,0.035463,-0.044486,0.155823,1,1
2798,70,-0.784043,0.035401,0.017081,-0.070631,1,1
2792,70,-0.773507,-0.023877,0.078010,-0.113231,1,1
2781,70,-0.617378,-0.028249,0.022017,-0.212621,1,1
2785,70,-0.712548,-0.064606,0.086145,-0.214482,1,1
2761,70,-0.744445,-0.005107,0.019527,0.098683,1,1
2774,70,-0.706298,0.061204,-0.018122,0.114104,1,1
2782,70,-0.646422,0.005190,-0.036214,-0.037270,1,1
2780,70,-0.728265,-0.009404,0.059943,-0.107160,1,1
2793,70,-0.673039,-0.015374,0.050682,-0.200840,1,1
2791,70,-0.728822,-0.071973,0.116472,-0.120503,1,1
2768,70,-0.700165,-0.057796,-0.063091,0.031609,1,1
2772,70,-0.784139,0.050720,-0.153346,0.033957,1,1
2794,70,-0.738063,-0.102220,0.035234,-0.149525,1,1
2760,70,-0.706152,-0.055641,-0.018232,0.066137,1,1
2762,70,-0.806527,-0.049744,-0.162430,0.057222,1,1
2784,70,-0.719626,-0.057346,0.039339,-0.169015,1,1
2795,70,-0.658428,-0.048978,0.000362,-0.129693,1,1
2776,70,-0.763574,-0.058064,-0.037141,0.180264,1,1
2764,70,-0.699567,0.077835,-0.000553,0.066734,1,1
2763,70,-0.657010,0.025711,-0.088487,0.190383,1,1
2787,70,-0.716238,-0.095399,0.111643,-0.111272,1,1
2790,70,-0.735886,-0.035072,0.017396,-0.190902,1,1
2773,70,-0.748929,-0.060278,-0.022956,0.041121,1,1
2788,70,-0.726643,-0.052680,0.054044,-0.066726,1,1
2766,70,-0.708427,0.061316,-0.083642,0.114401,1,1
2786,70,-0.888019,-0.037698,0.021176,-0.086953,0,1
2769,70,-0.773424,-0.049542,0.041103,0.077492,1,1
2778,70,-0.749629,-0.001705,-0.040392,0.069035,1,1
2789,70,-0.755008,0.045464,0.062816,-0.143115,1,1
2799,70,-0.762862,-0.053411,0.042823,-0.199170,1,1
2777,70,-0.732810,0.099592,-0.084701,0.130107,1,1
2765,70,-0.771578,-0.033007,0.125962,0.050446,1,1
2775,70,-0.647091,0.112203,-0.097695,0.081071,1,0
2771,70,-0.751250,0.043051,-0.009370,-0.006098,1,1
2767,70,-0.774166,-0.031556,0.083277,0.072724,1,1
2783,70,-0.751710,-0.022505,-0.051366,-0.155349,1,1
2797,70,-0.715682,-0.068582,0.022801,-0.196524,1,1
2796,70,-0.715549,-0.013741,0.065917,-0.129317,1,1
2779,70,-0.787531,0.007723,-0.122113,0.118095,1,1
2770,70,-0.664777,0.036306,-0.044159,0.075467,1,1
2820,71,-0.669568,-0.127656,0.021313,-0.101038,1,1
2808,71,-0.747698,-0.030448,-0.030591,0.085664,1,1
2814,71,-0.644015,-0.007485,0.053697,0.093872,1,1
2834,71,-0.729497,-0.029932,0.182609,-0.055897,1,1
2802,71,-0.759108,-0.012984,-0.023135,0.050205,1,1
2819,71,-0.716127,-0.029118,-0.013768,0.134244,1,1
2821,71,-0.807983,-0.114546,0.009854,-0.108543,1,1
2811,71,-0.764846,-0.069612,-0.082799,0.120286,1,1
2839,71,-0.738870,-0.088732,0.099494,-0.159774,1,1
2813,71,-0.809120,-0.072521,-0.008079,0.153570,1,1
2823,71,-0.705295,-0.095282,0.061438,-0.090027,1,1
2832,71,-0.730405,-0.017287,0.164343,-0.137740,1,1
2827,71,-0.682031,-0.021430,0.059285,-0.154734,1,1
2833,71,-0.811694,-0.031561,0.121213,-0.151638,1,1
2831,71,-0.743369,-0.129181,0.036601,0.007688,1,1
2815,71,-0.784028,0.048473,0.010101,0.100961,1,1
2809,71,-0.741322,0.007794,-0.014809,0.052030,1,1
2810,71,-0.726338,0.029572,0.029379,0.184641,1,1
2818,71,-0.728589,-0.047941,-0.042168,0.119140,1,1
2805,71,-0.737843,0.047114,-0.036335,0.096321,1,1
2806,71,-0.736650,0.123042,0.032243,0.114961,1,0
2803,71,-0.727163,-0.022385,0.011952,0.116942,1,1
2828,71,-0.705962,-0.175792,0.027327,-0.149286,0,1
2817,71,-0.620783,0.054622,-0.061374,0.053136,1,1
2812,71,-0.742110,-0.001641,-0.071918,0.159654,1,1
2801,71,-0.749613,0.036423,0.082036,0.170318,1,1
2804,71,-0.715743,-0.017125,-0.049304,0.050421,1,1
2807,71,-0.752825,0.059131,0.081715,0.169235,1,1
2824,71,-0.762842,-0.035495,0.101412,-0.088058,1,1
2837,71,-0.716258,-0.152579,0.064845,-0.036799,0,1
2835,71,-0.705060,-0.070172,0.072702,-0.108832,1,1
2826,71,-0.707890,0.019126,0.053649,-0.061554,1,1
2816,71,-0.747504,0.070268,-0.174239,0.089488,1,1
2838,71,-0.702635,0.003023,0.068717,-0.173250,1,1
2830,71,-0.765890,-0.023498,0.065127,-0.049942,1,1
2836,71,-0.724876,-0.029767,0.025343,-0.114739,1,1
2822,71,-0.739749,-0.050178,-0.015781,-0.210605,1,1
2829,71,-0.622728,-0.044500,0.094003,-0.151647,1,1
2825,71,-0.710138,-0.070998,0.067047,-0.111253,1,1
2800,71,-0.819304,-0.001756,-0.098031,0.081433,1,1
2849,72,-0.790828,-0.048544,0.039228,0.077171,1,1
2864,72,-0.881911,-0.059848,0.032437,-0.156518,0,1
2863,72,-0.712817,-0.029188,0.060710,-0.105842,1,1
2865,72,-0.788913,-0.033668,0.085451,-0.132521,1,1
2845,72,-0.801442,-0.087102,0.013315,0.127033,1,1
2841,72,-0.755461,-0.026311,-0.059550,0.168134,1,1
2853,72,-0.661377,-0.033663,-0.065246,0.116577,1,1
2878,72,-0.696613,-0.081545,0.048458,-0.080888,1,1
2875,72,-0.736664,-0.038931,0.044427,-0.172716,1,1
2848,72,-0.793177,0.046856,-0.085970,0.134518,1,1
2862,72,-0.804944,0.076355,-0.028634,-0.158973,1,1
2859,72,-0.799657,0.020579,0.033020,0.083795,1,1
2858,72,-0.764473,0.045735,-0.015272,0.116786,1,1
2844,72,-0.743730,0.061826,-0.041100,0.162139,1,1
2843,72,-0.807183,-0.036729,0.018819,0.214343,1,1
2860,72,-0.704140,0.005732,0.021184,-0.124485,1,1
2850,72,-0.669558,-0.012008,0.023224,0.061183,1,1
2869,72,-0.730705,-0.063890,0.116332,-0.125376,1,1
2866,72,-0.642197,-0.107928,0.078158,-0.138420,1,1
2856,72,-0.687551,0.010253,-0.045709,0.044526,1,1
2842,72,-0.812335,0.072755,-0.038039,0.114358,1,1
2868,72,-0.702414,-0.070233,0.010600,-0.041941,1,1
2870,72,-0.728479,-0.077619,0.041029,-0.069948,1,1
2857,72,-0.718194,0.021305,-0.100997,0.061321,1,1
2871,72,-0.751332,-0.072748,0.111037,-0.178341,1,1
2846,72,-0.745348,0.058008,-0.081854,0.139118,1,1
2877,72,-0.736614,-0.106045,0.072685,-0.124473,1,1
2840,72,-0.775714,-0.035811,-0.011520,0.084391,1,1
2874,72,-0.684666,-0.077774,0.064311,-0.111269,1,1
2855,72,-0.694364,0.043019,-0.033935,0.149957,1,1
2847,72,-0.738040,-0.067289,-0.056178,0.074899,1,1
2861,72,-0.757035,-0.077438,0.134103,-0.074591,1,1
2852,72,-0.812779,0.005937,-0.060537,0.046213,1,1
2876,72,-0.695024,-0.014860,0.127161,-0.117551,1,1
2873,72,-0.698788,-0.068277,0.049331,-0.171238,1,1
2879,72,-0.704018,-0.093717,0.169209,-0.172533,1,1
2854,72,-0.736409,0.060850,0.018476,0.008888,1,1
2872,72,-0.748402,0.028352,0.121269,-0.122521,1,1
2867,72,-0.729903,-0.070932,0.078872,-0.167734,1,1
2851,72,-0.717102,0.027830,-0.066038,0.017067,1,1
2889,73,-0.746121,-0.008358,-0.016319,0.127666,1,1
2919,73,-0.786120,0.005057,0.044250,-0.191460,1,1
2907,73,-0.731512,-0.040539,-0.047226,-0.115944,1,1
2913,73,-0.678751,-0.068423,0.086835,-0.085317,1,1
2885,73,-0.829328,-0.058668,-0.044184,0.181625,1,1
2886,73,-0.690454,-0.043398,0.054231,0.101428,1,1
2914,73,-0.684180,-0.036308,0.053227,-0.179363,1,1
2905,73,-0.762391,-0.046328,0.054459,-0.134128,1,1
2901,73,-0.749516,-0.094937,0.087607,-0.110189,1,1
2917,73,-0.712132,-0.089802,0.139545,-0.204893,1,1
2883,73,-0.698122,0.039863,-0.056733,0.143705,1,1
2916,73,-0.768162,-0.053927,0.097037,-0.099994,1,1
2880,73,-0.795264,-0.034832,0.040249,0.242767,1,1
2898,73,-0.801161,0.065539,-0.011289,0.020499,1,1
2890,73,-0.601898,0.006194,-0.048265,0.267639,1,1
2882,73,-0.755572,0.011367,-0.025774,0.028431,1,1
2881,73,-0.661434,-0.006671,-0.026641,0.026027,1,1
2884,73,-0.663507,0.030533,-0.023755,0.063581,1,1
2892,73,-0.723156,0.003527,-0.018612,0.150513,1,1
2910,73,-0.699834,-0.092086,0.033237,-0.082185,1,1
2894,73,-0.688918,-0.026780,-0.049016,0.169034,1,1
2908,73,-0.744151,-0.016370,-0.035962,-0.127248,1,1
2912,73,-0.754904,-0.066012,0.019296,-0.065944,1,1
2895,73,-0.749620,0.025857,-0.097043,0.110464,1,1
2887,73,-0.716114,-0.008298,0.012860,0.105455,1,1
2896,73,-0.761576,-0.053389,-0.062565,0.096635,1,1
2897,73,-0.736677,0.000269,-0.021299,0.179719,1,1
2888,73,-0.679492,-0.052284,-0.031206,0.121052,1,1
2904,73,-0.740194,-0.068360,0.052105,-0.198747,1,1
2902,73,-0.746546,-0.077886,0.173775,-0.180941,1,1
2899,73,-0.779069,-0.038715,0.027176,0.136766,1,1
2891,73,-0.717832,0.058972,-0.122149,0.229207,1,1
2915,73,-0.807414,-0.032754,0.029892,-0.069946,1,1
2911,73,-0.755924,-0.075747,0.107092,-0.131579,1,1
2900,73,-0.687908,-0.089659,0.097078,-0.166028,1,1
2906,73,-0.732897,-0.019084,0.022492,-0.136011,1,1
2918,73,-0.749258,0.008220,0.085711,-0.069581,1,1
2909,73,-0.724702,-0.037371,0.056484,-0.134882,1,1
2893,73,-0.745732,0.063220,0.023347,0.085946,1,1
2903,73,-0.700319,-0.002360,0.119333,-0.162086,1,1
2924,74,-0.801169,0.085970,-0.008255,0.135089,1,0
2922,74,-0.621274,-0.113984,-0.117060,0.161511,1,1
2935,74,-0.784032,0.007800,-0.021777,0.051774,1,1
2930,74,-0.710448,-0.055232,-0.111648,0.071602,1,1
2959,74,-0.739317,-0.002572,0.072136,-0.126229,1,1
2934,74,-0.713008,-0.116621,-0.048930,0.072128,1,1
2942,74,-0.792035,-0.105989,0.067737,-0.108149,1,1
2953,74,-0.723356,-0.027855,0.101690,-0.127792,1,1
2948,74,-0.723379,-0.026113,0.030082,-0.120959,1,1
2941,74,-0.669714,-0.000740,0.108780,-0.051065,1,1
2940,74,-0.801403,-0.033933,0.107212,-0.137380,1,1
2952,74,-0.806143,-0.069068,0.008279,-0.119663,1,1
2932,74,-0.696084,-0.013013,0.108843,0.139247,1,1
2931,74,-0.746347,-0.001611,-0.055380,0.111417,1,1
2937,74,-0.684189,-0.005657,-0.038586,0.108615,1,1
2951,74,-0.755315,-0.005470,0.052896,-0.188543,1,1
2921,74,-0.777836,0.024168,-0.084211,0.089427,1,1
2958,74,-0.786301,-0.062144,0.128692,-0.221640,1,1
2928,74,-0.764650,-0.034878,-0.118045,0.118725,1,1
2944,74,-0.807011,0.036168,0.025053,-0.038662,1,1
2923,74,-0.798484,-0.037675,-0.104006,0.160260,1,1
2954,74,-0.614502,-0.094913,0.048998,-0.206849,0,1
2955,74,-0.679412,0.014392,0.007990,-0.130073,1,1
2927,74,-0.723771,-0.107320,0.027881,0.148244,1,1
2947,74,-0.756586,-0.004116,0.161157,-0.066151,1,1
2949,74,-0.775043,-0.052427,0.113536,-0.093527,1,1
2936,74,-0.725215,0.070047,-0.047680,0.140696,1,1
2950,74,-0.774077,-0.057794,0.027014,-0.095586,1,1
2943,74,-0.767991,-0.039401,0.074948,-0.117282,1,1
2920,74,-0.784639,0.016960,0.038644,0.049711,1,1
2945,74,-0.640127,-0.027297,0.156521,-0.071032,1,1
2939,74,-0.733162,0.046748,0.011560,0.066972,1,1
2925,74,-0.694009,0.054955,-0.121984,0.123563,1,1
2929,74,-0.641165,-0.082870,0.065093,0.163923,1,1
2926,74,-0.756023,0.013387,0.019560,0.095932,1,1
2956,74,-0.645429,-0.022283,0.090445,-0.072125,1,1
2946,74,-0.685771,-0.063870,0.022833,-0.126631,1,1
2957,74,-0.717875,-0.046952,0.049230,-0.179790,1,1
2933,74,-0.731215,-0.016067,-0.140512,0.098673,1,1
2938,74,-0.669698,-0.033719,-0.014922,-0.013150,1,1
2994,75,-0.647481,-0.048166,0.057291,-0.092787,1,1
2969,75,-0.742264,0.015864,-0.068111,0.177717,1,1
2986,75,-0.717358,0.008842,0.121851,-0.142855,1,1
2965,75,-0.671065,0.038284,-0.008557,0.109298,1,1
2991,75,-0.709209,-0.006928,0.021803,-0.122349,1,1
2964,75,-0.777833,-0.001693,-0.147838,0.119497,1,1
2982,75,-0.776071,0.039085,-0.019808,-0.108617,1,1
2985,75,-0.704708,-0.055637,0.166834,-0.208545,1,1
2970,75,-0.720804,-0.036531,-0.017410,0.136682,1,1
2975,75,-0.782794,0.056909,-0.039109,0.059075,1,1
2988,75,-0.632654,0.014651,0.100485,-0.166263,1,1
2968,75,-0.688591,-0.024737,-0.016209,0.178662,1,1
2962,75,-0.733351,-0.032932,0.064245,0.163260,1,1
2967,75,-0.756142,-0.092172,-0.073719,0.079763,1,1
2980,75,-0.698891,0.001590,0.081523,-0.160714,1,1
2974,75,-0.782853,0.068603,0.026509,0.076598,1,1
2996,75,-0.707514,-0.043160,0.116771,-0.167226,1,1
2997,75,-0.723747,-0.062282,0.156142,-0.115829,1,1
2976,75,-0.725329,0.008687,-0.132367,0.006762,1,1
2961,75,-0.831226,-0.052823,-0.041475,0.235696,1,1
2987,75,-0.712629,-0.056754,0.025756,-0.036306,1,1
2972,75,-0.669069,0.039486,-0.097214,0.104024,1,1
2990,75,-0.681368,-0.015735,0.101336,-0.165032,1,1
2983,75,-0.746072,-0.023833,-0.112265,-0.099728,1,1
2984,75,-0.677476,-0.035732,0.018573,-0.091415,1,1
2993,75,-0.736519,-0.044531,0.124852,-0.245119,1,1
2963,75,-0.818308,0.009432,-0.024056,0.142808,1,1
2995,75,-0.729878,-0.080011,0.038639,-0.134202,1,1
2992,75,-0.624456,-0.003958,0.057945,-0.187034,1,1
2960,75,-0.771487,-0.045314,-0.114339,0.133297,1,1
2979,75,-0.702575,0.015083,-0.002080,0.132932,1,1
2977,75,-0.696381,0.051505,0.073716,0.151924,1,1
2978,75,-0.711393,-0.069998,0.058431,0.200586,1,1
2999,75,-0.680869,-0.062851,0.005412,-0.149583,1,1
2989,75,-0.752861,-0.106621,0.031852,-0.140234,1,1
2966,75,-0.722306,0.031544,0.002577,0.105279,1,1
2998,75,-0.789026,0.032044,-0.038382,-0.135524,1,1
2981,75,-0.772563,-0.000050,0.018921,-0.102567,1,1
2971,75,-0.780227,-0.046357,-0.105830,0.134645,1,1
2973,75,-0.805044,0.043789,0.085166,0.108231,1,1
3021,76,-0.734567,-0.069054,0.026075,-0.098776,1,1
3005,76,-0.681734,-0.051807,-0.032756,0.103580,1,1
3013,76,-0.712311,-0.084953,-0.038425,0.150255,1,1
3007,76,-0.775554,-0.004857,-0.107485,0.056247,1,1
3031,76,-0.643372,-0.055160,0.042766,-0.147267,1,1
3036,76,-0.685268,-0.118338,-0.047691,-0.120972,1,1
3034,76,-0.691643,-0.000523,0.166441,-0.145499,1,1
3020,76,-0.633861,-0.045897,0.106491,-0.115379,1,1
3026,76,-0.745548,0.005525,0.089416,-0.118686,1,1
3035,76,-0.749607,-0.013676,0.153443,-0.128002,1,1
3024,76,-0.624913,-0.081294,0.007452,-0.139866,1,1
3019,76,-0.733387,0.011079,-0.074676,0.147199,1,1
3001,76,-0.597964,0.003404,0.032926,0.223207,1,1
3015,76,-0.697195,-0.051693,-0.083824,0.134693,1,1
3018,76,-0.731544,-0.014985,-0.021161,0.128722,1,1
3037,76,-0.765523,-0.025024,0.094196,-0.149012,1,1
3006,76,-0.721731,0.004943,0.041383,0.143586,1,1
3014,76,-0.772991,-0.000874,-0.059299,0.094829,1,1
3027,76,-0.713005,-0.084733,0.113292,-0.142254,1,1
3022,76,-0.633757,-0.044513,0.048341,-0.121002,1,1
3000,76,-0.713020,0.027167,-0.104994,0.146005,1,1
3025,76,-0.712450,-0.092290,0.044701,-0.105232,1,1
3012,76,-0.726689,-0.024005,-0.038046,0.147866,1,1
3008,76,-0.608472,0.006553,-0.044644,0.079267,1,1
3003,76,-0.677577,-0.041259,-0.017782,0.064985,1,1
3028,76,-0.701822,-0.064994,-0.002326,-0.169133,1,1
3030,76,-0.706915,-0.043715,0.090116,-0.093686,1,1
3029,76,-0.825988,-0.065669,0.055515,-0.156162,1,1
3032,76,-0.713311,-0.080100,0.109966,-0.204712,1,1
3002,76,-0.824283,0.016788,0.007826,0.189526,1,1
3004,76,-0.782160,-0.047393,0.035107,0.079305,1,1
3010,76,-0.636460,-0.090420,0.004034,0.063502,1,1
3011,76,-0.800345,0.009969,-0.094776,0.177652,1,1
3009,76,-0.660877,0.040745,-0.102142,0.080283,1,1
3016,76,-0.722229,0.039021,-0.031873,0.003231,1,1
3017,76,-0.725891,0.028302,0.038660,0.121002,1,1
3033,76,-0.782645,-0.011528,0.063501,-0.181441,1,1
3023,76,-0.753707,-0.041270,0.008843,-0.179346,1,1
3038,76,-0.710758,-0.129073,0.032569,-0.191880,1,1
3039,76,-0.726603,-0.051201,0.133409,-0.181359,1,1
3062,77,-0.679742,-0.034342,0.120488,-0.102726,1,1
3076,77,-0.668400,-0.152172,0.058487,-0.108901,0,1
3078,77,-0.710574,-0.012375,0.105599,-0.169232,1,1
3060,77,-0.768645,0.032366,0.015535,-0.105438,1,1
3070,77,-0.757063,-0.102434,0.042305,-0.114420,1,1
3046,77,-0.738835,-0.004982,-0.040237,0.167324,1,1
3074,77,-0.621158,-0.057477,0.067118,-0.150231,1,1
3075,77,-0.633919,-0.023388,-0.011979,-0.167203,1,1
3065,77,-0.679531,-0.062695,-0.027045,-0.057575,1,1
3058,77,-0.793705,-0.002265,-0.068547,0.083399,1,1
3067,77,-0.704110,-0.015693,0.044618,-0.074916,1,1
3068,77,-0.757037,-0.108992,0.025498,-0.109489,1,1
3057,77,-0.642092,-0.071675,0.017080,0.103567,1,1
3044,77,-0.705190,-0.080130,-0.025756,0.081321,1,1
3061,77,-0.805632,-0.011310,-0.003408,-0.161427,1,1
3071,77,-0.724672,-0.001942,0.019890,-0.203298,1,1
3051,77,-0.724153,0.041948,-0.079027,0.092474,1,1
3053,77,-0.707526,-0.019947,-0.160329,0.125469,1,1
3069,77,-0.693086,-0.087688,0.054175,-0.123199,1,1
3041,77,-0.740582,0.019592,0.091205,0.122591,1,1
3048,77,-0.770853,0.072417,-0.067690,0.047008,1,1
3054,77,-0.831438,0.006639,-0.003346,0.047222,1,1
3055,77,-0.697692,0.077003,-0.049584,0.080576,1,1
3072,77,-0.677193,-0.086491,0.061235,-0.101255,1,1
3079,77,-0.655157,-0.012015,0.022360,-0.117169,1,1
3045,77,-0.725942,-0.006493,-0.013678,0.065190,1,1
3040,77,-0.720953,-0.033720,-0.028085,0.168314,1,1
3056,77,-0.649641,0.027032,-0.003033,0.070339,1,1
3043,77,-0.755536,0.046316,0.023006,0.082665,1,1
3052,77,-0.695496,-0.034015,-0.055585,0.155146,1,1
3059,77,-0.683076,0.022393,-0.057849,0.177502,1,1
3073,77,-0.696853,-0.061021,0.162853,-0.160978,1,1
3047,77,-0.739247,0.045080,0.127047,0.069262,1,1
3063,77,-0.754797,-0.027604,0.035309,-0.107745,1,1
3042,77,-0.776146,0.005762,-0.016681,0.024101,1,1
3064,77,-0.739696,0.016872,0.026092,-0.058856,1,1
3066,77,-0.742976,-0.026917,-0.044192,-0.154747,1,1
3050,77,-0.721587,-0.062599,-0.030579,0.066433,1,1
3049,77,-0.725704,0.082229,-0.065869,0.199780,1,1
3077,77,-0.742305,-0.121105,0.061960,-0.212960,1,1
3105,78,-0.744263,-0.070336,0.066326,-0.155877,1,1
3118,78,-0.796681,-0.060545,0.023708,-0.170004,1,1
3093,78,-0.711494,0.072374,-0.042718,0.104751,1,1
3111,78,-0.701166,-0.083304,0.076372,-0.106239,1,1
3107,78,-0.681999,-0.082009,0.027272,-0.154971,1,1
3110,78,-0.724480,-0.018350,0.038908,-0.127340,1,1
3085,78,-0.791139,0.053804,-0.089609,0.174561,1,1
3109,78,-0.729347,-0.055674,0.089544,-0.082708,1,1
3100,78,-0.665033,-0.033467,0.077148,-0.103028,1,1
3084,78,-0.763494,0.009424,0.000561,0.114080,1,1
3082,78,-0.700410,-0.006957,-0.027195,0.126073,1,1
3089,78,-0.732673,0.013744,0.062722,0.194728,1,1
3104,78,-0.696348,-0.104170,0.056417,-0.087917,1,1
3081,78,-0.748681,0.060253,-0.066025,0.115981,1,1
3102,78,-0.703667,-0.114016,0.022862,-0.171066,1,1
3098,78,-0.743549,0.065023,0.004218,0.210686,1,1
3113,78,-0.738281,-0.140910,0.073523,-0.219883,1,1
3106,78,-0.756034,-0.023892,0.044177,-0.092888,1,1
3112,78,-0.647940,-0.118870,0.111665,-0.188813,1,1
3091,78,-0.819291,-0.037589,-0.061914,0.067738,1,1
3117,78,-0.765751,0.036720,0.073692,-0.158463,1,1
3116,78,-0.737042,-0.041024,0.156017,-0.131102,1,1
3095,78,-0.685270,0.027201,-0.057931,0.060683,1,1
3097,78,-0.761364,-0.014958,-0.003048,0.099475,1,1
3119,78,-0.682872,-0.074639,-0.003789,-0.161284,1,1
3092,78,-0.724590,0.020062,-0.076449,0.095945,1,1
3108,78,-0.766891,-0.064354,-0.061379,-0.152417,1,1
3080,78,-0.663229,0.041063,0.016527,0.129777,1,1
3094,78,-0.715299,0.076573,-0.074251,0.112966,1,1
3083,78,-0.697488,0.009446,0.037673,0.080611,1,1
3090,78,-0.657613,0.033793,-0.010967,0.053020,1,1
3087,78,-0.826339,-0.034177,-0.040794,0.131741,1,1
3099,78,-0.687665,-0.011837,0.005136,0.051928,1,1
3103,78,-0.695174,-0.025285,0.020207,-0.166236,1,1
3101,78,-0.716782,-0.081524,0.099385,-0.174246,1,1
3086,78,-0.768644,0.003334,0.031522,0.079600,1,1
3115,78,-0.725418,-0.117243,0.037109,-0.210425,1,1
3114,78,-0.744266,-0.047986,0.008332,-0.114333,1,1
3096,78,-0.723346,0.003311,-0.072106,0.188143,1,1
3088,78,-0.707325,0.083550,-0.056775,0.042146,1,1
3142,79,-0.714434,-0.050977,-0.078098,-0.406474,1,1
3126,79,-0.793785,0.021385,-0.045492,0.108145,1,1
3159,79,-0.691884,-0.052505,-0.089406,-0.334577,1,1
3144,79,-0.776766,-0.031912,-0.083090,-0.501228,1,1
3147,79,-0.713708,-0.044886,-0.060665,-0.401321,1,1
3133,79,-0.792036,0.015853,-0.021675,0.142743,1,1
3141,79,-0.843396,-0.065034,-0.144217,-0.472441,1,1
3130,79,-0.740101,-0.048011,-0.021397,0.150941,1,1
3151,79,-0.631233,0.013384,-0.028148,-0.339624,1,1
3157,79,-0.748648,-0.037756,-0.149120,-0.377726,1,1
3122,79,-0.759929,-0.027069,0.046240,0.082438,1,1
3137,79,-0.651590,-0.015549,-0.022758,0.040964,1,1
3149,79,-0.750034,-0.087338,-0.078342,-0.353583,1,1
3150,79,-0.682592,-0.107876,-0.072041,-0.354761,1,1
3135,79,-0.746659,-0.033493,-0.022843,0.146628,1,1
3152,79,-0.709030,0.068368,-0.026524,-0.406563,1,1
3131,79,-0.720197,-0.052059,-0.144958,0.068438,1,1
3148,79,-0.667337,-0.157010,-0.111066,-0.337683,0,1
3136,79,-0.669325,-0.002008,-0.117420,0.066211,1,1
3153,79,-0.744185,-0.011287,-0.129028,-0.374984,1,1
3139,79,-0.653986,0.091171,0.032132,0.145128,1,0
3123,79,-0.752710,-0.021097,0.004309,0.183044,1,1
3128,79,-0.774601,0.055430,0.036869,0.048632,1,1
3146,79,-0.716968,-0.000839,-0.162222,-0.456623,1,1
3127,79,-0.769744,0.000834,-0.016368,0.085201,1,1
3143,79,-0.722397,0.005621,-0.000722,-0.328298,1,1
3140,79,-0.762013,-0.019097,-0.116133,-0.416239,1,1
3156,79,-0.674978,-0.013108,0.000506,-0.424663,1,1
3121,79,-0.785814,-0.015362,0.059291,0.014326,1,1
3138,79,-0.658936,0.047256,-0.017835,0.015366,1,1
3134,79,-0.663556,0.115372,0.027829,0.061746,1,0
3145,79,-0.816126,-0.006907,-0.129033,-0.409431,1,1
3158,79,-0.716630,-0.094707,-0.115240,-0.337340,1,1
3154,79,-0.725796,-0.041641,-0.128958,-0.409713,1,1
3132,79,-0.760363,0.043740,-0.000197,0.168048,1,1
3155,79,-0.741928,-0.031058,-0.160409,-0.444186,1,1
3124,79,-0.670423,0.035850,-0.018623,0.109423,1,1
3125,79,-0.807623,0.132740,-0.024358,0.108668,1,0
3120,79,-0.710815,-0.059537,-0.036506,0.039440,1,1
3129,79,-0.723635,-0.034089,-0.018147,0.086408,1,1
3193,80,-0.737389,-0.007969,-0.193941,-0.354440,1,1
3190,80,-0.765556,-0.088430,-0.087340,-0.372554,1,1
3182,80,-0.769471,-0.123798,-0.104098,-0.443262,1,1
3174,80,-0.761499,-0.002004,0.096740,-0.029339,1,1
3169,80,-0.717822,-0.009619,0.126383,0.036003,1,1
3160,80,-0.724421,0.064481,0.052345,0.042745,1,1
3189,80,-0.743142,-0.191198,-0.079006,-0.393397,0,1
3164,80,-0.726364,0.057336,0.150439,-0.012185,1,1
3195,80,-0.644922,-0.020310,-0.216456,-0.434578,1,1
3166,80,-0.675291,-0.071648,0.097614,-0.016937,1,1
3176,80,-0.746523,-0.000456,0.097840,0.044974,1,1
3180,80,-0.797269,0.011290,-0.084379,-0.368231,1,1
3181,80,-0.691597,-0.032352,-0.136260,-0.320646,1,1
3179,80,-0.743484,0.068782,0.079251,0.094680,1,1
3191,80,-0.654739,0.046976,-0.083004,-0.371167,1,1
3168,80,-0.722843,0.019254,0.077581,0.045668,1,1
3198,80,-0.722962,-0.120589,-0.123636,-0.398773,1,1
3197,80,-0.666656,-0.004267,-0.142270,-0.452459,1,1
3177,80,-0.690644,0.097104,0.160122,0.085469,1,1
3192,80,-0.725292,-0.030602,-0.096287,-0.265263,1,1
3162,80,-0.686175,-0.048913,0.123316,0.034927,1,1
3175,80,-0.696741,-0.048292,0.070749,0.049527,1,1
3187,80,-0.743959,-0.014955,-0.064718,-0.386583,1,1
3184,80,-0.732341,0.059413,-0.190052,-0.299652,1,1
3183,80,-0.679141,0.035785,-0.127743,-0.415007,1,1
3173,80,-0.765930,0.109831,0.028975,0.013503,1,0
3167,80,-0.679184,0.009747,0.082650,0.056559,1,1
3178,80,-0.660018,0.051061,0.055321,0.059888,1,1
3172,80,-0.743182,-0.028318,0.047555,0.026262,1,1
3165,80,-0.736601,0.054346,-0.000229,0.043803,1,1
3194,80,-0.722168,-0.073406,-0.109036,-0.347151,1,1
3185,80,-0.739008,-0.104438,-0.057517,-0.365190,1,1
3171,80,-0.637222,-0.059976,0.015561,0.122789,1,1
3188,80,-0.744563,0.037832,-0.034548,-0.464173,1,1
3170,80,-0.789621,-0.009309,0.073814,0.121533,1,1
3186,80,-0.723429,-0.059663,-0.220300,-0.337826,1,1
3199,80,-0.713750,-0.092557,-0.158981,-0.349776,1,1
3161,80,-0.677026,0.043749,0.067317,0.020666,1,1
3163,80,-0.826900,0.049022,0.094550,0.046238,1,1
3196,80,-0.718623,-0.071180,-0.053359,-0.397935,1,1
3230,81,-0.746369,-0.068222,-0.072002,-0.404346,1,1
3208,81,-0.714079,-0.036528,0.180600,0.041018,1,1
3226,81,-0.726819,-0.046216,-0.120864,-0.330684,1,1
3215,81,-0.760486,0.075651,0.026605,0.065646,1,1
3213,81,-0.729483,0.044355,0.074949,0.029253,1,1
3206,81,-0.644794,0.089352,0.027613,0.033495,1,0
3219,81,-0.710093,-0.006634,0.026087,-0.010360,1,1
3231,81,-0.717537,0.039618,-0.091796,-0.398288,1,1
3209,81,-0.754765,0.023003,0.032744,0.050195,1,1
3223,81,-0.755703,-0.072304,0.011875,-0.389009,1,1
3229,81,-0.735189,-0.093013,-0.042849,-0.341436,1,1
3234,81,-0.715942,-0.042194,-0.090709,-0.388306,1,1
3224,81,-0.658997,-0.034477,-0.127647,-0.293389,1,1
3228,81,-0.664220,-0.096245,-0.031219,-0.395179,1,1
3217,81,-0.718093,0.004771,-0.008621,-0.081641,1,1
3235,81,-0.696006,0.056155,-0.059368,-0.356061,1,1
3220,81,-0.731512,-0.003925,-0.086813,-0.419801,1,1
3200,81,-0.814596,0.005292,0.127871,0.146921,1,1
3233,81,-0.757427,-0.021444,0.016889,-0.348977,1,1
3204,81,-0.692536,0.042074,0.065217,0.007209,1,1
3239,81,-0.802203,-0.014643,-0.106847,-0.446501,1,1
3212,81,-0.671873,0.005474,0.001934,0.042866,1,1
3222,81,-0.686385,-0.046607,-0.106517,-0.391371,1,1
3225,81,-0.810846,-0.050140,-0.058644,-0.361270,1,1
3214,81,-0.713247,-0.025249,0.018978,0.014053,1,1
3221,81,-0.694838,-0.095910,-0.007353,-0.329597,1,1
3203,81,-0.715350,-0.017673,0.176074,0.063399,1,1
3218,81,-0.731235,-0.009358,0.016336,0.045391,1,1
3236,81,-0.685041,-0.124754,-0.122640,-0.391385,1,1
3232,81,-0.745842,0.001034,-0.145834,-0.391071,1,1
3238,81,-0.760843,0.033325,-0.144917,-0.442597,1,1
3216,81,-0.733178,-0.050785,0.069344,0.038464,1,1
3205,81,-0.752419,0.064945,0.052247,-0.026809,1,1
3227,81,-0.706117,-0.022049,-0.073804,-0.396572,1,1
3210,81,-0.775666,0.035459,0.060634,-0.021057,1,1
3207,81,-0.718139,-0.006344,0.043098,0.124502,1,1
3201,81,-0.730001,-0.115983,0.171597,0.043746,1,1
3202,81,-0.710900,0.062548,0.061753,0.071689,1,1
3237,81,-0.806612,-0.028543,-0.105814,-0.348552,1,1
3211,81,-0.654240,-0.087132,0.024890,0.090894,1,1
3268,82,-0.740766,-0.103665,-0.051598,-0.256160,1,1
3248,82,-0.666823,-0.038049,0.056248,0.083726,1,1
3240,82,-0.753045,0.071090,0.137863,0.083685,1,1
3265,82,-0.699058,0.006795,-0.080753,-0.310552,1,1
3259,82,-0.642721,-0.002257,0.075895,0.126476,1,1
3249,82,-0.723224,0.019594,-0.004243,0.035840,1,1
3260,82,-0.730010,-0.048023,-0.105352,-0.358306,1,1
3271,82,-0.699152,-0.069632,-0.103166,-0.340805,1,1
3244,82,-0.674030,0.015769,0.045947,-0.018032,1,1
3256,82,-0.660237,0.005568,0.153973,0.033457,1,1
3254,82,-0.753257,-0.030540,0.120361,0.002244,1,1
3275,82,-0.812071,-0.046485,-0.085901,-0.351638,1,1
3258,82,-0.614759,0.083335,0.172079,-0.002484,1,0
3274,82,-0.732582,-0.031122,-0.075079,-0.352545,1,1
3245,82,-0.854485,0.077274,0.071738,-0.014200,1,0
3270,82,-0.723022,-0.067661,-0.133036,-0.307854,1,1
3276,82,-0.729357,-0.073905,-0.130635,-0.409879,1,1
3246,82,-0.738781,-0.096923,0.047734,0.121213,1,1
3272,82,-0.700074,-0.013463,-0.043921,-0.319489,1,1
3243,82,-0.760806,0.069920,0.116834,0.035323,1,1
3255,82,-0.716597,0.002366,0.066834,0.065888,1,1
3278,82,-0.768197,-0.032255,-0.084440,-0.438833,1,1
3269,82,-0.756180,0.030868,-0.046631,-0.431565,1,1
3252,82,-0.637182,-0.041936,0.150110,0.072517,1,1
3262,82,-0.733333,-0.040742,-0.065979,-0.326880,1,1
3257,82,-0.681953,-0.004354,0.178820,0.017024,1,1
3267,82,-0.667163,-0.023609,-0.157501,-0.375156,1,1
3263,82,-0.800344,-0.104599,-0.255746,-0.409658,1,1
3277,82,-0.620920,0.030090,-0.098462,-0.322253,1,1
3251,82,-0.674537,-0.061929,-0.047557,-0.013341,1,1
3264,82,-0.755260,-0.078128,-0.146064,-0.359295,1,1
3247,82,-0.691089,-0.060215,0.044565,0.048651,1,1
3273,82,-0.671240,-0.083785,-0.070275,-0.325279,1,1
3250,82,-0.676718,0.093476,0.055352,0.012628,1,1
3261,82,-0.717522,-0.057301,-0.114868,-0.427797,1,1
3266,82,-0.692827,-0.013705,-0.085872,-0.364739,1,1
3253,82,-0.761224,0.005782,0.178853,0.044408,1,1
3242,82,-0.770013,0.068847,0.112203,0.118017,1,1
3241,82,-0.749081,0.012396,0.091642,0.111592,1,1
3279,82,-0.668151,-0.107760,-0.140525,-0.418074,1,1
3287,83,-0.784045,-0.001781,0.136355,0.112827,1,1
3280,83,-0.758030,0.013048,0.122632,0.035652,1,1
3304,83,-0.729783,-0.010002,0.020690,-0.242638,1,1
3308,83,-0.751500,-0.016983,-0.059824,-0.407250,1,1
3294,83,-0.738316,-0.008478,0.092643,0.067491,1,1
3298,83,-0.733279,0.003558,0.112187,0.003683,1,1
3310,83,-0.765187,-0.077510,-0.032957,-0.366293,1,1
3290,83,-0.746609,0.063678,0.049062,0.003980,1,1
3311,83,-0.822142,-0.025708,-0.184274,-0.345183,1,1
3283,83,-0.697407,-0.027733,0.072577,0.073227,1,1
3282,83,-0.785040,0.124497,0.173701,0.005234,1,0
3286,83,-0.711652,0.016900,0.050773,0.063288,1,1
3299,83,-0.756007,0.088886,0.057175,0.021277,1,1
3313,83,-0.709713,0.014213,-0.077512,-0.366707,1,1
3288,83,-0.722251,-0.006238,0.107579,0.023291,1,1
3295,83,-0.617835,0.048297,0.091720,0.074742,1,1
3301,83,-0.719713,-0.052056,-0.099327,-0.412410,1,1
3318,83,-0.822083,-0.069418,-0.082915,-0.414212,1,1
3302,83,-0.738329,-0.059050,-0.093509,-0.240306,1,1
3319,83,-0.740775,-0.035638,-0.165537,-0.336984,1,1
3291,83,-0.650208,0.058244,0.058366,0.075590,1,1
3297,83,-0.692064,-0.021630,0.076413,0.098125,1,1
3312,83,-0.657678,-0.024959,-0.150184,-0.350480,1,1
3296,83,-0.693506,0.038901,0.076055,0.069163,1,1
3317,83,-0.629926,-0.060473,-0.076897,-0.398363,1,1
3305,83,-0.754127,-0.041993,-0.182922,-0.321366,1,1
3281,83,-0.799957,0.036603,0.019860,0.071612,1,1
3303,83,-0.677197,-0.083660,-0.058705,-0.408336,1,1
3292,83,-0.698097,0.016303,0.011188,0.047444,1,1
3300,83,-0.623565,-0.018407,-0.000474,-0.333483,1,1
3306,83,-0.742149,-0.141498,-0.021864,-0.259415,1,1
3314,83,-0.707214,-0.063892,-0.118835,-0.285682,1,1
3293,83,-0.706709,0.020665,0.060899,0.034738,1,1
3316,83,-0.661388,-0.104815,0.001983,-0.441722,1,1
3309,83,-0.663640,-0.008589,-0.035504,-0.365329,1,1
3289,83,-0.732808,0.047323,0.083835,0.050670,1,1
3285,83,-0.748317,-0.019619,0.094798,0.074224,1,1
3315,83,-0.678032,0.016158,-0.132532,-0.375263,1,1
3284,83,-0.671853,-0.109375,0.075970,0.022914,1,1
3307,83,-0.699097,-0.013329,-0.054868,-0.408340,1,1
3341,84,-0.700410,-0.096134,-0.092024,-0.353121,1,1
3321,84,-0.743478,-0.031362,0.157547,0.061506,1,1
3326,84,-0.794783,-0.046711,0.021156,0.068915,1,1
3343,84,-0.769619,0.047795,-0.052893,-0.414955,1,1
3352,84,-0.715391,0.002998,-0.091382,-0.329703,1,1
3325,84,-0.672406,0.061987,0.110820,0.075271,1,1
3344,84,-0.752640,-0.077736,-0.048486,-0.363192,1,1
3335,84,-0.712563,0.013078,0.082065,0.045070,1,1
3348,84,-0.662298,-0.044503,-0.189099,-0.357398,1,1
3324,84,-0.757440,-0.016051,0.135068,0.046862,1,1
3336,84,-0.769883,-0.016094,0.006090,0.020975,1,1
3327,84,-0.745920,-0.008277,0.117337,0.099096,1,1
3349,84,-0.623670,-0.007404,-0.162807,-0.392148,1,1
3356,84,-0.734391,-0.035884,-0.157278,-0.366634,1,1
3332,84,-0.710283,0.017107,0.096133,0.109462,1,1
3337,84,-0.726782,0.020904,0.134547,0.027918,1,1
3339,84,-0.799819,-0.078172,0.124710,0.077343,1,1
3340,84,-0.648925,-0.068462,-0.173467,-0.458005,1,1
3329,84,-0.679007,-0.036367,0.054216,0.048407,1,1
3351,84,-0.612912,-0.031472,-0.141512,-0.454844,1,1
3334,84,-0.809847,-0.047204,0.114008,0.109515,1,1
3320,84,-0.809715,0.059529,0.051774,0.048721,1,1
3355,84,-0.743703,-0.034090,-0.106517,-0.360394,1,1
3353,84,-0.670102,-0.102991,-0.048241,-0.432944,1,1
3330,84,-0.716924,-0.006468,0.027306,0.055220,1,1
3328,84,-0.678438,-0.015715,0.116429,0.076059,1,1
3357,84,-0.667717,-0.087386,-0.041466,-0.327276,1,1
3358,84,-0.729378,0.082829,-0.103196,-0.411716,1,1
3359,84,-0.798724,0.023345,-0.050456,-0.353949,1,1
3346,84,-0.651121,-0.043663,-0.157367,-0.416222,1,1
3345,84,-0.760174,-0.107172,-0.087131,-0.412139,1,1
3354,84,-0.695309,-0.098984,0.033027,-0.387676,1,1
3350,84,-0.698160,-0.012133,-0.143370,-0.402066,1,1
3342,84,-0.757056,-0.059616,-0.153657,-0.326178,1,1
3331,84,-0.731247,-0.046733,0.112767,0.061264,1,1
3338,84,-0.714563,-0.029191,0.018418,0.051929,1,1
3323,84,-0.743191,0.058711,0.145864,0.052778,1,1
3322,84,-0.706490,-0.005185,0.115953,0.046186,1,1
3347,84,-0.725563,-0.063927,-0.085050,-0.257103,1,1
3333,84,-0.620121,-0.051707,0.085994,0.117399,1,1
3385,85,-0.744711,-0.042371,-0.043655,-0.460072,1,1
3367,85,-0.685952,0.035223,0.105569,0.162615,1,1
3387,85,-0.713062,-0.053465,-0.165885,-0.374025,1,1
3360,85,-0.716212,-0.013485,0.093944,0.098234,1,1
3394,85,-0.718034,0.003575,-0.050600,-0.395623,1,1
3365,85,-0.784603,-0.000778,0.052629,0.081745,1,1
3395,85,-0.676422,-0.023779,-0.107741,-0.411578,1,1
3396,85,-0.583857,-0.016274,-0.087161,-0.339127,1,1
3381,85,-0.708010,-0.136293,-0.100237,-0.395350,1,1
3372,85,-0.732200,-0.081722,-0.001066,0.006362,1,1
3368,85,-0.590945,0.061404,0.041069,0.080107,1,0
3383,85,-0.697154,-0.067106,-0.032219,-0.364243,1,1
3389,85,-0.732875,0.030986,-0.047822,-0.397693,1,1
3379,85,-0.692946,0.003889,0.003137,0.003303,1,1
3398,85,-0.736149,-0.054994,-0.093122,-0.385078,1,1
3390,85,-0.671356,-0.023749,-0.166656,-0.346440,1,1
3371,85,-0.738797,-0.016985,0.021542,0.095884,1,1
3382,85,-0.699245,-0.034610,-0.188618,-0.268720,1,1
3361,85,-0.705797,-0.011747,0.108347,0.091294,1,1
3373,85,-0.706880,-0.045042,0.162551,0.092876,1,1
3366,85,-0.733125,0.087222,0.151258,0.054137,1,1
3363,85,-0.669147,0.011413,0.063658,0.065153,1,1
3388,85,-0.765996,-0.042458,-0.128011,-0.319708,1,1
3397,85,-0.738259,-0.040606,-0.093657,-0.416033,1,1
3399,85,-0.698040,-0.023068,-0.085891,-0.367830,1,1
3386,85,-0.615613,-0.070036,-0.065906,-0.329011,1,1
3374,85,-0.709541,0.013320,0.064860,0.101955,1,1
3375,85,-0.774169,-0.030024,0.009263,0.083121,1,1
3377,85,-0.661073,-0.055907,0.108879,-0.046439,1,1
3393,85,-0.650234,-0.026846,-0.135718,-0.388089,1,1
3370,85,-0.718052,-0.026623,0.216913,-0.008979,1,1
3362,85,-0.705172,0.039096,0.141817,-0.012564,1,1
3376,85,-0.632610,0.054224,0.023096,0.031224,1,1
3392,85,-0.784277,-0.093536,-0.053401,-0.410515,1,1
3369,85,-0.615422,-0.027377,0.256099,0.010881,1,1
3378,85,-0.737491,-0.006773,0.084852,0.042207,1,1
3391,85,-0.700259,-0.051167,-0.020001,-0.389856,1,1
3364,85,-0.616933,-0.015397,-0.010345,0.103345,1,1
3380,85,-0.767588,-0.102398,-0.083713,-0.409980,1,1
3384,85,-0.781916,-0.114472,-0.102928,-0.287309,1,1
3424,86,-0.649557,0.016369,-0.079718,-0.386836,1,1
3434,86,-0.836868,0.053453,-0.060480,-0.473815,1,1
3435,86,-0.681011,0.010613,-0.045244,-0.381544,1,1
3421,86,-0.689844,-0.040116,-0.024886,-0.459681,1,1
3429,86,-0.765743,-0.079162,-0.164188,-0.383132,1,1
3416,86,-0.731041,-0.025717,0.090065,-0.003906,1,1
3432,86,-0.670278,-0.052218,-0.096088,-0.438713,1,1
3411,86,-0.701253,0.015843,0.079359,0.009352,1,1
3408,86,-0.664171,0.046961,0.006755,0.002945,1,1
3423,86,-0.697882,-0.058774,-0.099257,-0.381721,1,1
3419,86,-0.692901,0.080683,0.199950,0.043967,1,1
3405,86,-0.685466,-0.039971,0.062148,0.031778,1,1
3410,86,-0.712844,0.038822,0.193007,0.002709,1,1
3412,86,-0.670600,0.019370,0.132937,0.045787,1,1
3438,86,-0.767977,-0.132943,-0.189242,-0.329659,1,1
3427,86,-0.691149,-0.079117,-0.110129,-0.415077,1,1
3422,86,-0.796645,-0.027093,-0.196792,-0.337422,1,1
3437,86,-0.698766,-0.062325,-0.136244,-0.384796,1,1
3417,86,-0.803205,0.037216,0.111764,0.056004,1,1
3436,86,-0.778506,-0.019893,-0.020053,-0.440453,1,1
3409,86,-0.735055,-0.032956,0.123118,0.034090,1,1
3406,86,-0.718426,-0.029943,0.053975,0.013207,1,1
3425,86,-0.713303,-0.011777,-0.091877,-0.339702,1,1
3428,86,-0.640952,-0.026325,-0.061074,-0.338489,1,1
3413,86,-0.758839,-0.073720,0.020654,0.081208,1,1
3418,86,-0.687285,0.007547,0.045456,-0.000936,1,1
3415,86,-0.715881,-0.007966,0.167683,0.000975,1,1
3404,86,-0.764956,-0.115741,0.078408,0.108460,1,1
3400,86,-0.709740,0.041886,0.026831,0.028877,1,1
3420,86,-0.703361,-0.049666,-0.178251,-0.430695,1,1
3431,86,-0.747968,-0.023207,-0.127381,-0.408318,1,1
3439,86,-0.797131,-0.086689,-0.066986,-0.344265,1,1
3433,86,-0.700308,-0.073920,-0.120235,-0.315808,1,1
3401,86,-0.693347,-0.036349,0.078808,0.074487,1,1
3407,86,-0.692675,0.007225,0.042775,0.003086,1,1
3414,86,-0.740392,0.003297,-0.011159,0.027860,1,1
3403,86,-0.732247,0.003858,0.097226,0.096680,1,1
3426,86,-0.723476,-0.021684,-0.108255,-0.356577,1,1
3402,86,-0.660581,-0.001724,0.059751,0.059772,1,1
3430,86,-0.841493,-0.082558,-0.163640,-0.320082,0,1
3464,87,-0.790462,-0.019382,-0.103939,-0.417217,1,1
3477,87,-0.706283,-0.097203,-0.126861,-0.313671,1,1
3440,87,-0.605434,0.019489,0.029145,0.142836,1,1
3442,87,-0.697139,0.001563,0.071985,0.118998,1,1
3457,87,-0.714455,-0.056773,0.097395,0.027880,1,1
3479,87,-0.760703,-0.049694,-0.073290,-0.377601,1,1
3448,87,-0.665624,0.087521,0.077160,0.069702,1,1
3451,87,-0.615312,-0.007297,0.062489,0.065158,1,1
3473,87,-0.675735,-0.049393,-0.099394,-0.406058,1,1
3463,87,-0.724777,-0.095041,-0.058982,-0.381652,1,1
3455,87,-0.691283,-0.051505,0.045724,0.079407,1,1
3469,87,-0.726990,-0.080580,-0.173605,-0.386449,1,1
3445,87,-0.682343,0.036303,0.058179,0.092854,1,1
3452,87,-0.752879,0.046576,0.064826,0.077168,1,1
3474,87,-0.698317,-0.003045,-0.103563,-0.415748,1,1
3456,87,-0.748701,-0.020204,-0.004051,0.154639,1,1
3459,87,-0.715434,0.023902,0.018861,-0.035765,1,1
3462,87,-0.731155,-0.000257,-0.084624,-0.375395,1,1
3447,87,-0.612203,0.030662,0.064051,-0.019780,1,1
3470,87,-0.787731,-0.134938,-0.142018,-0.306598,0,1
3441,87,-0.657888,0.041622,0.123305,0.078896,1,1
3467,87,-0.817354,-0.077529,-0.140110,-0.437044,1,1
3471,87,-0.672854,0.020198,-0.040086,-0.432333,1,1
3476,87,-0.697188,-0.040729,-0.075857,-0.348024,1,1
3444,87,-0.756536,0.019749,0.077818,-0.039501,1,1
3468,87,-0.685198,-0.093840,-0.036170,-0.355486,1,1
3446,87,-0.760322,0.043320,0.140838,0.075092,1,1
3450,87,-0.605213,0.002338,0.095816,0.026597,1,1
3443,87,-0.760513,-0.116796,0.154574,0.002125,1,1
3454,87,-0.711397,0.056256,0.046987,0.102131,1,1
3458,87,-0.729220,0.035572,0.142740,0.037111,1,1
3475,87,-0.643239,-0.025133,-0.142782,-0.342202,1,1
3472,87,-0.731570,-0.063161,-0.086051,-0.402304,1,1
3465,87,-0.752532,-0.089012,-0.078955,-0.384181,1,1
3461,87,-0.670100,-0.030027,-0.076166,-0.441715,1,1
3449,87,-0.768359,-0.009148,0.119980,0.087395,1,1
3460,87,-0.770562,0.046241,-0.090389,-0.475463,1,1
3478,87,-0.726432,-0.056972,-0.009489,-0.405424,1,1
3453,87,-0.631728,-0.013894,0.055785,0.044669,1,1
3466,87,-0.681370,-0.128792,-0.071597,-0.346361,1,1
3511,88,-0.746242,-0.037420,-0.007651,-0.420802,1,1
3502,88,-0.739969,-0.004491,-0.199781,-0.375066,1,1
3494,88,-0.671700,0.007909,0.141955,0.091311,1,1
3506,88,-0.700066,-0.014537,-0.096453,-0.361641,1,1
3485,88,-0.707106,-0.035204,0.141366,0.090492,1,1
3496,88,-0.772184,0.002590,0.066276,0.179523,1,1
3505,88,-0.720588,-0.078063,-0.086124,-0.416859,1,1
3493,88,-0.677524,-0.024554,0.059960,0.054710,1,1
3515,88,-0.692229,-0.062803,-0.154343,-0.350985,1,1
3487,88,-0.733710,-0.044663,0.044771,0.103779,1,1
3510,88,-0.725460,-0.102983,-0.076908,-0.399672,1,1
3483,88,-0.794001,-0.022376,0.073551,0.005123,1,1
3497,88,-0.710078,-0.118202,0.071240,0.054730,1,1
3489,88,-0.688899,-0.034331,0.074315,-0.000980,1,1
3495,88,-0.723394,0.052897,0.102039,0.049851,1,1
3480,88,-0.673429,-0.120354,0.119114,0.093883,1,1
3491,88,-0.606171,0.012096,0.169132,0.064789,1,1
3501,88,-0.592682,-0.021968,-0.176950,-0.362113,1,1
3499,88,-0.733581,-0.099173,0.015723,0.048754,1,1
3481,88,-0.788893,0.002343,0.063647,0.096406,1,1
3503,88,-0.793704,-0.074981,-0.080219,-0.399814,1,1
3509,88,-0.724400,-0.078488,-0.163008,-0.403078,1,1
3486,88,-0.583901,-0.056773,0.069790,0.208365,1,1
3512,88,-0.711324,-0.044075,-0.121305,-0.350151,1,1
3492,88,-0.757981,0.047822,0.098082,0.007776,1,1
3498,88,-0.728933,0.080400,0.103492,0.094072,1,1
3508,88,-0.717945,-0.097392,-0.050796,-0.367842,1,1
3504,88,-0.753586,0.017724,-0.120596,-0.385062,1,1
3519,88,-0.707264,-0.037109,-0.125052,-0.282774,1,1
3516,88,-0.710128,-0.027637,-0.114676,-0.300861,1,1
3484,88,-0.679186,-0.075131,0.118972,0.096012,1,1
3518,88,-0.728899,-0.055242,-0.166307,-0.409652,1,1
3482,88,-0.785328,-0.051840,0.010568,0.067444,1,1
3517,88,-0.793241,-0.107414,-0.063004,-0.311639,1,1
3514,88,-0.767972,0.020190,-0.046351,-0.367626,1,1
3513,88,-0.696173,-0.047470,-0.060360,-0.478613,1,1
3507,88,-0.839017,0.031146,-0.038751,-0.416140,1,1
3488,88,-0.702522,-0.013735,0.079307,-0.014572,1,1
3500,88,-0.657004,-0.007802,-0.050931,-0.404857,1,1
3490,88,-0.723035,0.018591,0.042331,0.019465,1,1
3545,89,-0.744363,-0.079598,-0.041545,-0.345765,1,1
3524,89,-0.699103,-0.060005,0.107284,0.040041,1,1
3548,89,-0.700331,-0.083888,-0.055837,-0.405917,1,1
3537,89,-0.689678,0.065925,0.020367,-0.023859,1,1
3540,89,-0.714361,-0.065006,-0.072360,-0.288522,1,1
3533,89,-0.753593,0.041468,0.041110,0.057185,1,1
3532,89,-0.664421,-0.040397,0.084531,0.036126,1,1
3535,89,-0.651844,0.032404,0.055266,-0.039450,1,1
3538,89,-0.638516,-0.058190,-0.026980,0.093050,1,1
3543,89,-0.646561,-0.083476,-0.072497,-0.383668,1,1
3549,89,-0.746134,-0.008229,-0.063444,-0.346298,1,1
3556,89,-0.703314,-0.049124,-0.074388,-0.414521,1,1
3541,89,-0.702327,-0.010339,-0.098171,-0.480962,1,1
3554,89,-0.678926,-0.024106,-0.046430,-0.383662,1,1
3527,89,-0.647768,-0.034586,0.025969,-0.066979,1,1
3550,89,-0.803043,0.019564,-0.068381,-0.362119,1,1
3531,89,-0.689842,0.075402,0.056820,0.118354,1,1
3522,89,-0.707620,-0.053426,0.080334,0.074167,1,1
3529,89,-0.786501,0.006345,0.079711,0.044038,1,1
3559,89,-0.719969,-0.002552,-0.088593,-0.259837,1,1
3542,89,-0.736636,-0.028581,-0.119733,-0.290459,1,1
3546,89,-0.732667,-0.071518,-0.120467,-0.365863,1,1
3553,89,-0.702668,-0.044442,-0.099863,-0.388445,1,1
3520,89,-0.694917,0.025783,0.156453,0.045521,1,1
3525,89,-0.634668,0.015526,0.127784,0.023040,1,1
3530,89,-0.726175,-0.071230,-0.000641,0.147111,1,1
3526,89,-0.741108,0.133980,0.062284,0.134944,1,0
3534,89,-0.676528,-0.058144,0.104263,0.067980,1,1
3521,89,-0.679800,-0.046312,0.112299,0.083628,1,1
3544,89,-0.686962,0.050725,-0.137314,-0.405287,1,1
3528,89,-0.619074,0.003318,0.067040,0.093280,1,1
3557,89,-0.738475,-0.054697,-0.057866,-0.399245,1,1
3558,89,-0.647062,-0.053304,-0.037181,-0.419280,1,1
3536,89,-0.715115,-0.024973,0.111417,0.069108,1,1
3552,89,-0.724791,-0.084111,-0.050214,-0.349335,1,1
3523,89,-0.693424,0.092004,0.080797,-0.026721,1,1
3551,89,-0.757737,-0.031397,-0.093930,-0.446683,1,1
3555,89,-0.661491,-0.022063,-0.086527,-0.302433,1,1
3547,89,-0.726012,-0.016532,-0.107424,-0.439592,1,1
3539,89,-0.594146,0.030218,0.105314,0.171230,1,1
3591,90,-0.743564,-0.072272,-0.164812,-0.330488,1,1
3573,90,-0.710452,0.023959,0.047666,0.064768,1,1
3582,90,-0.679413,-0.131874,-0.026332,-0.438464,1,1
3599,90,-0.726763,-0.047811,-0.106947,-0.359153,1,1
3560,90,-0.674493,0.066036,0.036570,-0.038840,1,1
3583,90,-0.696526,-0.046557,-0.181760,-0.473311,1,1
3578,90,-0.598555,0.099254,0.086463,0.027728,1,0
3568,90,-0.685594,-0.000476,0.068672,0.006105,1,1
3584,90,-0.715985,-0.119321,-0.117660,-0.305889,1,1
3580,90,-0.731957,-0.097640,-0.062714,-0.359417,1,1
3565,90,-0.743173,-0.064300,-0.004534,0.092854,1,1
3564,90,-0.734578,-0.065726,0.091230,0.087234,1,1
3569,90,-0.775541,-0.027351,0.196929,0.120519,1,1
3576,90,-0.703046,0.123327,0.129304,0.002952,1,0
3597,90,-0.709174,-0.010016,-0.114636,-0.338319,1,1
3586,90,-0.701695,-0.077183,-0.058660,-0.405846,1,1
3561,90,-0.795199,0.109508,0.075169,0.023653,1,0
3575,90,-0.811928,0.040182,0.137801,0.026012,1,1
3594,90,-0.729070,-0.033083,-0.075533,-0.376211,1,1
3587,90,-0.708285,-0.047623,-0.070482,-0.457090,1,1
3567,90,-0.592999,-0.050053,0.143739,0.043208,1,1
3570,90,-0.600679,0.035897,0.080689,0.099194,1,1
3585,90,-0.735890,-0.034330,-0.092159,-0.298147,1,1
3593,90,-0.639041,-0.087627,-0.118812,-0.501246,1,1
3588,90,-0.747515,-0.075581,-0.017317,-0.426534,1,1
3571,90,-0.590975,0.094141,0.073495,0.031634,1,0
3577,90,-0.650664,0.042127,0.167684,0.104502,1,1
3574,90,-0.755724,0.046956,0.085881,0.032854,1,1
3563,90,-0.667874,0.000100,0.102794,0.050100,1,1
3592,90,-0.781862,-0.083640,-0.067119,-0.369334,1,1
3595,90,-0.767800,-0.069671,-0.132637,-0.436674,1,1
3581,90,-0.648271,0.012630,-0.114258,-0.414792,1,1
3566,90,-0.675387,-0.012509,0.116412,0.085943,1,1
3590,90,-0.747233,-0.018501,-0.110869,-0.356318,1,1
3598,90,-0.822243,0.018515,-0.021345,-0.280299,1,1
3596,90,-0.708228,-0.054110,0.075359,-0.342180,1,1
3589,90,-0.822691,-0.107578,-0.108374,-0.282831,0,1
3562,90,-0.629623,-0.027444,0.115036,0.022911,1,1
3572,90,-0.757634,-0.035940,0.119394,0.005035,1,1
3579,90,-0.704570,0.059887,0.080240,0.063589,1,1
3609,91,-0.654613,-0.022581,0.083758,0.122080,1,1
3617,91,-0.736100,-0.043658,0.053689,0.142758,1,1
3618,91,-0.700992,-0.000462,0.124796,0.039108,1,1
3611,91,-0.731035,0.041063,0.105283,0.062717,1,1
3632,91,-0.678010,0.057819,-0.128389,-0.406289,1,1
3629,91,-0.704597,-0.061418,-0.087100,-0.402048,1,1
3607,91,-0.716185,0.002074,0.059609,0.112004,1,1
3624,91,-0.733241,-0.008228,-0.150993,-0.401758,1,1
3602,91,-0.661100,-0.017100,-0.076133,0.070759,1,1
3630,91,-0.707660,0.005786,-0.152054,-0.334080,1,1
3620,91,-0.738064,-0.078420,-0.080127,-0.394349,1,1
3631,91,-0.745829,-0.023353,-0.013598,-0.340229,1,1
3636,91,-0.760410,-0.027841,-0.109448,-0.427679,1,1
3603,91,-0.632686,-0.041573,0.049523,0.121542,1,1
3613,91,-0.660667,0.083353,0.112602,0.077949,1,1
3638,91,-0.718399,-0.017609,-0.097468,-0.385094,1,1
3615,91,-0.733006,-0.019391,0.064564,0.151754,1,1
3616,91,-0.711294,0.036410,0.071750,0.044245,1,1
3627,91,-0.734918,-0.008538,-0.085004,-0.448393,1,1
3625,91,-0.715995,-0.050528,-0.144335,-0.405944,1,1
3619,91,-0.709731,-0.038080,0.032918,0.081136,1,1
3614,91,-0.653629,0.009328,0.068740,0.162494,1,1
3637,91,-0.728015,-0.022665,-0.047347,-0.369386,1,1
3634,91,-0.598358,-0.100427,-0.139327,-0.291027,1,1
3604,91,-0.672729,-0.000650,0.085756,0.083268,1,1
3601,91,-0.657007,-0.081440,0.058437,0.101419,1,1
3623,91,-0.699869,-0.088671,-0.072757,-0.399612,1,1
3600,91,-0.697248,-0.082694,0.082376,0.116921,1,1
3635,91,-0.655787,-0.123736,-0.110527,-0.344931,1,1
3606,91,-0.713264,-0.061624,0.055189,0.141143,1,1
3612,91,-0.694316,0.031705,0.058180,0.132627,1,1
3621,91,-0.699342,-0.060501,-0.056144,-0.428791,1,1
3622,91,-0.719793,-0.037813,-0.087512,-0.327273,1,1
3608,91,-0.636643,-0.065908,0.037625,0.134557,1,1
3639,91,-0.726431,0.005816,-0.050473,-0.282978,1,1
3605,91,-0.713320,0.105032,0.099184,0.120656,1,0
3633,91,-0.646576,0.020782,-0.136101,-0.392680,1,1
3610,91,-0.615085,-0.048990,0.024331,0.014454,1,1
3628,91,-0.725444,-0.022398,-0.040120,-0.366440,1,1
3626,91,-0.752798,-0.085707,-0.073057,-0.377951,1,1
3664,92,-0.711129,-0.095824,-0.006181,-0.422196,1,1
3655,92,-0.681303,-0.017067,0.092238,0.012467,1,1
3674,92,-0.759772,-0.065756,-0.061750,-0.405481,1,1
3667,92,-0.710642,-0.110251,-0.148358,-0.410813,1,1
3661,92,-0.718988,0.019788,-0.043018,-0.301822,1,1
3645,92,-0.722080,0.041901,0.013427,0.039822,1,1
3669,92,-0.776460,-0.053188,0.018269,-0.469244,1,1
3646,92,-0.792362,0.000755,0.047224,0.091986,1,1
3649,92,-0.706774,0.052399,0.066473,0.048529,1,1
3662,92,-0.776068,-0.025664,-0.154020,-0.462659,1,1
3676,92,-0.727183,-0.069623,-0.074435,-0.381550,1,1
3679,92,-0.740582,-0.069305,-0.075017,-0.320688,1,1
3663,92,-0.702135,-0.074521,-0.081361,-0.351849,1,1
3644,92,-0.806448,-0.049016,0.080565,-0.032758,1,1
3641,92,-0.746155,0.070095,0.055084,0.189920,1,1
3673,92,-0.664507,-0.032279,-0.083749,-0.398659,1,1
3666,92,-0.626696,-0.061752,-0.108137,-0.328406,1,1
3659,92,-0.739802,0.020924,0.121682,0.116512,1,1
3647,92,-0.699236,-0.023741,0.125528,0.093431,1,1
3658,92,-0.700321,-0.074799,0.113080,0.105379,1,1
3643,92,-0.657826,0.002435,0.062827,0.008865,1,1
3670,92,-0.683888,-0.071822,-0.053244,-0.404132,1,1
3651,92,-0.694151,-0.007582,0.106176,0.147463,1,1
3671,92,-0.731807,-0.059774,-0.099508,-0.350686,1,1
3642,92,-0.630849,-0.016281,-0.023750,0.057050,1,1
3640,92,-0.616123,0.014761,0.045771,0.089297,1,1
3657,92,-0.641124,-0.021670,0.035432,0.159442,1,1
3675,92,-0.704917,-0.043246,-0.168808,-0.331687,1,1
3652,92,-0.734571,0.030896,-0.080711,0.077170,1,1
3654,92,-0.733874,-0.002519,0.098617,0.153046,1,1
3665,92,-0.779043,-0.057722,-0.065798,-0.354662,1,1
3653,92,-0.651999,-0.069553,0.043902,0.200410,1,1
3677,92,-0.745467,-0.113005,-0.135246,-0.397103,1,1
3668,92,-0.658419,-0.119547,-0.096148,-0.304372,1,1
3648,92,-0.767307,0.036280,0.103666,0.075101,1,1
3656,92,-0.637325,-0.021421,-0.004084,0.077598,1,1
3672,92,-0.643341,-0.153807,-0.076698,-0.481502,0,1
3650,92,-0.793491,0.065154,0.170399,0.080443,1,1
3678,92,-0.722310,-0.077165,-0.167710,-0.366924,1,1
3660,92,-0.651965,-0.064047,-0.050556,-0.329002,1,1
3683,93,-0.683532,0.004084,0.047016,0.159896,1,1
3708,93,-0.648835,-0.030369,-0.055858,-0.303013,1,1
3718,93,-0.717298,-0.079268,-0.138770,-0.421107,1,1
3704,93,-0.776777,-0.107922,-0.090760,-0.386977,1,1
3706,93,-0.694891,-0.145909,-0.135276,-0.396086,1,1
3684,93,-0.696143,0.024738,0.074158,0.031425,1,1
3715,93,-0.758226,-0.069454,-0.174520,-0.302034,1,1
3681,93,-0.674789,0.043398,0.080668,0.068256,1,1
3699,93,-0.651900,0.032343,0.128847,0.154749,1,1
3693,93,-0.779709,-0.092303,0.046403,0.093704,1,1
3698,93,-0.696380,-0.054093,-0.011730,0.125967,1,1
3686,93,-0.616096,-0.035150,0.049323,0.021258,1,1
3700,93,-0.789442,-0.073348,-0.093418,-0.509527,1,1
3694,93,-0.801058,-0.011273,-0.010250,-0.017726,1,1
3710,93,-0.658620,0.051551,-0.106496,-0.219259,1,1
3688,93,-0.732456,-0.000590,0.048607,0.106639,1,1
3703,93,-0.694852,0.012572,-0.126924,-0.360817,1,1
3717,93,-0.688444,-0.059340,-0.048986,-0.444165,1,1
3691,93,-0.730712,0.078046,0.099465,0.103219,1,1
3707,93,-0.623703,-0.026745,-0.060239,-0.388666,1,1
3711,93,-0.643354,0.053270,0.048858,-0.415864,1,1
3701,93,-0.762726,0.048013,-0.162633,-0.441258,1,1
3716,93,-0.708931,-0.120845,-0.017570,-0.324149,1,1
3682,93,-0.724547,0.015060,-0.054189,0.212873,1,1
3696,93,-0.714795,0.034085,0.023299,0.194466,1,1
3692,93,-0.631552,0.078913,0.071275,0.126891,1,1
3690,93,-0.678783,0.004040,0.081799,0.054751,1,1
3697,93,-0.659632,-0.042779,0.066694,0.218523,1,1
3687,93,-0.646488,-0.024435,0.133037,0.089193,1,1
3713,93,-0.768810,-0.036648,-0.066215,-0.314773,1,1
3719,93,-0.752124,-0.027221,-0.038960,-0.447430,1,1
3685,93,-0.712353,0.088777,0.035412,0.082931,1,1
3702,93,-0.744709,-0.094931,-0.027438,-0.403506,1,1
3689,93,-0.662157,-0.034843,0.021747,0.067791,1,1
3712,93,-0.710884,0.037887,-0.072650,-0.288329,1,1
3705,93,-0.695444,0.043880,-0.103243,-0.420743,1,1
3709,93,-0.748017,-0.045826,-0.100895,-0.343542,1,1
3695,93,-0.706599,-0.056782,0.085514,0.054315,1,1
3714,93,-0.644154,-0.045277,-0.063399,-0.374157,1,1
3680,93,-0.667682,0.029306,-0.009448,0.097936,1,1
3738,94,-0.678753,-0.036410,0.086926,0.195294,1,1
3758,94,-0.698287,0.068584,-0.054719,-0.290099,1,1
3750,94,-0.713317,0.018766,-0.080654,-0.412279,1,1
3748,94,-0.731032,-0.072896,-0.077394,-0.322122,1,1
3754,94,-0.685942,-0.106149,-0.080653,-0.295124,1,1
3741,94,-0.707608,-0.075570,-0.040105,-0.351726,1,1
3723,94,-0.780115,0.006039,0.033155,0.061525,1,1
3753,94,-0.650745,-0.062287,-0.015681,-0.406445,1,1
3728,94,-0.684544,0.090154,0.024228,0.051758,1,1
3757,94,-0.751470,0.022357,-0.101929,-0.356923,1,1
3736,94,-0.647697,-0.037612,0.084954,0.105244,1,1
3755,94,-0.716519,-0.032185,-0.043852,-0.273692,1,1
3725,94,-0.686643,-0.041057,0.133358,0.089493,1,1
3726,94,-0.655411,-0.116942,0.113395,0.098072,1,1
3740,94,-0.841394,-0.052648,-0.046743,-0.358848,0,1
3737,94,-0.565174,-0.085015,0.121208,0.086340,1,1
3733,94,-0.712883,0.030195,0.055351,0.134310,1,1
3722,94,-0.668720,-0.107844,0.009180,0.186914,1,1
3749,94,-0.687911,0.031875,-0.062218,-0.339623,1,1
3720,94,-0.697902,0.051834,0.115369,0.125164,1,1
3756,94,-0.754699,-0.023319,-0.048691,-0.314480,1,1
3735,94,-0.676916,0.115194,0.047821,0.085289,1,0
3739,94,-0.769769,-0.067885,0.068183,0.022412,1,1
3747,94,-0.730764,0.015000,-0.059196,-0.378114,1,1
3752,94,-0.821425,-0.150264,-0.169216,-0.352730,0,1
3743,94,-0.777206,-0.114518,-0.017822,-0.353360,1,1
3745,94,-0.708750,-0.081489,-0.170344,-0.396438,1,1
3732,94,-0.753674,-0.043233,-0.039777,0.040620,1,1
3759,94,-0.720869,-0.038346,-0.103242,-0.352446,1,1
3751,94,-0.588103,0.004114,-0.104872,-0.364841,1,1
3727,94,-0.659077,0.036555,0.109373,0.116801,1,1
3742,94,-0.653761,-0.126239,-0.125637,-0.338844,1,1
3721,94,-0.696772,-0.022202,0.000396,0.100061,1,1
3731,94,-0.653281,0.004195,0.028879,0.019042,1,1
3730,94,-0.729770,0.062254,0.107450,0.110088,1,1
3746,94,-0.728449,-0.053555,-0.075734,-0.502006,1,1
3729,94,-0.649888,0.027259,0.031076,0.130414,1,1
3744,94,-0.630037,-0.042859,-0.074043,-0.321308,1,1
3734,94,-0.719615,0.013237,0.101941,0.132818,1,1
3724,94,-0.633734,-0.017175,0.010068,0.002423,1,1
3774,95,-0.690303,0.042381,-0.034562,0.075172,1,1
3796,95,-0.688875,-0.099935,-0.055906,-0.407582,1,1
3798,95,-0.668653,-0.094295,-0.111684,-0.371062,1,1
3795,95,-0.738037,-0.079938,-0.053372,-0.348276,1,1
3784,95,-0.655626,0.040904,-0.101845,-0.383179,1,1
3775,95,-0.696535,-0.059642,0.027773,0.036240,1,1
3764,95,-0.843938,-0.009801,0.063622,0.098031,1,1
3773,95,-0.689259,0.031209,0.132742,0.053185,1,1
3789,95,-0.671801,0.014514,-0.072807,-0.361056,1,1
3790,95,-0.752302,-0.032579,-0.110669,-0.330841,1,1
3782,95,-0.701994,-0.023478,-0.167434,-0.357876,1,1
3761,95,-0.648673,-0.019602,0.063992,0.063807,1,1
3787,95,-0.672560,0.006453,-0.202635,-0.320939,1,1
3793,95,-0.751063,-0.145040,-0.114405,-0.354723,0,1
3772,95,-0.685311,0.004380,0.058638,0.109476,1,1
3765,95,-0.708267,-0.070700,0.015019,0.136550,1,1
3762,95,-0.643235,-0.043266,0.065435,0.109475,1,1
3769,95,-0.673059,0.030659,0.045038,0.102572,1,1
3778,95,-0.685913,-0.003210,0.120826,0.063378,1,1
3799,95,-0.721021,0.005481,-0.104180,-0.427355,1,1
3770,95,-0.659715,0.016839,0.064130,0.156305,1,1
3794,95,-0.809590,-0.126612,-0.069868,-0.330836,0,1
3791,95,-0.691574,-0.016600,-0.171668,-0.369039,1,1
3768,95,-0.678629,0.016464,0.082074,0.111773,1,1
3771,95,-0.620069,-0.044852,0.017165,0.105451,1,1
3785,95,-0.772816,0.071330,-0.081703,-0.404869,1,1
3781,95,-0.697968,-0.059858,-0.026300,-0.376262,1,1
3767,95,-0.739850,-0.031044,0.039856,0.101121,1,1
3788,95,-0.681885,-0.009152,-0.174744,-0.430057,1,1
3786,95,-0.645586,-0.095512,-0.042620,-0.319944,1,1
3783,95,-0.611849,-0.105814,-0.095401,-0.472503,1,1
3777,95,-0.734407,0.014137,0.054261,0.071877,1,1
3780,95,-0.617762,-0.013535,-0.058657,-0.414718,1,1
3776,95,-0.755001,-0.003887,0.069273,0.092193,1,1
3763,95,-0.718896,0.058228,0.134319,0.007774,1,1
3779,95,-0.717066,0.019710,0.058364,0.082420,1,1
3792,95,-0.704838,-0.114039,0.004416,-0.363319,1,1
3760,95,-0.684349,-0.001057,0.072496,0.098548,1,1
3797,95,-0.699907,-0.116367,-0.111829,-0.249121,1,1
3766,95,-0.694766,-0.020052,0.021998,0.127278,1,1
3816,96,-0.700028,0.010382,0.053712,0.024768,1,1
3824,96,-0.713777,-0.013828,-0.057100,-0.382485,1,1
3804,96,-0.691551,-0.031625,0.116706,0.028266,1,1
3839,96,-0.620902,-0.014860,-0.074624,-0.316751,1,1
3809,96,-0.679449,-0.058402,0.055670,0.089657,1,1
3826,96,-0.753403,-0.106405,-0.025607,-0.390453,1,1
3821,96,-0.684396,0.011703,-0.186148,-0.284585,1,1
3819,96,-0.737317,-0.018502,0.081711,0.120893,1,1
3820,96,-0.638467,0.019127,-0.065601,-0.358885,1,1
3806,96,-0.689614,-0.004798,0.097238,0.061647,1,1
3812,96,-0.703344,0.022835,0.034833,0.199885,1,1
3837,96,-0.734815,0.013560,-0.098053,-0.396135,1,1
3825,96,-0.783404,-0.048028,-0.170086,-0.402216,1,1
3811,96,-0.698954,0.017515,0.013047,0.032206,1,1
3838,96,-0.687545,-0.093062,-0.082708,-0.403893,1,1
3829,96,-0.655453,0.033309,-0.200019,-0.411368,1,1
3835,96,-0.770449,-0.125188,-0.122433,-0.294416,1,1
3827,96,-0.718074,-0.072550,-0.100405,-0.347974,1,1
3803,96,-0.640557,0.021173,0.159023,0.162373,1,1
3801,96,-0.731264,0.053298,0.054745,0.098113,1,1
3830,96,-0.647214,0.013489,-0.112046,-0.281370,1,1
3813,96,-0.679987,-0.003731,0.047481,0.087122,1,1
3814,96,-0.733716,0.036473,0.053489,0.070188,1,1
3836,96,-0.786889,-0.042176,-0.047813,-0.389117,1,1
3802,96,-0.670791,0.003235,0.063183,0.098437,1,1
3833,96,-0.762322,-0.037444,-0.034292,-0.337018,1,1
3834,96,-0.683073,-0.054450,-0.086026,-0.418463,1,1
3807,96,-0.784596,0.043347,0.053231,0.157482,1,1
3805,96,-0.684896,0.061056,0.216813,0.104108,1,1
3810,96,-0.721814,0.092073,0.144869,0.123450,1,1
3822,96,-0.726876,-0.028989,-0.068926,-0.346671,1,1
3828,96,-0.689558,0.027654,-0.172371,-0.426982,1,1
3815,96,-0.709549,-0.007534,0.075700,0.110124,1,1
3831,96,-0.749198,-0.065197,-0.058837,-0.314551,1,1
3832,96,-0.682951,-0.063385,-0.119463,-0.339443,1,1
3818,96,-0.716094,0.036631,0.032748,0.037874,1,1
3808,96,-0.668397,0.002664,0.100785,0.049775,1,1
3800,96,-0.722507,-0.088523,0.119638,0.037457,1,1
3823,96,-0.709066,-0.100927,-0.114102,-0.348348,1,1
3817,96,-0.735256,-0.012353,0.034163,0.132834,1,1
3868,97,-0.764785,-0.024489,-0.030866,-0.418452,1,1
3844,97,-0.691479,-0.034922,0.069012,0.132862,1,1
3875,97,-0.713332,-0.105231,-0.073114,-0.353331,1,1
3874,97,-0.734541,-0.043379,-0.146821,-0.364634,1,1
3840,97,-0.635848,0.047095,0.160632,0.043563,1,1
3877,97,-0.764709,0.060808,-0.048873,-0.469429,1,1
3852,97,-0.707740,-0.063254,0.098587,0.168093,1,1
3858,97,-0.813996,-0.056057,0.028762,0.105254,1,1
3872,97,-0.643740,-0.086899,-0.057330,-0.351873,1,1
3878,97,-0.747041,0.006883,-0.058731,-0.422033,1,1
3857,97,-0.664958,0.100658,0.063118,0.151755,1,0
3862,97,-0.799273,-0.024321,-0.071024,-0.330320,1,1
3841,97,-0.755594,-0.016840,0.043379,0.163062,1,1
3850,97,-0.744926,0.000978,0.129450,0.131138,1,1
3846,97,-0.851367,0.109234,0.065731,0.084704,1,0
3842,97,-0.692056,-0.004588,0.083233,0.099334,1,1
3847,97,-0.669600,0.018493,0.071935,0.066928,1,1
3851,97,-0.709716,-0.014393,-0.035351,0.089191,1,1
3848,97,-0.719591,-0.007124,0.011119,0.004685,1,1
3863,97,-0.726638,-0.045357,-0.131717,-0.396703,1,1
3865,97,-0.691513,-0.138474,-0.135272,-0.429247,1,1
3866,97,-0.762893,-0.008603,-0.122767,-0.406800,1,1
3853,97,-0.647403,0.024258,0.024215,0.057093,1,1
3860,97,-0.679575,-0.004510,-0.162442,-0.357337,1,1
3861,97,-0.669393,-0.021105,-0.023488,-0.386604,1,1
3869,97,-0.797553,-0.049719,-0.170082,-0.325544,1,1
3879,97,-0.733527,-0.053151,-0.019520,-0.389729,1,1
3864,97,-0.686280,0.047099,-0.131104,-0.488012,1,1
3859,97,-0.637220,-0.002813,0.038152,0.100005,1,1
3855,97,-0.692930,-0.008062,0.130760,0.072676,1,1
3856,97,-0.657275,-0.016185,-0.021753,0.036687,1,1
3871,97,-0.636759,-0.068063,-0.151165,-0.352206,1,1
3843,97,-0.698136,0.070011,0.033106,0.014747,1,1
3849,97,-0.746108,-0.031001,0.003080,0.036135,1,1
3873,97,-0.736551,0.035035,-0.062672,-0.329006,1,1
3854,97,-0.767083,-0.030028,-0.009963,0.162261,1,1
3876,97,-0.683987,-0.115400,-0.203118,-0.334167,1,1
3870,97,-0.663639,-0.051262,-0.083908,-0.426280,1,1
3867,97,-0.644251,0.011242,-0.079496,-0.398449,1,1
3845,97,-0.711511,0.011445,0.121071,0.070251,1,1
3893,98,-0.745633,0.028926,0.045180,0.111556,1,1
3880,98,-0.696232,0.022823,0.048271,0.145055,1,1
3897,98,-0.612010,0.032415,0.062409,0.006585,1,1
3884,98,-0.665238,-0.044611,0.067866,0.094991,1,1
3896,98,-0.727766,0.053600,0.028295,0.100951,1,1
3906,98,-0.656700,-0.121041,-0.086233,-0.368202,1,1
3889,98,-0.639570,-0.014873,0.031812,0.159771,1,1
3888,98,-0.689644,-0.013720,0.034122,0.029709,1,1
3919,98,-0.587707,-0.107791,-0.127807,-0.410959,0,1
3908,98,-0.650241,-0.058352,-0.070712,-0.355362,1,1
3918,98,-0.667499,-0.050576,-0.153333,-0.304522,1,1
3901,98,-0.692174,0.014758,-0.087167,-0.446032,1,1
3911,98,-0.677218,-0.078042,-0.086099,-0.340455,1,1
3913,98,-0.665969,-0.132617,-0.123948,-0.420004,1,1
3883,98,-0.622665,-0.093673,-0.023632,0.036291,1,1
3910,98,-0.653005,-0.104332,-0.087304,-0.382105,1,1
3895,98,-0.692004,-0.037512,0.025091,0.078228,1,1
3904,98,-0.691882,-0.074832,-0.189171,-0.363438,1,1
3900,98,-0.645698,-0.045716,-0.113298,-0.425670,1,1
3898,98,-0.726173,-0.049117,0.057921,0.193011,1,1
3886,98,-0.612490,-0.008683,-0.008730,0.093705,1,1
3890,98,-0.601981,0.052082,0.055355,0.154502,1,1
3899,98,-0.694889,-0.002284,-0.029878,0.104876,1,1
3905,98,-0.746421,-0.013401,-0.113549,-0.400515,1,1
3881,98,-0.612499,-0.004533,-0.033460,0.086893,1,1
3902,98,-0.756559,-0.028967,-0.052718,-0.385219,1,1
3916,98,-0.629562,-0.057816,-0.136801,-0.456476,1,1
3917,98,-0.694042,-0.141116,-0.094808,-0.325796,1,1
3882,98,-0.787317,0.024677,0.053446,0.123599,1,1
3885,98,-0.722774,0.032523,0.054705,0.083019,1,1
3887,98,-0.665522,-0.033055,0.002425,0.041405,1,1
3909,98,-0.764962,-0.060339,-0.039281,-0.388415,1,1
3915,98,-0.769387,-0.046038,-0.134242,-0.403102,1,1
3891,98,-0.685327,-0.011480,0.064449,0.132005,1,1
3894,98,-0.779943,0.085101,0.019378,0.144402,1,0
3892,98,-0.628076,0.052206,0.110047,0.140445,1,1
3903,98,-0.667371,-0.011514,-0.050403,-0.376800,1,1
3907,98,-0.778978,-0.022858,-0.041787,-0.431603,1,1
3912,98,-0.806325,-0.040952,-0.113320,-0.308456,1,1
3914,98,-0.729744,-0.009071,-0.110817,-0.368945,1,1
3948,99,-0.718147,-0.055302,-0.165073,-0.364813,1,1
3936,99,-0.708090,-0.007672,0.086109,0.048486,1,1
3958,99,-0.652895,-0.058228,-0.050357,-0.252159,1,1
3921,99,-0.682627,0.026720,0.122858,0.092595,1,1
3932,99,-0.714698,0.103644,0.053776,0.096692,1,0
3945,99,-0.771403,-0.030207,-0.067712,-0.356231,1,1
3950,99,-0.749332,0.025998,-0.110290,-0.381680,1,1
3924,99,-0.720784,0.046039,0.040415,0.077333,1,1
3952,99,-0.646760,-0.065171,-0.109332,-0.401461,1,1
3927,99,-0.722681,-0.084833,0.123286,0.098229,1,1
3938,99,-0.677974,-0.030163,-0.008893,0.035695,1,1
3935,99,-0.782702,0.038142,-0.005781,0.180983,1,1
3954,99,-0.626397,-0.057403,-0.162556,-0.412873,1,1
3957,99,-0.672644,-0.088332,-0.062605,-0.366026,1,1
3939,99,-0.808850,0.067959,0.106713,0.030162,1,0
3931,99,-0.638419,0.034660,0.185057,0.094669,1,1
3944,99,-0.741635,-0.031077,-0.095746,-0.368778,1,1
3934,99,-0.783125,0.013257,0.077281,0.072748,1,1
3923,99,-0.711878,0.031468,0.077362,0.116037,1,1
3942,99,-0.565186,-0.025984,-0.008543,-0.366692,1,1
3943,99,-0.704360,-0.067212,-0.003554,-0.375159,1,1
3955,99,-0.695589,-0.061296,-0.103017,-0.474783,1,1
3941,99,-0.626077,-0.022961,-0.052317,-0.401428,1,1
3933,99,-0.672205,0.013976,-0.052257,0.126108,1,1
3928,99,-0.686187,0.021140,0.091032,0.063169,1,1
3929,99,-0.642256,-0.054885,0.045846,0.150183,1,1
3946,99,-0.712902,-0.080533,0.017988,-0.485385,1,1
3959,99,-0.695579,-0.027434,-0.112461,-0.391711,1,1
3951,99,-0.728654,-0.104062,-0.095329,-0.329732,1,1
3925,99,-0.742536,-0.030272,-0.001538,0.137813,1,1
3940,99,-0.668559,-0.045865,-0.100057,-0.403028,1,1
3949,99,-0.650409,-0.034121,-0.118857,-0.398900,1,1
3922,99,-0.613870,-0.045335,0.184945,0.169621,1,1
3947,99,-0.672269,-0.025571,-0.130320,-0.380902,1,1
3920,99,-0.582111,0.017355,0.036010,0.043150,1,1
3956,99,-0.700496,-0.074242,-0.059654,-0.329939,1,1
3953,99,-0.655068,-0.049422,-0.075403,-0.358718,1,1
3937,99,-0.740938,-0.002209,0.076713,0.091256,1,1
3930,99,-0.688269,0.015894,0.055627,0.193805,1,1
3926,99,-0.795975,-0.019088,0.102030,-0.001752,1,1
3977,100,-0.613673,0.025315,0.181488,0.110381,1,1
3993,100,-0.673970,-0.014208,-0.086328,-0.425991,1,1
3963,100,-0.695227,0.004855,0.078647,0.195885,1,1
3966,100,-0.691490,0.009510,0.095756,0.155457,1,1
3986,100,-0.717217,-0.029861,-0.181458,-0.444593,1,1
3989,100,-0.633300,-0.112574,-0.099703,-0.414941,1,1
3982,100,-0.779400,-0.082777,-0.043447,-0.417017,1,1
3976,100,-0.702625,-0.058171,-0.047777,0.092830,1,1
3962,100,-0.654570,-0.018526,0.017206,0.063997,1,1
3988,100,-0.639300,-0.035582,0.044572,-0.381818,1,1
3995,100,-0.619373,-0.047476,-0.054268,-0.396345,1,1
3971,100,-0.705205,-0.040684,0.075171,0.038686,1,1
3983,100,-0.793741,-0.076058,-0.007967,-0.396115,1,1
3967,100,-0.669689,-0.025481,0.087891,0.107620,1,1
3979,100,-0.641286,0.002480,0.063606,0.122685,1,1
3961,100,-0.715240,0.013373,0.085990,0.066248,1,1
3970,100,-0.641801,0.059678,0.109393,0.041202,1,1
3999,100,-0.763141,-0.104828,-0.026884,-0.416859,1,1
3968,100,-0.724765,-0.024975,0.048991,0.141306,1,1
3975,100,-0.732898,-0.029608,0.018968,0.104519,1,1
3998,100,-0.821533,0.021081,-0.099212,-0.388043,1,1
3969,100,-0.767319,0.070557,-0.029025,0.029408,1,1
3974,100,-0.670004,-0.062764,-0.003290,0.152933,1,1
3997,100,-0.746753,0.068061,-0.077455,-0.300288,1,1
3990,100,-0.751381,-0.041034,-0.042056,-0.327049,1,1
3981,100,-0.694566,-0.082141,-0.069985,-0.381204,1,1
3996,100,-0.684475,-0.063371,-0.076113,-0.439718,1,1
3987,100,-0.692744,-0.101283,-0.078722,-0.363850,1,1
3985,100,-0.724596,-0.008968,-0.132288,-0.422952,1,1
3965,100,-0.540657,0.027684,0.031118,0.113323,1,0
3991,100,-0.725493,-0.012483,-0.112052,-0.407091,1,1
3994,100,-0.730224,-0.110777,-0.020463,-0.331483,1,1
3973,100,-0.690373,0.009328,-0.046095,0.135432,1,1
3972,100,-0.675840,0.047380,0.141930,0.198517,1,1
3984,100,-0.660799,-0.131266,-0.091783,-0.328993,1,1
3978,100,-0.656681,-0.013597,0.067125,0.094002,1,1
3964,100,-0.741789,0.051360,0.108542,0.153339,1,1
3992,100,-0.649585,-0.088729,-0.054822,-0.336269,1,1
3960,100,-0.671381,0.084599,-0.015710,0.106257,1,1
3980,100,-0.617406,-0.027698,-0.045302,-0.352919,1,1